{
  "actions": [
    {
      "deltaUnits": -2,
      "reasonId": "X_EXIT_EV_DROP",
      "side": "LONG",
      "ticker": "1308"
    }
  ],
  "asOf": "2003-10-08",
  "checks": {
    "exposureOk": true,
    "lossLimitOk": true,
    "maxHoldingsOk": true,
    "noFutureLeakOk": true,
    "unitRuleOk": true
  },
  "mode": "BACKTEST",
  "policyVersion": "toredex.v8",
  "seasonId": "toredex_multiframe_20260318",
  "signals": {
    "buy": [
      {
        "frameSignals": {
          "effectiveRevRisk": 0.2768113594644207,
          "effectiveUpProb": 0.8492517006802721,
          "frameState": "BULLISH",
          "monthlyBoxMonths": 4.0,
          "monthlyBoxPos": 1.0,
          "monthlyBoxRangePct": 0.1686746987951807,
          "monthlyBoxState": "box_upper",
          "monthlyBoxWild": false,
          "monthlyBreakoutDownProb": 0.2768113594644207,
          "monthlyBreakoutUpProb": 0.8492517006802721,
          "monthlyRangePos": 1.0,
          "monthlyRangeProb": 0.1424954108627578,
          "monthlyRangeWidth": 0.22351797862001943,
          "monthlyRegimeAligned": null,
          "weeklyBreakoutDownProb": 0.27190403466637436,
          "weeklyBreakoutUpProb": 0.6162588733760518,
          "weeklyRangeProb": 0.32365051604266526,
          "weeklyRegimeAligned": null
        },
        "frameState": "BULLISH",
        "revRisk": 0.2768113594644207,
        "ticker": "1306",
        "upProb": 0.8492517006802721
      },
      {
        "frameSignals": {
          "effectiveRevRisk": 0.2757327427094869,
          "effectiveUpProb": 0.8393957115009747,
          "frameState": "BULLISH",
          "monthlyBoxMonths": 4.0,
          "monthlyBoxPos": 1.0,
          "monthlyBoxRangePct": 0.16593406593406593,
          "monthlyBoxState": "box_upper",
          "monthlyBoxWild": false,
          "monthlyBreakoutDownProb": 0.2748213125406108,
          "monthlyBreakoutUpProb": 0.8393957115009747,
          "monthlyRangePos": 1.0,
          "monthlyRangeProb": 0.15422352176738144,
          "monthlyRangeWidth": 0.22514619883040934,
          "monthlyRegimeAligned": null,
          "weeklyBreakoutDownProb": 0.2757327427094869,
          "weeklyBreakoutUpProb": 0.6171613141380583,
          "weeklyRangeProb": 0.32937246216315985,
          "weeklyRegimeAligned": null
        },
        "frameState": "BULLISH",
        "revRisk": 0.2757327427094869,
        "ticker": "1308",
        "upProb": 0.8393957115009747
      },
      {
        "frameSignals": {
          "effectiveRevRisk": 0.26319076522392576,
          "effectiveUpProb": 0.7873402301073189,
          "frameState": "BULLISH",
          "monthlyBoxMonths": 4.0,
          "monthlyBoxPos": 1.0,
          "monthlyBoxRangePct": 0.15884357480488073,
          "monthlyBoxState": "box_upper",
          "monthlyBoxWild": false,
          "monthlyBreakoutDownProb": 0.25315941001428777,
          "monthlyBreakoutUpProb": 0.7873402301073189,
          "monthlyRangePos": 1.0,
          "monthlyRangeProb": 0.2029880649285078,
          "monthlyRangeWidth": 0.24286957362467368,
          "monthlyRegimeAligned": null,
          "weeklyBreakoutDownProb": 0.26319076522392576,
          "weeklyBreakoutUpProb": 0.5563669438839753,
          "weeklyRangeProb": 0.3342897403582556,
          "weeklyRegimeAligned": null
        },
        "frameState": "BULLISH",
        "revRisk": 0.26319076522392576,
        "ticker": "1001",
        "upProb": 0.7873402301073189
      }
    ],
    "sell": [
      {
        "frameSignals": {
          "effectiveRevRisk": 0.2757327427094869,
          "effectiveUpProb": 0.8393957115009747,
          "frameState": "BULLISH",
          "monthlyBoxMonths": 4.0,
          "monthlyBoxPos": 1.0,
          "monthlyBoxRangePct": 0.16593406593406593,
          "monthlyBoxState": "box_upper",
          "monthlyBoxWild": false,
          "monthlyBreakoutDownProb": 0.2748213125406108,
          "monthlyBreakoutUpProb": 0.8393957115009747,
          "monthlyRangePos": 1.0,
          "monthlyRangeProb": 0.15422352176738144,
          "monthlyRangeWidth": 0.22514619883040934,
          "monthlyRegimeAligned": null,
          "weeklyBreakoutDownProb": 0.2757327427094869,
          "weeklyBreakoutUpProb": 0.6171613141380583,
          "weeklyRangeProb": 0.32937246216315985,
          "weeklyRegimeAligned": null
        },
        "frameState": "BULLISH",
        "revRisk": 0.2757327427094869,
        "ticker": "1308",
        "upProb": 0.8393957115009747
      },
      {
        "frameSignals": {
          "effectiveRevRisk": 0.26319076522392576,
          "effectiveUpProb": 0.7873402301073189,
          "frameState": "BULLISH",
          "monthlyBoxMonths": 4.0,
          "monthlyBoxPos": 1.0,
          "monthlyBoxRangePct": 0.15884357480488073,
          "monthlyBoxState": "box_upper",
          "monthlyBoxWild": false,
          "monthlyBreakoutDownProb": 0.25315941001428777,
          "monthlyBreakoutUpProb": 0.7873402301073189,
          "monthlyRangePos": 1.0,
          "monthlyRangeProb": 0.2029880649285078,
          "monthlyRangeWidth": 0.24286957362467368,
          "monthlyRegimeAligned": null,
          "weeklyBreakoutDownProb": 0.26319076522392576,
          "weeklyBreakoutUpProb": 0.5563669438839753,
          "weeklyRangeProb": 0.3342897403582556,
          "weeklyRegimeAligned": null
        },
        "frameState": "BULLISH",
        "revRisk": 0.26319076522392576,
        "ticker": "1001",
        "upProb": 0.7873402301073189
      },
      {
        "frameSignals": {
          "effectiveRevRisk": 0.2768113594644207,
          "effectiveUpProb": 0.8492517006802721,
          "frameState": "BULLISH",
          "monthlyBoxMonths": 4.0,
          "monthlyBoxPos": 1.0,
          "monthlyBoxRangePct": 0.1686746987951807,
          "monthlyBoxState": "box_upper",
          "monthlyBoxWild": false,
          "monthlyBreakoutDownProb": 0.2768113594644207,
          "monthlyBreakoutUpProb": 0.8492517006802721,
          "monthlyRangePos": 1.0,
          "monthlyRangeProb": 0.1424954108627578,
          "monthlyRangeWidth": 0.22351797862001943,
          "monthlyRegimeAligned": null,
          "weeklyBreakoutDownProb": 0.27190403466637436,
          "weeklyBreakoutUpProb": 0.6162588733760518,
          "weeklyRangeProb": 0.32365051604266526,
          "weeklyRegimeAligned": null
        },
        "frameState": "BULLISH",
        "revRisk": 0.2768113594644207,
        "ticker": "1306",
        "upProb": 0.8492517006802721
      }
    ]
  },
  "stage": {
    "goal20Reached": false,
    "goal30Reached": false,
    "stage2Active": false
  }
}