{
  "actions": [],
  "asOf": "2016-03-10",
  "checks": {
    "exposureOk": true,
    "lossLimitOk": true,
    "maxHoldingsOk": true,
    "noFutureLeakOk": true,
    "unitRuleOk": true
  },
  "mode": "BACKTEST",
  "policyVersion": "toredex.v8",
  "seasonId": "toredex_multiframe_20260318",
  "signals": {
    "buy": [
      {
        "frameSignals": {
          "effectiveRevRisk": 0.5749962249867957,
          "effectiveUpProb": 0.39597340068035175,
          "frameState": "BEARISH",
          "monthlyBoxMonths": 3.0,
          "monthlyBoxPos": 0.24279835390946503,
          "monthlyBoxRangePct": 0.18270676691729323,
          "monthlyBoxState": "box_lower",
          "monthlyBoxWild": false,
          "monthlyBreakoutDownProb": 0.5749962249867957,
          "monthlyBreakoutUpProb": 0.3242230291105071,
          "monthlyRangePos": 0.14175257731958762,
          "monthlyRangeProb": 0.42376545427211754,
          "monthlyRangeWidth": 0.22531939605110338,
          "monthlyRegimeAligned": null,
          "weeklyBreakoutDownProb": 0.4391937396634026,
          "weeklyBreakoutUpProb": 0.39597340068035175,
          "weeklyRangeProb": 0.5934693348564404,
          "weeklyRegimeAligned": null
        },
        "frameState": "BEARISH",
        "revRisk": 0.5749962249867957,
        "ticker": "1306",
        "upProb": 0.39597340068035175
      },
      {
        "frameSignals": {
          "effectiveRevRisk": 0.5747614644093517,
          "effectiveUpProb": 0.39659948881477414,
          "frameState": "BEARISH",
          "monthlyBoxMonths": 3.0,
          "monthlyBoxPos": 0.23553719008264462,
          "monthlyBoxRangePct": 0.1838905775075988,
          "monthlyBoxState": "box_lower",
          "monthlyBoxWild": false,
          "monthlyBreakoutDownProb": 0.5747614644093517,
          "monthlyBreakoutUpProb": 0.3229432825911699,
          "monthlyRangePos": 0.14025974025974025,
          "monthlyRangeProb": 0.42182553231849007,
          "monthlyRangeWidth": 0.22593896713615025,
          "monthlyRegimeAligned": null,
          "weeklyBreakoutDownProb": 0.4385310291570724,
          "weeklyBreakoutUpProb": 0.39659948881477414,
          "weeklyRangeProb": 0.5947364930047019,
          "weeklyRegimeAligned": null
        },
        "frameState": "BEARISH",
        "revRisk": 0.5747614644093517,
        "ticker": "1308",
        "upProb": 0.39659948881477414
      },
      {
        "frameSignals": {
          "effectiveRevRisk": 0.5658990373262744,
          "effectiveUpProb": 0.3932476701110519,
          "frameState": "BEARISH",
          "monthlyBoxMonths": 3.0,
          "monthlyBoxPos": 0.2991087344028521,
          "monthlyBoxRangePct": 0.17517017423343534,
          "monthlyBoxState": "box_mid",
          "monthlyBoxWild": false,
          "monthlyBreakoutDownProb": 0.5658990373262744,
          "monthlyBreakoutUpProb": 0.34272509567240306,
          "monthlyRangePos": 0.1811800833516122,
          "monthlyRangeProb": 0.45692213693625616,
          "monthlyRangeWidth": 0.2214719455914501,
          "monthlyRegimeAligned": null,
          "weeklyBreakoutDownProb": 0.4505281406038526,
          "weeklyBreakoutUpProb": 0.3932476701110519,
          "weeklyRangeProb": 0.5844961449296429,
          "weeklyRegimeAligned": null
        },
        "frameState": "BEARISH",
        "revRisk": 0.5658990373262744,
        "ticker": "1001",
        "upProb": 0.3932476701110519
      }
    ],
    "sell": [
      {
        "frameSignals": {
          "effectiveRevRisk": 0.5658990373262744,
          "effectiveUpProb": 0.4505281406038526,
          "frameState": "BEARISH",
          "monthlyBoxMonths": 3.0,
          "monthlyBoxPos": 0.2991087344028521,
          "monthlyBoxRangePct": 0.17517017423343534,
          "monthlyBoxState": "box_mid",
          "monthlyBoxWild": false,
          "monthlyBreakoutDownProb": 0.5658990373262744,
          "monthlyBreakoutUpProb": 0.34272509567240306,
          "monthlyRangePos": 0.1811800833516122,
          "monthlyRangeProb": 0.45692213693625616,
          "monthlyRangeWidth": 0.2214719455914501,
          "monthlyRegimeAligned": null,
          "weeklyBreakoutDownProb": 0.4505281406038526,
          "weeklyBreakoutUpProb": 0.3932476701110519,
          "weeklyRangeProb": 0.5844961449296429,
          "weeklyRegimeAligned": null
        },
        "frameState": "BEARISH",
        "revRisk": 0.5658990373262744,
        "ticker": "1001",
        "upProb": 0.4505281406038526
      },
      {
        "frameSignals": {
          "effectiveRevRisk": 0.5747614644093517,
          "effectiveUpProb": 0.4385310291570724,
          "frameState": "BEARISH",
          "monthlyBoxMonths": 3.0,
          "monthlyBoxPos": 0.23553719008264462,
          "monthlyBoxRangePct": 0.1838905775075988,
          "monthlyBoxState": "box_lower",
          "monthlyBoxWild": false,
          "monthlyBreakoutDownProb": 0.5747614644093517,
          "monthlyBreakoutUpProb": 0.3229432825911699,
          "monthlyRangePos": 0.14025974025974025,
          "monthlyRangeProb": 0.42182553231849007,
          "monthlyRangeWidth": 0.22593896713615025,
          "monthlyRegimeAligned": null,
          "weeklyBreakoutDownProb": 0.4385310291570724,
          "weeklyBreakoutUpProb": 0.39659948881477414,
          "weeklyRangeProb": 0.5947364930047019,
          "weeklyRegimeAligned": null
        },
        "frameState": "BEARISH",
        "revRisk": 0.5747614644093517,
        "ticker": "1308",
        "upProb": 0.4385310291570724
      },
      {
        "frameSignals": {
          "effectiveRevRisk": 0.5749962249867957,
          "effectiveUpProb": 0.4391937396634026,
          "frameState": "BEARISH",
          "monthlyBoxMonths": 3.0,
          "monthlyBoxPos": 0.24279835390946503,
          "monthlyBoxRangePct": 0.18270676691729323,
          "monthlyBoxState": "box_lower",
          "monthlyBoxWild": false,
          "monthlyBreakoutDownProb": 0.5749962249867957,
          "monthlyBreakoutUpProb": 0.3242230291105071,
          "monthlyRangePos": 0.14175257731958762,
          "monthlyRangeProb": 0.42376545427211754,
          "monthlyRangeWidth": 0.22531939605110338,
          "monthlyRegimeAligned": null,
          "weeklyBreakoutDownProb": 0.4391937396634026,
          "weeklyBreakoutUpProb": 0.39597340068035175,
          "weeklyRangeProb": 0.5934693348564404,
          "weeklyRegimeAligned": null
        },
        "frameState": "BEARISH",
        "revRisk": 0.5749962249867957,
        "ticker": "1306",
        "upProb": 0.4391937396634026
      }
    ]
  },
  "stage": {
    "goal20Reached": false,
    "goal30Reached": false,
    "stage2Active": false
  }
}