{
  "actions": [],
  "asOf": "2018-03-29",
  "checks": {
    "exposureOk": true,
    "lossLimitOk": true,
    "maxHoldingsOk": true,
    "noFutureLeakOk": true,
    "unitRuleOk": true
  },
  "mode": "BACKTEST",
  "policyVersion": "toredex.v8",
  "seasonId": "toredex_multiframe_20260318",
  "signals": {
    "buy": [
      {
        "frameSignals": {
          "effectiveRevRisk": 0.8203354799566316,
          "effectiveUpProb": 0.558178650167129,
          "frameState": "BEARISH",
          "monthlyBoxMonths": 10.0,
          "monthlyBoxPos": 0.5161290322580645,
          "monthlyBoxRangePct": 0.17158671586715868,
          "monthlyBoxState": "box_mid",
          "monthlyBoxWild": false,
          "monthlyBreakoutDownProb": 0.46934072967783236,
          "monthlyBreakoutUpProb": 0.558178650167129,
          "monthlyRangePos": 0.6269113149847095,
          "monthlyRangeProb": 0.6615144403281805,
          "monthlyRangeWidth": 0.17283298097251584,
          "monthlyRegimeAligned": null,
          "weeklyBreakoutDownProb": 0.8203354799566316,
          "weeklyBreakoutUpProb": 0.43557384545038874,
          "weeklyRangeProb": 0.37572255205276045,
          "weeklyRegimeAligned": null
        },
        "frameState": "BEARISH",
        "revRisk": 0.8203354799566316,
        "ticker": "1306",
        "upProb": 0.558178650167129
      },
      {
        "frameSignals": {
          "effectiveRevRisk": 0.8182319993351735,
          "effectiveUpProb": 0.559691001658259,
          "frameState": "BEARISH",
          "monthlyBoxMonths": 11.0,
          "monthlyBoxPos": 0.5732484076433121,
          "monthlyBoxRangePct": 0.19961856325492688,
          "monthlyBoxState": "box_mid",
          "monthlyBoxWild": false,
          "monthlyBreakoutDownProb": 0.4713732446489132,
          "monthlyBreakoutUpProb": 0.559691001658259,
          "monthlyRangePos": 0.6261682242990654,
          "monthlyRangeProb": 0.6641292976267106,
          "monthlyRangeWidth": 0.17138280832888414,
          "monthlyRegimeAligned": null,
          "weeklyBreakoutDownProb": 0.8182319993351735,
          "weeklyBreakoutUpProb": 0.4345643775586693,
          "weeklyRangeProb": 0.3789055954633192,
          "weeklyRegimeAligned": null
        },
        "frameState": "BEARISH",
        "revRisk": 0.8182319993351735,
        "ticker": "1308",
        "upProb": 0.559691001658259
      },
      {
        "frameSignals": {
          "effectiveRevRisk": 0.8131967329210141,
          "effectiveUpProb": 0.5163329580148244,
          "frameState": "BEARISH",
          "monthlyBoxMonths": 10.0,
          "monthlyBoxPos": 0.41680440771349864,
          "monthlyBoxRangePct": 0.18477043673012317,
          "monthlyBoxState": "box_mid",
          "monthlyBoxWild": false,
          "monthlyBreakoutDownProb": 0.49034823612415834,
          "monthlyBreakoutUpProb": 0.5163329580148244,
          "monthlyRangePos": 0.5371210312723801,
          "monthlyRangeProb": 0.7120541655550965,
          "monthlyRangeWidth": 0.1813576933067798,
          "monthlyRegimeAligned": null,
          "weeklyBreakoutDownProb": 0.8131967329210141,
          "weeklyBreakoutUpProb": 0.4151387022102748,
          "weeklyRangeProb": 0.3574802763613435,
          "weeklyRegimeAligned": null
        },
        "frameState": "BEARISH",
        "revRisk": 0.8131967329210141,
        "ticker": "1001",
        "upProb": 0.5163329580148244
      }
    ],
    "sell": [
      {
        "frameSignals": {
          "effectiveRevRisk": 0.8182319993351735,
          "effectiveUpProb": 0.8182319993351735,
          "frameState": "BEARISH",
          "monthlyBoxMonths": 11.0,
          "monthlyBoxPos": 0.5732484076433121,
          "monthlyBoxRangePct": 0.19961856325492688,
          "monthlyBoxState": "box_mid",
          "monthlyBoxWild": false,
          "monthlyBreakoutDownProb": 0.4713732446489132,
          "monthlyBreakoutUpProb": 0.559691001658259,
          "monthlyRangePos": 0.6261682242990654,
          "monthlyRangeProb": 0.6641292976267106,
          "monthlyRangeWidth": 0.17138280832888414,
          "monthlyRegimeAligned": null,
          "weeklyBreakoutDownProb": 0.8182319993351735,
          "weeklyBreakoutUpProb": 0.4345643775586693,
          "weeklyRangeProb": 0.3789055954633192,
          "weeklyRegimeAligned": null
        },
        "frameState": "BEARISH",
        "revRisk": 0.8182319993351735,
        "ticker": "1308",
        "upProb": 0.8182319993351735
      },
      {
        "frameSignals": {
          "effectiveRevRisk": 0.8203354799566316,
          "effectiveUpProb": 0.8203354799566316,
          "frameState": "BEARISH",
          "monthlyBoxMonths": 10.0,
          "monthlyBoxPos": 0.5161290322580645,
          "monthlyBoxRangePct": 0.17158671586715868,
          "monthlyBoxState": "box_mid",
          "monthlyBoxWild": false,
          "monthlyBreakoutDownProb": 0.46934072967783236,
          "monthlyBreakoutUpProb": 0.558178650167129,
          "monthlyRangePos": 0.6269113149847095,
          "monthlyRangeProb": 0.6615144403281805,
          "monthlyRangeWidth": 0.17283298097251584,
          "monthlyRegimeAligned": null,
          "weeklyBreakoutDownProb": 0.8203354799566316,
          "weeklyBreakoutUpProb": 0.43557384545038874,
          "weeklyRangeProb": 0.37572255205276045,
          "weeklyRegimeAligned": null
        },
        "frameState": "BEARISH",
        "revRisk": 0.8203354799566316,
        "ticker": "1306",
        "upProb": 0.8203354799566316
      },
      {
        "frameSignals": {
          "effectiveRevRisk": 0.8131967329210141,
          "effectiveUpProb": 0.8131967329210141,
          "frameState": "BEARISH",
          "monthlyBoxMonths": 10.0,
          "monthlyBoxPos": 0.41680440771349864,
          "monthlyBoxRangePct": 0.18477043673012317,
          "monthlyBoxState": "box_mid",
          "monthlyBoxWild": false,
          "monthlyBreakoutDownProb": 0.49034823612415834,
          "monthlyBreakoutUpProb": 0.5163329580148244,
          "monthlyRangePos": 0.5371210312723801,
          "monthlyRangeProb": 0.7120541655550965,
          "monthlyRangeWidth": 0.1813576933067798,
          "monthlyRegimeAligned": null,
          "weeklyBreakoutDownProb": 0.8131967329210141,
          "weeklyBreakoutUpProb": 0.4151387022102748,
          "weeklyRangeProb": 0.3574802763613435,
          "weeklyRegimeAligned": null
        },
        "frameState": "BEARISH",
        "revRisk": 0.8131967329210141,
        "ticker": "1001",
        "upProb": 0.8131967329210141
      }
    ]
  },
  "stage": {
    "goal20Reached": false,
    "goal30Reached": false,
    "stage2Active": false
  }
}