{
  "asOf": "2026-01-28",
  "cash": 7752445.857203,
  "cum_pnl": 3560855.023167,
  "cum_return_pct": 35.60855,
  "daily_pnl": 1014360.614672,
  "equity": 13560855.023167,
  "game_over": false,
  "goal20_reached": true,
  "goal30_reached": true,
  "holdings_count": 2,
  "max_drawdown_pct": -4.23932,
  "season_id": "tradex_demo_202601_v5"
}