{
  "actions": [
    {
      "deltaUnits": 2,
      "reasonId": "E_NEW_TOPK_GATE_OK",
      "side": "LONG",
      "ticker": "1306"
    }
  ],
  "asOf": "2021-05-06",
  "checks": {
    "exposureOk": true,
    "lossLimitOk": true,
    "maxHoldingsOk": true,
    "noFutureLeakOk": true,
    "unitRuleOk": true
  },
  "mode": "BACKTEST",
  "policyVersion": "toredex.v8",
  "seasonId": "toredex_multiframe_20260318",
  "signals": {
    "buy": [
      {
        "frameSignals": {
          "effectiveRevRisk": 0.5383193731355874,
          "effectiveUpProb": 0.7383528685996298,
          "frameState": "BULLISH",
          "monthlyBoxMonths": 6.0,
          "monthlyBoxPos": 0.9609513667021654,
          "monthlyBoxRangePct": 0.10580679086538461,
          "monthlyBoxState": "box_upper",
          "monthlyBoxWild": false,
          "monthlyBreakoutDownProb": 0.23717679225596153,
          "monthlyBreakoutUpProb": 0.7383528685996298,
          "monthlyRangePos": 1.0,
          "monthlyRangeProb": 0.2540814616796521,
          "monthlyRangeWidth": 0.25594626088148603,
          "monthlyRegimeAligned": null,
          "weeklyBreakoutDownProb": 0.5383193731355874,
          "weeklyBreakoutUpProb": 0.6376507252901195,
          "weeklyRangeProb": 0.7387418878242948,
          "weeklyRegimeAligned": null
        },
        "frameState": "BULLISH",
        "revRisk": 0.5383193731355874,
        "ticker": "1001",
        "upProb": 0.7383528685996298
      },
      {
        "frameSignals": {
          "effectiveRevRisk": 0.5469500928135773,
          "effectiveUpProb": 0.6113500928135773,
          "frameState": "MIXED",
          "monthlyBoxMonths": 6.0,
          "monthlyBoxPos": 0.8075313807531381,
          "monthlyBoxRangePct": 0.13052976515565265,
          "monthlyBoxState": "box_upper",
          "monthlyBoxWild": false,
          "monthlyBreakoutDownProb": 0.26544700531284643,
          "monthlyBreakoutUpProb": 0.5770156327638267,
          "monthlyRangePos": 0.9450980392156862,
          "monthlyRangeProb": 0.32943202232159924,
          "monthlyRangeWidth": 0.24853801169590642,
          "monthlyRegimeAligned": null,
          "weeklyBreakoutDownProb": 0.5469500928135773,
          "weeklyBreakoutUpProb": 0.6113500928135773,
          "weeklyRangeProb": 0.7632319278705915,
          "weeklyRegimeAligned": null
        },
        "frameState": "MIXED",
        "revRisk": 0.5469500928135773,
        "ticker": "1306",
        "upProb": 0.6113500928135773
      },
      {
        "frameSignals": {
          "effectiveRevRisk": 0.5543508485012492,
          "effectiveUpProb": 0.605570360696371,
          "frameState": "MIXED",
          "monthlyBoxMonths": 6.0,
          "monthlyBoxPos": 0.811965811965812,
          "monthlyBoxRangePct": 0.12921038100496962,
          "monthlyBoxState": "box_upper",
          "monthlyBoxWild": false,
          "monthlyBreakoutDownProb": 0.2649632899161854,
          "monthlyBreakoutUpProb": 0.57362470723902,
          "monthlyRangePos": 0.9409448818897638,
          "monthlyRangeProb": 0.33004967190524126,
          "monthlyRangeWidth": 0.25012309207287053,
          "monthlyRegimeAligned": null,
          "weeklyBreakoutDownProb": 0.5543508485012492,
          "weeklyBreakoutUpProb": 0.605570360696371,
          "weeklyRangeProb": 0.7773702932398354,
          "weeklyRegimeAligned": null
        },
        "frameState": "MIXED",
        "revRisk": 0.5543508485012492,
        "ticker": "1308",
        "upProb": 0.605570360696371
      }
    ],
    "sell": [
      {
        "frameSignals": {
          "effectiveRevRisk": 0.5543508485012492,
          "effectiveUpProb": 0.605570360696371,
          "frameState": "MIXED",
          "monthlyBoxMonths": 6.0,
          "monthlyBoxPos": 0.811965811965812,
          "monthlyBoxRangePct": 0.12921038100496962,
          "monthlyBoxState": "box_upper",
          "monthlyBoxWild": false,
          "monthlyBreakoutDownProb": 0.2649632899161854,
          "monthlyBreakoutUpProb": 0.57362470723902,
          "monthlyRangePos": 0.9409448818897638,
          "monthlyRangeProb": 0.33004967190524126,
          "monthlyRangeWidth": 0.25012309207287053,
          "monthlyRegimeAligned": null,
          "weeklyBreakoutDownProb": 0.5543508485012492,
          "weeklyBreakoutUpProb": 0.605570360696371,
          "weeklyRangeProb": 0.7773702932398354,
          "weeklyRegimeAligned": null
        },
        "frameState": "MIXED",
        "revRisk": 0.5543508485012492,
        "ticker": "1308",
        "upProb": 0.605570360696371
      },
      {
        "frameSignals": {
          "effectiveRevRisk": 0.5469500928135773,
          "effectiveUpProb": 0.6113500928135773,
          "frameState": "MIXED",
          "monthlyBoxMonths": 6.0,
          "monthlyBoxPos": 0.8075313807531381,
          "monthlyBoxRangePct": 0.13052976515565265,
          "monthlyBoxState": "box_upper",
          "monthlyBoxWild": false,
          "monthlyBreakoutDownProb": 0.26544700531284643,
          "monthlyBreakoutUpProb": 0.5770156327638267,
          "monthlyRangePos": 0.9450980392156862,
          "monthlyRangeProb": 0.32943202232159924,
          "monthlyRangeWidth": 0.24853801169590642,
          "monthlyRegimeAligned": null,
          "weeklyBreakoutDownProb": 0.5469500928135773,
          "weeklyBreakoutUpProb": 0.6113500928135773,
          "weeklyRangeProb": 0.7632319278705915,
          "weeklyRegimeAligned": null
        },
        "frameState": "MIXED",
        "revRisk": 0.5469500928135773,
        "ticker": "1306",
        "upProb": 0.6113500928135773
      },
      {
        "frameSignals": {
          "effectiveRevRisk": 0.5383193731355874,
          "effectiveUpProb": 0.7383528685996298,
          "frameState": "BULLISH",
          "monthlyBoxMonths": 6.0,
          "monthlyBoxPos": 0.9609513667021654,
          "monthlyBoxRangePct": 0.10580679086538461,
          "monthlyBoxState": "box_upper",
          "monthlyBoxWild": false,
          "monthlyBreakoutDownProb": 0.23717679225596153,
          "monthlyBreakoutUpProb": 0.7383528685996298,
          "monthlyRangePos": 1.0,
          "monthlyRangeProb": 0.2540814616796521,
          "monthlyRangeWidth": 0.25594626088148603,
          "monthlyRegimeAligned": null,
          "weeklyBreakoutDownProb": 0.5383193731355874,
          "weeklyBreakoutUpProb": 0.6376507252901195,
          "weeklyRangeProb": 0.7387418878242948,
          "weeklyRegimeAligned": null
        },
        "frameState": "BULLISH",
        "revRisk": 0.5383193731355874,
        "ticker": "1001",
        "upProb": 0.7383528685996298
      }
    ]
  },
  "stage": {
    "goal20Reached": false,
    "goal30Reached": false,
    "stage2Active": false
  }
}