{
  "actions": [],
  "asOf": "2024-06-26",
  "checks": {
    "exposureOk": true,
    "lossLimitOk": true,
    "maxHoldingsOk": true,
    "noFutureLeakOk": true,
    "unitRuleOk": true
  },
  "mode": "BACKTEST",
  "policyVersion": "toredex.v8",
  "seasonId": "toredex_multiframe_20260318",
  "signals": {
    "buy": [
      {
        "frameSignals": {
          "effectiveRevRisk": 0.5138065955266172,
          "effectiveUpProb": 0.7526199516741456,
          "frameState": "BULLISH",
          "monthlyBoxMonths": 5.0,
          "monthlyBoxPos": 1.0,
          "monthlyBoxRangePct": 0.1173098968284295,
          "monthlyBoxState": "box_upper",
          "monthlyBoxWild": false,
          "monthlyBreakoutDownProb": 0.30952134391899666,
          "monthlyBreakoutUpProb": 0.7526199516741456,
          "monthlyRangePos": 1.0,
          "monthlyRangeProb": 0.31919802094120353,
          "monthlyRangeWidth": 0.19675526406627547,
          "monthlyRegimeAligned": null,
          "weeklyBreakoutDownProb": 0.5138065955266172,
          "weeklyBreakoutUpProb": 0.6967890516669681,
          "weeklyRangeProb": 0.6755513353831313,
          "weeklyRegimeAligned": null
        },
        "frameState": "BULLISH",
        "revRisk": 0.5138065955266172,
        "ticker": "1308",
        "upProb": 0.7526199516741456
      },
      {
        "frameSignals": {
          "effectiveRevRisk": 0.5131725336810083,
          "effectiveUpProb": 0.731864406779661,
          "frameState": "BULLISH",
          "monthlyBoxMonths": 5.0,
          "monthlyBoxPos": 1.0,
          "monthlyBoxRangePct": 0.11719192300434045,
          "monthlyBoxState": "box_upper",
          "monthlyBoxWild": false,
          "monthlyBreakoutDownProb": 0.304105461393597,
          "monthlyBreakoutUpProb": 0.731864406779661,
          "monthlyRangePos": 1.0,
          "monthlyRangeProb": 0.3424482109227872,
          "monthlyRangeWidth": 0.2011864406779661,
          "monthlyRegimeAligned": null,
          "weeklyBreakoutDownProb": 0.5131725336810083,
          "weeklyBreakoutUpProb": 0.6944545849630596,
          "weeklyRangeProb": 0.6754976097348979,
          "weeklyRegimeAligned": null
        },
        "frameState": "BULLISH",
        "revRisk": 0.5131725336810083,
        "ticker": "1306",
        "upProb": 0.731864406779661
      },
      {
        "frameSignals": {
          "effectiveRevRisk": 0.5782093654301796,
          "effectiveUpProb": 0.5890127480940275,
          "frameState": "MIXED",
          "monthlyBoxMonths": 5.0,
          "monthlyBoxPos": 0.7889176369124623,
          "monthlyBoxRangePct": 0.12880471006443012,
          "monthlyBoxState": "box_upper",
          "monthlyBoxWild": false,
          "monthlyBreakoutDownProb": 0.28787576458998126,
          "monthlyBreakoutUpProb": 0.5862092731590065,
          "monthlyRangePos": 0.926190726527179,
          "monthlyRangeProb": 0.36135310464628567,
          "monthlyRangeWidth": 0.23560157546632318,
          "monthlyRegimeAligned": null,
          "weeklyBreakoutDownProb": 0.5782093654301796,
          "weeklyBreakoutUpProb": 0.5890127480940275,
          "weeklyRangeProb": 0.8221005935095473,
          "weeklyRegimeAligned": null
        },
        "frameState": "MIXED",
        "revRisk": 0.5782093654301796,
        "ticker": "1001",
        "upProb": 0.5890127480940275
      }
    ],
    "sell": [
      {
        "frameSignals": {
          "effectiveRevRisk": 0.5782093654301796,
          "effectiveUpProb": 0.5890127480940275,
          "frameState": "MIXED",
          "monthlyBoxMonths": 5.0,
          "monthlyBoxPos": 0.7889176369124623,
          "monthlyBoxRangePct": 0.12880471006443012,
          "monthlyBoxState": "box_upper",
          "monthlyBoxWild": false,
          "monthlyBreakoutDownProb": 0.28787576458998126,
          "monthlyBreakoutUpProb": 0.5862092731590065,
          "monthlyRangePos": 0.926190726527179,
          "monthlyRangeProb": 0.36135310464628567,
          "monthlyRangeWidth": 0.23560157546632318,
          "monthlyRegimeAligned": null,
          "weeklyBreakoutDownProb": 0.5782093654301796,
          "weeklyBreakoutUpProb": 0.5890127480940275,
          "weeklyRangeProb": 0.8221005935095473,
          "weeklyRegimeAligned": null
        },
        "frameState": "MIXED",
        "revRisk": 0.5782093654301796,
        "ticker": "1001",
        "upProb": 0.5890127480940275
      },
      {
        "frameSignals": {
          "effectiveRevRisk": 0.5131725336810083,
          "effectiveUpProb": 0.731864406779661,
          "frameState": "BULLISH",
          "monthlyBoxMonths": 5.0,
          "monthlyBoxPos": 1.0,
          "monthlyBoxRangePct": 0.11719192300434045,
          "monthlyBoxState": "box_upper",
          "monthlyBoxWild": false,
          "monthlyBreakoutDownProb": 0.304105461393597,
          "monthlyBreakoutUpProb": 0.731864406779661,
          "monthlyRangePos": 1.0,
          "monthlyRangeProb": 0.3424482109227872,
          "monthlyRangeWidth": 0.2011864406779661,
          "monthlyRegimeAligned": null,
          "weeklyBreakoutDownProb": 0.5131725336810083,
          "weeklyBreakoutUpProb": 0.6944545849630596,
          "weeklyRangeProb": 0.6754976097348979,
          "weeklyRegimeAligned": null
        },
        "frameState": "BULLISH",
        "revRisk": 0.5131725336810083,
        "ticker": "1306",
        "upProb": 0.731864406779661
      },
      {
        "frameSignals": {
          "effectiveRevRisk": 0.5138065955266172,
          "effectiveUpProb": 0.7526199516741456,
          "frameState": "BULLISH",
          "monthlyBoxMonths": 5.0,
          "monthlyBoxPos": 1.0,
          "monthlyBoxRangePct": 0.1173098968284295,
          "monthlyBoxState": "box_upper",
          "monthlyBoxWild": false,
          "monthlyBreakoutDownProb": 0.30952134391899666,
          "monthlyBreakoutUpProb": 0.7526199516741456,
          "monthlyRangePos": 1.0,
          "monthlyRangeProb": 0.31919802094120353,
          "monthlyRangeWidth": 0.19675526406627547,
          "monthlyRegimeAligned": null,
          "weeklyBreakoutDownProb": 0.5138065955266172,
          "weeklyBreakoutUpProb": 0.6967890516669681,
          "weeklyRangeProb": 0.6755513353831313,
          "weeklyRegimeAligned": null
        },
        "frameState": "BULLISH",
        "revRisk": 0.5138065955266172,
        "ticker": "1308",
        "upProb": 0.7526199516741456
      }
    ]
  },
  "stage": {
    "goal20Reached": false,
    "goal30Reached": false,
    "stage2Active": false
  }
}