{
  "actions": [
    {
      "deltaUnits": 2,
      "reasonId": "E_NEW_TOP1_GATE_OK",
      "side": "LONG",
      "ticker": "1001"
    }
  ],
  "asOf": "2011-03-08",
  "checks": {
    "exposureOk": true,
    "lossLimitOk": true,
    "maxHoldingsOk": true,
    "noFutureLeakOk": true,
    "unitRuleOk": true
  },
  "mode": "BACKTEST",
  "policyVersion": "toredex.v8",
  "seasonId": "toredex_multiframe_20260318",
  "signals": {
    "buy": [
      {
        "frameSignals": {
          "effectiveRevRisk": 0.39692104165323155,
          "effectiveUpProb": 0.6833234806776218,
          "frameState": "BULLISH",
          "monthlyBoxMonths": 6.0,
          "monthlyBoxPos": 0.9,
          "monthlyBoxRangePct": 0.1647392537639101,
          "monthlyBoxState": "box_upper",
          "monthlyBoxWild": false,
          "monthlyBreakoutDownProb": 0.38750552075451344,
          "monthlyBreakoutUpProb": 0.563200884992924,
          "monthlyRangePos": 0.7509933774834437,
          "monthlyRangeProb": 0.5292675118850751,
          "monthlyRangeWidth": 0.20425647037604833,
          "monthlyRegimeAligned": null,
          "weeklyBreakoutDownProb": 0.39692104165323155,
          "weeklyBreakoutUpProb": 0.6833234806776218,
          "weeklyRangeProb": 0.49510568780747766,
          "weeklyRegimeAligned": null
        },
        "frameState": "BULLISH",
        "revRisk": 0.39692104165323155,
        "ticker": "1001",
        "upProb": 0.6833234806776218
      },
      {
        "frameSignals": {
          "effectiveRevRisk": 0.4021633329072408,
          "effectiveUpProb": 0.647866900431003,
          "frameState": "BULLISH",
          "monthlyBoxMonths": 6.0,
          "monthlyBoxPos": 0.9072847682119205,
          "monthlyBoxRangePct": 0.18437118437118438,
          "monthlyBoxState": "box_upper",
          "monthlyBoxWild": false,
          "monthlyBreakoutDownProb": 0.4021633329072408,
          "monthlyBreakoutUpProb": 0.5657311721032207,
          "monthlyRangePos": 0.7336683417085427,
          "monthlyRangeProb": 0.5515516410374746,
          "monthlyRangeWidth": 0.19722497522299307,
          "monthlyRegimeAligned": null,
          "weeklyBreakoutDownProb": 0.38484914895171307,
          "weeklyBreakoutUpProb": 0.647866900431003,
          "weeklyRangeProb": 0.49040536861049683,
          "weeklyRegimeAligned": null
        },
        "frameState": "BULLISH",
        "revRisk": 0.4021633329072408,
        "ticker": "1306",
        "upProb": 0.647866900431003
      },
      {
        "frameSignals": {
          "effectiveRevRisk": 0.40349121189160875,
          "effectiveUpProb": 0.6559659590018201,
          "frameState": "BULLISH",
          "monthlyBoxMonths": 6.0,
          "monthlyBoxPos": 0.88,
          "monthlyBoxRangePct": 0.1865671641791045,
          "monthlyBoxState": "box_upper",
          "monthlyBoxWild": false,
          "monthlyBreakoutDownProb": 0.40349121189160875,
          "monthlyBreakoutUpProb": 0.56851711862736,
          "monthlyRangePos": 0.7357512953367875,
          "monthlyRangeProb": 0.5525244703890939,
          "monthlyRangeWidth": 0.1955420466058764,
          "monthlyRegimeAligned": null,
          "weeklyBreakoutDownProb": 0.3832665724987527,
          "weeklyBreakoutUpProb": 0.6559659590018201,
          "weeklyRangeProb": 0.4845743821109073,
          "weeklyRegimeAligned": null
        },
        "frameState": "BULLISH",
        "revRisk": 0.40349121189160875,
        "ticker": "1308",
        "upProb": 0.6559659590018201
      }
    ],
    "sell": [
      {
        "frameSignals": {
          "effectiveRevRisk": 0.40349121189160875,
          "effectiveUpProb": 0.6559659590018201,
          "frameState": "BULLISH",
          "monthlyBoxMonths": 6.0,
          "monthlyBoxPos": 0.88,
          "monthlyBoxRangePct": 0.1865671641791045,
          "monthlyBoxState": "box_upper",
          "monthlyBoxWild": false,
          "monthlyBreakoutDownProb": 0.40349121189160875,
          "monthlyBreakoutUpProb": 0.56851711862736,
          "monthlyRangePos": 0.7357512953367875,
          "monthlyRangeProb": 0.5525244703890939,
          "monthlyRangeWidth": 0.1955420466058764,
          "monthlyRegimeAligned": null,
          "weeklyBreakoutDownProb": 0.3832665724987527,
          "weeklyBreakoutUpProb": 0.6559659590018201,
          "weeklyRangeProb": 0.4845743821109073,
          "weeklyRegimeAligned": null
        },
        "frameState": "BULLISH",
        "revRisk": 0.40349121189160875,
        "ticker": "1308",
        "upProb": 0.6559659590018201
      },
      {
        "frameSignals": {
          "effectiveRevRisk": 0.39692104165323155,
          "effectiveUpProb": 0.6833234806776218,
          "frameState": "BULLISH",
          "monthlyBoxMonths": 6.0,
          "monthlyBoxPos": 0.9,
          "monthlyBoxRangePct": 0.1647392537639101,
          "monthlyBoxState": "box_upper",
          "monthlyBoxWild": false,
          "monthlyBreakoutDownProb": 0.38750552075451344,
          "monthlyBreakoutUpProb": 0.563200884992924,
          "monthlyRangePos": 0.7509933774834437,
          "monthlyRangeProb": 0.5292675118850751,
          "monthlyRangeWidth": 0.20425647037604833,
          "monthlyRegimeAligned": null,
          "weeklyBreakoutDownProb": 0.39692104165323155,
          "weeklyBreakoutUpProb": 0.6833234806776218,
          "weeklyRangeProb": 0.49510568780747766,
          "weeklyRegimeAligned": null
        },
        "frameState": "BULLISH",
        "revRisk": 0.39692104165323155,
        "ticker": "1001",
        "upProb": 0.6833234806776218
      },
      {
        "frameSignals": {
          "effectiveRevRisk": 0.4021633329072408,
          "effectiveUpProb": 0.647866900431003,
          "frameState": "BULLISH",
          "monthlyBoxMonths": 6.0,
          "monthlyBoxPos": 0.9072847682119205,
          "monthlyBoxRangePct": 0.18437118437118438,
          "monthlyBoxState": "box_upper",
          "monthlyBoxWild": false,
          "monthlyBreakoutDownProb": 0.4021633329072408,
          "monthlyBreakoutUpProb": 0.5657311721032207,
          "monthlyRangePos": 0.7336683417085427,
          "monthlyRangeProb": 0.5515516410374746,
          "monthlyRangeWidth": 0.19722497522299307,
          "monthlyRegimeAligned": null,
          "weeklyBreakoutDownProb": 0.38484914895171307,
          "weeklyBreakoutUpProb": 0.647866900431003,
          "weeklyRangeProb": 0.49040536861049683,
          "weeklyRegimeAligned": null
        },
        "frameState": "BULLISH",
        "revRisk": 0.4021633329072408,
        "ticker": "1306",
        "upProb": 0.647866900431003
      }
    ]
  },
  "stage": {
    "goal20Reached": false,
    "goal30Reached": false,
    "stage2Active": false
  }
}