{
  "actions": [],
  "asOf": "2005-09-20",
  "checks": {
    "exposureOk": true,
    "lossLimitOk": true,
    "maxHoldingsOk": true,
    "noFutureLeakOk": true,
    "unitRuleOk": true
  },
  "mode": "BACKTEST",
  "policyVersion": "toredex.v8",
  "seasonId": "toredex_multiframe_20260318",
  "signals": {
    "buy": [
      {
        "frameSignals": {
          "effectiveRevRisk": 0.4019375857338821,
          "effectiveUpProb": 0.9505882352941176,
          "frameState": "BULLISH",
          "monthlyBoxMonths": 9.0,
          "monthlyBoxPos": 1.0,
          "monthlyBoxRangePct": 0.19420035149384884,
          "monthlyBoxState": "box_upper",
          "monthlyBoxWild": false,
          "monthlyBreakoutDownProb": 0.37169934640522884,
          "monthlyBreakoutUpProb": 0.9505882352941176,
          "monthlyRangePos": 1.0,
          "monthlyRangeProb": 0.10986928104575161,
          "monthlyRangeWidth": 0.14588235294117646,
          "monthlyRegimeAligned": null,
          "weeklyBreakoutDownProb": 0.4019375857338821,
          "weeklyBreakoutUpProb": 0.811820987654321,
          "weeklyRangeProb": 0.3438443072702333,
          "weeklyRegimeAligned": null
        },
        "frameState": "BULLISH",
        "revRisk": 0.4019375857338821,
        "ticker": "1306",
        "upProb": 0.9505882352941176
      },
      {
        "frameSignals": {
          "effectiveRevRisk": 0.4097760551248924,
          "effectiveUpProb": 0.9399528672427337,
          "frameState": "BULLISH",
          "monthlyBoxMonths": 9.0,
          "monthlyBoxPos": 1.0,
          "monthlyBoxRangePct": 0.18476357267950963,
          "monthlyBoxState": "box_upper",
          "monthlyBoxWild": false,
          "monthlyBreakoutDownProb": 0.36565854935847086,
          "monthlyBreakoutUpProb": 0.9399528672427337,
          "monthlyRangePos": 1.0,
          "monthlyRangeProb": 0.11792354019376805,
          "monthlyRangeWidth": 0.15082482325216026,
          "monthlyRegimeAligned": null,
          "weeklyBreakoutDownProb": 0.4097760551248924,
          "weeklyBreakoutUpProb": 0.8285271317829457,
          "weeklyRangeProb": 0.32924203273040487,
          "weeklyRegimeAligned": null
        },
        "frameState": "BULLISH",
        "revRisk": 0.4097760551248924,
        "ticker": "1308",
        "upProb": 0.9399528672427337
      },
      {
        "frameSignals": {
          "effectiveRevRisk": 0.38832362129308884,
          "effectiveUpProb": 0.9272424071537904,
          "frameState": "BULLISH",
          "monthlyBoxMonths": 4.0,
          "monthlyBoxPos": 1.0,
          "monthlyBoxRangePct": 0.17183600713012478,
          "monthlyBoxState": "box_upper",
          "monthlyBoxWild": false,
          "monthlyBreakoutDownProb": 0.38832362129308884,
          "monthlyBreakoutUpProb": 0.9272424071537904,
          "monthlyRangePos": 1.0,
          "monthlyRangeProb": 0.16286733442537848,
          "monthlyRangeWidth": 0.1322806734874728,
          "monthlyRegimeAligned": null,
          "weeklyBreakoutDownProb": 0.38783310571838786,
          "weeklyBreakoutUpProb": 0.7933532934131736,
          "weeklyRangeProb": 0.3535577966873272,
          "weeklyRegimeAligned": null
        },
        "frameState": "BULLISH",
        "revRisk": 0.38832362129308884,
        "ticker": "1001",
        "upProb": 0.9272424071537904
      }
    ],
    "sell": [
      {
        "frameSignals": {
          "effectiveRevRisk": 0.4097760551248924,
          "effectiveUpProb": 0.9399528672427337,
          "frameState": "BULLISH",
          "monthlyBoxMonths": 9.0,
          "monthlyBoxPos": 1.0,
          "monthlyBoxRangePct": 0.18476357267950963,
          "monthlyBoxState": "box_upper",
          "monthlyBoxWild": false,
          "monthlyBreakoutDownProb": 0.36565854935847086,
          "monthlyBreakoutUpProb": 0.9399528672427337,
          "monthlyRangePos": 1.0,
          "monthlyRangeProb": 0.11792354019376805,
          "monthlyRangeWidth": 0.15082482325216026,
          "monthlyRegimeAligned": null,
          "weeklyBreakoutDownProb": 0.4097760551248924,
          "weeklyBreakoutUpProb": 0.8285271317829457,
          "weeklyRangeProb": 0.32924203273040487,
          "weeklyRegimeAligned": null
        },
        "frameState": "BULLISH",
        "revRisk": 0.4097760551248924,
        "ticker": "1308",
        "upProb": 0.9399528672427337
      },
      {
        "frameSignals": {
          "effectiveRevRisk": 0.38832362129308884,
          "effectiveUpProb": 0.9272424071537904,
          "frameState": "BULLISH",
          "monthlyBoxMonths": 4.0,
          "monthlyBoxPos": 1.0,
          "monthlyBoxRangePct": 0.17183600713012478,
          "monthlyBoxState": "box_upper",
          "monthlyBoxWild": false,
          "monthlyBreakoutDownProb": 0.38832362129308884,
          "monthlyBreakoutUpProb": 0.9272424071537904,
          "monthlyRangePos": 1.0,
          "monthlyRangeProb": 0.16286733442537848,
          "monthlyRangeWidth": 0.1322806734874728,
          "monthlyRegimeAligned": null,
          "weeklyBreakoutDownProb": 0.38783310571838786,
          "weeklyBreakoutUpProb": 0.7933532934131736,
          "weeklyRangeProb": 0.3535577966873272,
          "weeklyRegimeAligned": null
        },
        "frameState": "BULLISH",
        "revRisk": 0.38832362129308884,
        "ticker": "1001",
        "upProb": 0.9272424071537904
      },
      {
        "frameSignals": {
          "effectiveRevRisk": 0.4019375857338821,
          "effectiveUpProb": 0.9505882352941176,
          "frameState": "BULLISH",
          "monthlyBoxMonths": 9.0,
          "monthlyBoxPos": 1.0,
          "monthlyBoxRangePct": 0.19420035149384884,
          "monthlyBoxState": "box_upper",
          "monthlyBoxWild": false,
          "monthlyBreakoutDownProb": 0.37169934640522884,
          "monthlyBreakoutUpProb": 0.9505882352941176,
          "monthlyRangePos": 1.0,
          "monthlyRangeProb": 0.10986928104575161,
          "monthlyRangeWidth": 0.14588235294117646,
          "monthlyRegimeAligned": null,
          "weeklyBreakoutDownProb": 0.4019375857338821,
          "weeklyBreakoutUpProb": 0.811820987654321,
          "weeklyRangeProb": 0.3438443072702333,
          "weeklyRegimeAligned": null
        },
        "frameState": "BULLISH",
        "revRisk": 0.4019375857338821,
        "ticker": "1306",
        "upProb": 0.9505882352941176
      }
    ]
  },
  "stage": {
    "goal20Reached": false,
    "goal30Reached": false,
    "stage2Active": false
  }
}