{
  "actions": [
    {
      "deltaUnits": 2,
      "reasonId": "E_NEW_TOP1_GATE_OK",
      "side": "LONG",
      "ticker": "1001"
    }
  ],
  "asOf": "2022-08-03",
  "checks": {
    "exposureOk": true,
    "lossLimitOk": true,
    "maxHoldingsOk": true,
    "noFutureLeakOk": true,
    "unitRuleOk": true
  },
  "mode": "BACKTEST",
  "policyVersion": "toredex.v8",
  "seasonId": "toredex_multiframe_20260318",
  "signals": {
    "buy": [
      {
        "frameSignals": {
          "effectiveRevRisk": 0.6188218064090562,
          "effectiveUpProb": 0.7295285417333244,
          "frameState": "BULLISH",
          "monthlyBoxMonths": 14.0,
          "monthlyBoxPos": 0.4406668846028114,
          "monthlyBoxRangePct": 0.11590194369719244,
          "monthlyBoxState": "box_mid",
          "monthlyBoxWild": false,
          "monthlyBreakoutDownProb": 0.6188218064090562,
          "monthlyBreakoutUpProb": 0.5772886256310241,
          "monthlyRangePos": 0.4406668846028114,
          "monthlyRangeProb": 0.8084411654274699,
          "monthlyRangeWidth": 0.1038639141654217,
          "monthlyRegimeAligned": null,
          "weeklyBreakoutDownProb": 0.4610819397915768,
          "weeklyBreakoutUpProb": 0.7295285417333244,
          "weeklyRangeProb": 0.5782777735047849,
          "weeklyRegimeAligned": null
        },
        "frameState": "BULLISH",
        "revRisk": 0.6188218064090562,
        "ticker": "1001",
        "upProb": 0.7295285417333244
      },
      {
        "frameSignals": {
          "effectiveRevRisk": 0.7649679301271868,
          "effectiveUpProb": 0.6718681049276783,
          "frameState": "BEARISH",
          "monthlyBoxMonths": 14.0,
          "monthlyBoxPos": 0.16776315789473684,
          "monthlyBoxRangePct": 0.07835051546391752,
          "monthlyBoxState": "box_lower",
          "monthlyBoxWild": false,
          "monthlyBreakoutDownProb": 0.7649679301271868,
          "monthlyBreakoutUpProb": 0.5181258248640288,
          "monthlyRangePos": 0.14736842105263157,
          "monthlyRangeProb": 0.6545314772316513,
          "monthlyRangeWidth": 0.06827982750359368,
          "monthlyRegimeAligned": null,
          "weeklyBreakoutDownProb": 0.5552014382610118,
          "weeklyBreakoutUpProb": 0.6718681049276783,
          "weeklyRangeProb": 0.7516016997630139,
          "weeklyRegimeAligned": null
        },
        "frameState": "BEARISH",
        "revRisk": 0.7649679301271868,
        "ticker": "1308",
        "upProb": 0.6718681049276783
      },
      {
        "frameSignals": {
          "effectiveRevRisk": 0.7636287439922191,
          "effectiveUpProb": 0.6648163535267639,
          "frameState": "BEARISH",
          "monthlyBoxMonths": 14.0,
          "monthlyBoxPos": 0.17096774193548386,
          "monthlyBoxRangePct": 0.07900101936799185,
          "monthlyBoxState": "box_lower",
          "monthlyBoxWild": false,
          "monthlyBreakoutDownProb": 0.7636287439922191,
          "monthlyBreakoutUpProb": 0.5153179331814084,
          "monthlyRangePos": 0.14527027027027026,
          "monthlyRangeProb": 0.6506122257008783,
          "monthlyRangeWidth": 0.06997635933806147,
          "monthlyRegimeAligned": null,
          "weeklyBreakoutDownProb": 0.564414208754646,
          "weeklyBreakoutUpProb": 0.6648163535267639,
          "weeklyRangeProb": 0.7691431874850787,
          "weeklyRegimeAligned": null
        },
        "frameState": "BEARISH",
        "revRisk": 0.7636287439922191,
        "ticker": "1306",
        "upProb": 0.6648163535267639
      }
    ],
    "sell": [
      {
        "frameSignals": {
          "effectiveRevRisk": 0.7636287439922191,
          "effectiveUpProb": 0.6648163535267639,
          "frameState": "BEARISH",
          "monthlyBoxMonths": 14.0,
          "monthlyBoxPos": 0.17096774193548386,
          "monthlyBoxRangePct": 0.07900101936799185,
          "monthlyBoxState": "box_lower",
          "monthlyBoxWild": false,
          "monthlyBreakoutDownProb": 0.7636287439922191,
          "monthlyBreakoutUpProb": 0.5153179331814084,
          "monthlyRangePos": 0.14527027027027026,
          "monthlyRangeProb": 0.6506122257008783,
          "monthlyRangeWidth": 0.06997635933806147,
          "monthlyRegimeAligned": null,
          "weeklyBreakoutDownProb": 0.564414208754646,
          "weeklyBreakoutUpProb": 0.6648163535267639,
          "weeklyRangeProb": 0.7691431874850787,
          "weeklyRegimeAligned": null
        },
        "frameState": "BEARISH",
        "revRisk": 0.7636287439922191,
        "ticker": "1306",
        "upProb": 0.6648163535267639
      },
      {
        "frameSignals": {
          "effectiveRevRisk": 0.7649679301271868,
          "effectiveUpProb": 0.6718681049276783,
          "frameState": "BEARISH",
          "monthlyBoxMonths": 14.0,
          "monthlyBoxPos": 0.16776315789473684,
          "monthlyBoxRangePct": 0.07835051546391752,
          "monthlyBoxState": "box_lower",
          "monthlyBoxWild": false,
          "monthlyBreakoutDownProb": 0.7649679301271868,
          "monthlyBreakoutUpProb": 0.5181258248640288,
          "monthlyRangePos": 0.14736842105263157,
          "monthlyRangeProb": 0.6545314772316513,
          "monthlyRangeWidth": 0.06827982750359368,
          "monthlyRegimeAligned": null,
          "weeklyBreakoutDownProb": 0.5552014382610118,
          "weeklyBreakoutUpProb": 0.6718681049276783,
          "weeklyRangeProb": 0.7516016997630139,
          "weeklyRegimeAligned": null
        },
        "frameState": "BEARISH",
        "revRisk": 0.7649679301271868,
        "ticker": "1308",
        "upProb": 0.6718681049276783
      },
      {
        "frameSignals": {
          "effectiveRevRisk": 0.6188218064090562,
          "effectiveUpProb": 0.7295285417333244,
          "frameState": "BULLISH",
          "monthlyBoxMonths": 14.0,
          "monthlyBoxPos": 0.4406668846028114,
          "monthlyBoxRangePct": 0.11590194369719244,
          "monthlyBoxState": "box_mid",
          "monthlyBoxWild": false,
          "monthlyBreakoutDownProb": 0.6188218064090562,
          "monthlyBreakoutUpProb": 0.5772886256310241,
          "monthlyRangePos": 0.4406668846028114,
          "monthlyRangeProb": 0.8084411654274699,
          "monthlyRangeWidth": 0.1038639141654217,
          "monthlyRegimeAligned": null,
          "weeklyBreakoutDownProb": 0.4610819397915768,
          "weeklyBreakoutUpProb": 0.7295285417333244,
          "weeklyRangeProb": 0.5782777735047849,
          "weeklyRegimeAligned": null
        },
        "frameState": "BULLISH",
        "revRisk": 0.6188218064090562,
        "ticker": "1001",
        "upProb": 0.7295285417333244
      }
    ]
  },
  "stage": {
    "goal20Reached": false,
    "goal30Reached": false,
    "stage2Active": false
  }
}