{
  "asOf": "2025-12-03",
  "cash": 3986212.830477,
  "cum_pnl": -13787.169523,
  "cum_return_pct": -0.137872,
  "daily_pnl": -49318.929075,
  "equity": 9986212.830477,
  "game_over": false,
  "goal20_reached": false,
  "goal30_reached": false,
  "holdings_count": 3,
  "max_drawdown_pct": -0.491443,
  "season_id": "tradex_demo_202512_v4"
}