{
  "actions": [],
  "asOf": "2010-04-23",
  "checks": {
    "exposureOk": true,
    "lossLimitOk": true,
    "maxHoldingsOk": true,
    "noFutureLeakOk": true,
    "unitRuleOk": true
  },
  "mode": "BACKTEST",
  "policyVersion": "toredex.v8",
  "seasonId": "toredex_multiframe_20260318",
  "signals": {
    "buy": [
      {
        "frameSignals": {
          "effectiveRevRisk": 0.44773208855187396,
          "effectiveUpProb": 0.7295904956315199,
          "frameState": "BULLISH",
          "monthlyBoxMonths": 12.0,
          "monthlyBoxPos": 0.9751552795031055,
          "monthlyBoxRangePct": 0.19053254437869824,
          "monthlyBoxState": "box_upper",
          "monthlyBoxWild": false,
          "monthlyBreakoutDownProb": 0.3733124177414131,
          "monthlyBreakoutUpProb": 0.7139164445870507,
          "monthlyRangePos": 0.9865771812080537,
          "monthlyRangeProb": 0.4450312099848183,
          "monthlyRangeWidth": 0.14840637450199204,
          "monthlyRegimeAligned": null,
          "weeklyBreakoutDownProb": 0.44773208855187396,
          "weeklyBreakoutUpProb": 0.7295904956315199,
          "weeklyRangeProb": 0.5570140290287231,
          "weeklyRegimeAligned": null
        },
        "frameState": "BULLISH",
        "revRisk": 0.44773208855187396,
        "ticker": "1306",
        "upProb": 0.7295904956315199
      },
      {
        "frameSignals": {
          "effectiveRevRisk": 0.4510770851496658,
          "effectiveUpProb": 0.7254014094739901,
          "frameState": "BULLISH",
          "monthlyBoxMonths": 12.0,
          "monthlyBoxPos": 0.9685534591194969,
          "monthlyBoxRangePct": 0.19249394673123488,
          "monthlyBoxState": "box_upper",
          "monthlyBoxWild": false,
          "monthlyBreakoutDownProb": 0.3692487899263553,
          "monthlyBreakoutUpProb": 0.7098528167719929,
          "monthlyRangePos": 0.9865771812080537,
          "monthlyRangeProb": 0.4402287407488409,
          "monthlyRangeWidth": 0.15173116089613034,
          "monthlyRegimeAligned": null,
          "weeklyBreakoutDownProb": 0.4510770851496658,
          "weeklyBreakoutUpProb": 0.7254014094739901,
          "weeklyRangeProb": 0.5640493315896542,
          "weeklyRegimeAligned": null
        },
        "frameState": "BULLISH",
        "revRisk": 0.4510770851496658,
        "ticker": "1308",
        "upProb": 0.7254014094739901
      },
      {
        "frameSignals": {
          "effectiveRevRisk": 0.516120905678793,
          "effectiveUpProb": 0.660108247450945,
          "frameState": "BULLISH",
          "monthlyBoxMonths": 4.0,
          "monthlyBoxPos": 0.7490494296577946,
          "monthlyBoxRangePct": 0.10389097373098953,
          "monthlyBoxState": "box_mid",
          "monthlyBoxWild": false,
          "monthlyBreakoutDownProb": 0.3278838635013708,
          "monthlyBreakoutUpProb": 0.6237042969379033,
          "monthlyRangePos": 0.9226006191950464,
          "monthlyRangeProb": 0.4096634795503113,
          "monthlyRangeWidth": 0.20389575254756967,
          "monthlyRegimeAligned": null,
          "weeklyBreakoutDownProb": 0.516120905678793,
          "weeklyBreakoutUpProb": 0.660108247450945,
          "weeklyRangeProb": 0.6942389759863297,
          "weeklyRegimeAligned": null
        },
        "frameState": "BULLISH",
        "revRisk": 0.516120905678793,
        "ticker": "1001",
        "upProb": 0.660108247450945
      }
    ],
    "sell": [
      {
        "frameSignals": {
          "effectiveRevRisk": 0.516120905678793,
          "effectiveUpProb": 0.660108247450945,
          "frameState": "BULLISH",
          "monthlyBoxMonths": 4.0,
          "monthlyBoxPos": 0.7490494296577946,
          "monthlyBoxRangePct": 0.10389097373098953,
          "monthlyBoxState": "box_mid",
          "monthlyBoxWild": false,
          "monthlyBreakoutDownProb": 0.3278838635013708,
          "monthlyBreakoutUpProb": 0.6237042969379033,
          "monthlyRangePos": 0.9226006191950464,
          "monthlyRangeProb": 0.4096634795503113,
          "monthlyRangeWidth": 0.20389575254756967,
          "monthlyRegimeAligned": null,
          "weeklyBreakoutDownProb": 0.516120905678793,
          "weeklyBreakoutUpProb": 0.660108247450945,
          "weeklyRangeProb": 0.6942389759863297,
          "weeklyRegimeAligned": null
        },
        "frameState": "BULLISH",
        "revRisk": 0.516120905678793,
        "ticker": "1001",
        "upProb": 0.660108247450945
      },
      {
        "frameSignals": {
          "effectiveRevRisk": 0.4510770851496658,
          "effectiveUpProb": 0.7254014094739901,
          "frameState": "BULLISH",
          "monthlyBoxMonths": 12.0,
          "monthlyBoxPos": 0.9685534591194969,
          "monthlyBoxRangePct": 0.19249394673123488,
          "monthlyBoxState": "box_upper",
          "monthlyBoxWild": false,
          "monthlyBreakoutDownProb": 0.3692487899263553,
          "monthlyBreakoutUpProb": 0.7098528167719929,
          "monthlyRangePos": 0.9865771812080537,
          "monthlyRangeProb": 0.4402287407488409,
          "monthlyRangeWidth": 0.15173116089613034,
          "monthlyRegimeAligned": null,
          "weeklyBreakoutDownProb": 0.4510770851496658,
          "weeklyBreakoutUpProb": 0.7254014094739901,
          "weeklyRangeProb": 0.5640493315896542,
          "weeklyRegimeAligned": null
        },
        "frameState": "BULLISH",
        "revRisk": 0.4510770851496658,
        "ticker": "1308",
        "upProb": 0.7254014094739901
      },
      {
        "frameSignals": {
          "effectiveRevRisk": 0.44773208855187396,
          "effectiveUpProb": 0.7295904956315199,
          "frameState": "BULLISH",
          "monthlyBoxMonths": 12.0,
          "monthlyBoxPos": 0.9751552795031055,
          "monthlyBoxRangePct": 0.19053254437869824,
          "monthlyBoxState": "box_upper",
          "monthlyBoxWild": false,
          "monthlyBreakoutDownProb": 0.3733124177414131,
          "monthlyBreakoutUpProb": 0.7139164445870507,
          "monthlyRangePos": 0.9865771812080537,
          "monthlyRangeProb": 0.4450312099848183,
          "monthlyRangeWidth": 0.14840637450199204,
          "monthlyRegimeAligned": null,
          "weeklyBreakoutDownProb": 0.44773208855187396,
          "weeklyBreakoutUpProb": 0.7295904956315199,
          "weeklyRangeProb": 0.5570140290287231,
          "weeklyRegimeAligned": null
        },
        "frameState": "BULLISH",
        "revRisk": 0.44773208855187396,
        "ticker": "1306",
        "upProb": 0.7295904956315199
      }
    ]
  },
  "stage": {
    "goal20Reached": false,
    "goal30Reached": false,
    "stage2Active": false
  }
}