{
  "actions": [],
  "asOf": "2020-04-20",
  "checks": {
    "exposureOk": true,
    "lossLimitOk": true,
    "maxHoldingsOk": true,
    "noFutureLeakOk": true,
    "unitRuleOk": true
  },
  "mode": "BACKTEST",
  "policyVersion": "toredex.v8",
  "seasonId": "toredex_multiframe_20260318",
  "signals": {
    "buy": [
      {
        "frameSignals": {
          "effectiveRevRisk": 0.6513701887801358,
          "effectiveUpProb": 0.37362825329626487,
          "frameState": "BEARISH",
          "monthlyBoxMonths": 3.0,
          "monthlyBoxPos": 0.19157088122605365,
          "monthlyBoxRangePct": 0.17938144329896907,
          "monthlyBoxState": "box_lower",
          "monthlyBoxWild": true,
          "monthlyBreakoutDownProb": 0.6513701887801358,
          "monthlyBreakoutUpProb": 0.37362825329626487,
          "monthlyRangePos": 0.1032258064516129,
          "monthlyRangeProb": 0.47112078028854754,
          "monthlyRangeWidth": 0.17386427369601795,
          "monthlyRegimeAligned": null,
          "weeklyBreakoutDownProb": 0.417515124075599,
          "weeklyBreakoutUpProb": 0.35965222084979254,
          "weeklyRangeProb": 0.5445541642301067,
          "weeklyRegimeAligned": null
        },
        "frameState": "BEARISH",
        "revRisk": 0.6513701887801358,
        "ticker": "1306",
        "upProb": 0.37362825329626487
      },
      {
        "frameSignals": {
          "effectiveRevRisk": 0.6499958955346854,
          "effectiveUpProb": 0.3697708151488334,
          "frameState": "BEARISH",
          "monthlyBoxMonths": 3.0,
          "monthlyBoxPos": 0.18532818532818532,
          "monthlyBoxRangePct": 0.17998610145934676,
          "monthlyBoxState": "box_lower",
          "monthlyBoxWild": true,
          "monthlyBreakoutDownProb": 0.6499958955346854,
          "monthlyBreakoutUpProb": 0.3697708151488334,
          "monthlyRangePos": 0.09967845659163987,
          "monthlyRangeProb": 0.46554615774531816,
          "monthlyRangeWidth": 0.17600452744765138,
          "monthlyRegimeAligned": null,
          "weeklyBreakoutDownProb": 0.4219135802469136,
          "weeklyBreakoutUpProb": 0.36141975308641977,
          "weeklyRangeProb": 0.5455667789001122,
          "weeklyRegimeAligned": null
        },
        "frameState": "BEARISH",
        "revRisk": 0.6499958955346854,
        "ticker": "1308",
        "upProb": 0.3697708151488334
      },
      {
        "frameSignals": {
          "effectiveRevRisk": 0.5996134137418319,
          "effectiveUpProb": 0.36069170030017755,
          "frameState": "BEARISH",
          "monthlyBoxMonths": null,
          "monthlyBoxPos": null,
          "monthlyBoxRangePct": null,
          "monthlyBoxState": "no_box",
          "monthlyBoxWild": null,
          "monthlyBreakoutDownProb": 0.5996134137418319,
          "monthlyBreakoutUpProb": 0.36069170030017755,
          "monthlyRangePos": 0.15868326651192236,
          "monthlyRangeProb": 0.4717131266740785,
          "monthlyRangeWidth": 0.20032972607372337,
          "monthlyRegimeAligned": null,
          "weeklyBreakoutDownProb": 0.36293687810062464,
          "weeklyBreakoutUpProb": 0.325595443997273,
          "weeklyRangeProb": 0.5127003925908606,
          "weeklyRegimeAligned": null
        },
        "frameState": "BEARISH",
        "revRisk": 0.5996134137418319,
        "ticker": "1001",
        "upProb": 0.36069170030017755
      }
    ],
    "sell": [
      {
        "frameSignals": {
          "effectiveRevRisk": 0.6499958955346854,
          "effectiveUpProb": 0.4219135802469136,
          "frameState": "BEARISH",
          "monthlyBoxMonths": 3.0,
          "monthlyBoxPos": 0.18532818532818532,
          "monthlyBoxRangePct": 0.17998610145934676,
          "monthlyBoxState": "box_lower",
          "monthlyBoxWild": true,
          "monthlyBreakoutDownProb": 0.6499958955346854,
          "monthlyBreakoutUpProb": 0.3697708151488334,
          "monthlyRangePos": 0.09967845659163987,
          "monthlyRangeProb": 0.46554615774531816,
          "monthlyRangeWidth": 0.17600452744765138,
          "monthlyRegimeAligned": null,
          "weeklyBreakoutDownProb": 0.4219135802469136,
          "weeklyBreakoutUpProb": 0.36141975308641977,
          "weeklyRangeProb": 0.5455667789001122,
          "weeklyRegimeAligned": null
        },
        "frameState": "BEARISH",
        "revRisk": 0.6499958955346854,
        "ticker": "1308",
        "upProb": 0.4219135802469136
      },
      {
        "frameSignals": {
          "effectiveRevRisk": 0.6513701887801358,
          "effectiveUpProb": 0.417515124075599,
          "frameState": "BEARISH",
          "monthlyBoxMonths": 3.0,
          "monthlyBoxPos": 0.19157088122605365,
          "monthlyBoxRangePct": 0.17938144329896907,
          "monthlyBoxState": "box_lower",
          "monthlyBoxWild": true,
          "monthlyBreakoutDownProb": 0.6513701887801358,
          "monthlyBreakoutUpProb": 0.37362825329626487,
          "monthlyRangePos": 0.1032258064516129,
          "monthlyRangeProb": 0.47112078028854754,
          "monthlyRangeWidth": 0.17386427369601795,
          "monthlyRegimeAligned": null,
          "weeklyBreakoutDownProb": 0.417515124075599,
          "weeklyBreakoutUpProb": 0.35965222084979254,
          "weeklyRangeProb": 0.5445541642301067,
          "weeklyRegimeAligned": null
        },
        "frameState": "BEARISH",
        "revRisk": 0.6513701887801358,
        "ticker": "1306",
        "upProb": 0.417515124075599
      },
      {
        "frameSignals": {
          "effectiveRevRisk": 0.5996134137418319,
          "effectiveUpProb": 0.36293687810062464,
          "frameState": "BEARISH",
          "monthlyBoxMonths": null,
          "monthlyBoxPos": null,
          "monthlyBoxRangePct": null,
          "monthlyBoxState": "no_box",
          "monthlyBoxWild": null,
          "monthlyBreakoutDownProb": 0.5996134137418319,
          "monthlyBreakoutUpProb": 0.36069170030017755,
          "monthlyRangePos": 0.15868326651192236,
          "monthlyRangeProb": 0.4717131266740785,
          "monthlyRangeWidth": 0.20032972607372337,
          "monthlyRegimeAligned": null,
          "weeklyBreakoutDownProb": 0.36293687810062464,
          "weeklyBreakoutUpProb": 0.325595443997273,
          "weeklyRangeProb": 0.5127003925908606,
          "weeklyRegimeAligned": null
        },
        "frameState": "BEARISH",
        "revRisk": 0.5996134137418319,
        "ticker": "1001",
        "upProb": 0.36293687810062464
      }
    ]
  },
  "stage": {
    "goal20Reached": false,
    "goal30Reached": false,
    "stage2Active": false
  }
}