pair,n_both,n_other,avg_ret3_both,avg_ret3_other,diff_ret3,win_both,win_other,diff_win,avg_dd3_both,avg_dd3_other,diff_dd3,z_win
bear_marubozu+bear_harami,129,324973,0.02731718121676491,0.026856761833989613,0.0004604193827752977,0.5736434108527132,0.5280469454385441,0.04559646541416906,-0.08255023972263173,-0.10601918886578832,0.023468949143156587,1.046961531004781
three_white_soldiers+sakata_bullish,148,324954,0.039778229451697227,0.026851059540412545,0.012927169911284682,0.5675675675675675,0.5280470466589118,0.039520520908655765,-0.08574172937160779,-0.10601910752986284,0.020277378158255047,0.9702534694399861
doji+bull_harami,267,324835,0.027862133540352944,0.026856118306828984,0.0010060152335239596,0.550561797752809,0.5280465467083288,0.022515251044480156,-0.10375182711469225,-0.10601173243759579,0.0022599053229035437,0.7392897887126848
three_black_crows+sakata_bearish,557,324545,0.032125036890706234,0.026847903169994747,0.005277133720711487,0.5350089766606823,0.5280531205225778,0.006955856138104455,-0.10136702811439637,-0.10601784470426699,0.004650816589870627,0.3288534138800049
bull_engulfing+bull_harami,131,324971,0.0355384147280438,0.026853444915160726,0.008684969812883078,0.5343511450381679,0.5280625040388219,0.006288640999346007,-0.08306076269625814,-0.10601912750458607,0.022958364808327927,0.14426538979848572
hammer_like+bull_harami,150,324952,0.03859102180094964,0.026851527999778205,0.011739493801171438,0.5333333333333333,0.5280626061695266,0.005270727163806721,-0.1012561446823994,-0.10601207077507965,0.00475592609268026,0.12936389020896888
