pair,n_signal,coverage,precision_signal,precision_baseline,precision_lift,practical_score
morning_star+sakata_bullish,2256,0.011239257690870594,0.5784574468085106,0.5696799103250716,0.008777536483439041,0.416909883543244
bull_marubozu+sakata_bullish,717,0.003572051313986798,0.5704323570432357,0.5696799103250716,0.0007524467181641015,0.020148157177658693
