{
  "generated_at": "2026-02-27",
  "db": "c:\\work\\meemee-screener\\.local\\meemee\\tmp_eval\\stocks.duckdb",
  "recent": {
    "baseline": "tmp\\short_long_precision_recent_compare_20260227_v3.json",
    "window": {
      "start": 20260101,
      "end": 20260226,
      "limit": 20,
      "n_pred_dates": 29
    },
    "rows": [
      {
        "direction": "down",
        "risk_mode": "aggressive",
        "base_n": 3,
        "now_n": 7,
        "delta_n": 4,
        "base_precision": 1.0,
        "now_precision": 0.5714285714285714,
        "delta_precision": -0.4285714285714286,
        "base_mean_pnl_20d": 0.23816239884062332,
        "now_mean_pnl_20d": -0.09020650047519228,
        "delta_mean_pnl_20d": -0.3283688993158156,
        "base_n_top1": 1,
        "now_n_top1": 2,
        "delta_n_top1": 1,
        "base_precision_top1": 1.0,
        "now_precision_top1": 0.5,
        "delta_precision_top1": -0.5,
        "base_mean_pnl_top1_20d": 0.3387169811320755,
        "now_mean_pnl_top1_20d": 0.12751696995384323,
        "delta_mean_pnl_top1_20d": -0.21120001117823226
      },
      {
        "direction": "down",
        "risk_mode": "balanced",
        "base_n": null,
        "now_n": 9,
        "delta_n": null,
        "base_precision": null,
        "now_precision": 0.5555555555555556,
        "delta_precision": null,
        "base_mean_pnl_20d": null,
        "now_mean_pnl_20d": -0.0668679696260148,
        "delta_mean_pnl_20d": null,
        "base_n_top1": null,
        "now_n_top1": 2,
        "delta_n_top1": null,
        "base_precision_top1": null,
        "now_precision_top1": 0.5,
        "delta_precision_top1": null,
        "base_mean_pnl_top1_20d": null,
        "now_mean_pnl_top1_20d": 0.12819852798418555,
        "delta_mean_pnl_top1_20d": null
      },
      {
        "direction": "up",
        "risk_mode": "balanced",
        "base_n": 121,
        "now_n": 153,
        "delta_n": 32,
        "base_precision": 0.8925619834710744,
        "now_precision": 0.8366013071895425,
        "delta_precision": -0.055960676281531896,
        "base_mean_pnl_20d": 0.060050586898237585,
        "now_mean_pnl_20d": 0.04663445796982404,
        "delta_mean_pnl_20d": -0.013416128928413547,
        "base_n_top1": 7,
        "now_n_top1": 9,
        "delta_n_top1": 2,
        "base_precision_top1": 0.8571428571428571,
        "now_precision_top1": 0.7777777777777778,
        "delta_precision_top1": -0.0793650793650793,
        "base_mean_pnl_top1_20d": 0.030111136012032906,
        "now_mean_pnl_top1_20d": 0.012231723067740967,
        "delta_mean_pnl_top1_20d": -0.01787941294429194
      }
    ]
  },
  "q4_2025": {
    "baseline": "tmp\\short_long_precision_q4_compare_20260227_v3.json",
    "window": {
      "start": 20251001,
      "end": 20251231,
      "limit": 20,
      "n_pred_dates": 62
    },
    "rows": [
      {
        "direction": "down",
        "risk_mode": "aggressive",
        "base_n": 41,
        "now_n": 61,
        "delta_n": 20,
        "base_precision": 0.7560975609756098,
        "now_precision": 0.6885245901639344,
        "delta_precision": -0.06757297081167535,
        "base_mean_pnl_20d": 0.1034714923442101,
        "now_mean_pnl_20d": 0.07344041012275736,
        "delta_mean_pnl_20d": -0.030031082221452746,
        "base_n_top1": 17,
        "now_n_top1": 19,
        "delta_n_top1": 2,
        "base_precision_top1": 0.8235294117647058,
        "now_precision_top1": 0.7894736842105263,
        "delta_precision_top1": -0.034055727554179516,
        "base_mean_pnl_top1_20d": 0.1783526540308171,
        "now_mean_pnl_top1_20d": 0.17240310008154608,
        "delta_mean_pnl_top1_20d": -0.005949553949271019
      },
      {
        "direction": "down",
        "risk_mode": "balanced",
        "base_n": 29,
        "now_n": 67,
        "delta_n": 38,
        "base_precision": 0.7931034482758621,
        "now_precision": 0.6716417910447762,
        "delta_precision": -0.12146165723108593,
        "base_mean_pnl_20d": 0.13528745337661674,
        "now_mean_pnl_20d": 0.0641644690901433,
        "delta_mean_pnl_20d": -0.07112298428647344,
        "base_n_top1": 14,
        "now_n_top1": 20,
        "delta_n_top1": 6,
        "base_precision_top1": 0.8571428571428571,
        "now_precision_top1": 0.8,
        "delta_precision_top1": -0.05714285714285705,
        "base_mean_pnl_top1_20d": 0.19978253039568009,
        "now_mean_pnl_top1_20d": 0.16637321195344995,
        "delta_mean_pnl_top1_20d": -0.033409318442230135
      },
      {
        "direction": "up",
        "risk_mode": "balanced",
        "base_n": 508,
        "now_n": 918,
        "delta_n": 410,
        "base_precision": 0.7952755905511811,
        "now_precision": 0.7145969498910676,
        "delta_precision": -0.08067864066011354,
        "base_mean_pnl_20d": 0.06615743009417062,
        "now_mean_pnl_20d": 0.0413528147566413,
        "delta_mean_pnl_20d": -0.02480461533752932,
        "base_n_top1": 33,
        "now_n_top1": 62,
        "delta_n_top1": 29,
        "base_precision_top1": 0.9393939393939394,
        "now_precision_top1": 0.6774193548387096,
        "delta_precision_top1": -0.2619745845552298,
        "base_mean_pnl_top1_20d": 0.06566281590631917,
        "now_mean_pnl_top1_20d": 0.007441015062910777,
        "delta_mean_pnl_top1_20d": -0.058221800843408396
      }
    ]
  }
}