pair,window,n_both,diff_ret3,diff_win,z_win
bear_marubozu+bear_harami,q4_2025,3,-0.0165253403162664,0.2036775106082037,35.578347737194086
bull_engulfing+bull_harami,q4_2025,2,-0.1230391471007572,-0.2965656565656566,-0.8387045273597055
three_black_crows+sakata_bearish,q4_2025,6,-0.0509600872459646,-0.463674349642809,-2.408259360491056
three_white_soldiers+sakata_bullish,q4_2025,4,-0.0365843828332717,-0.0464834276475343,-0.214622770531948
