breakout_dir,count,share
down,10316,0.4255248937837726
up,13927,0.5744751062162273
