{
  "actions": [],
  "asOf": "2014-09-11",
  "checks": {
    "exposureOk": true,
    "lossLimitOk": true,
    "maxHoldingsOk": true,
    "noFutureLeakOk": true,
    "unitRuleOk": true
  },
  "mode": "BACKTEST",
  "policyVersion": "toredex.v8",
  "seasonId": "toredex_multiframe_20260318",
  "signals": {
    "buy": [
      {
        "frameSignals": {
          "effectiveRevRisk": 0.44507605052848676,
          "effectiveUpProb": 0.7999097705594226,
          "frameState": "BULLISH",
          "monthlyBoxMonths": 14.0,
          "monthlyBoxPos": 1.0,
          "monthlyBoxRangePct": 0.19095022624434388,
          "monthlyBoxState": "box_upper",
          "monthlyBoxWild": false,
          "monthlyBreakoutDownProb": 0.42898789878987903,
          "monthlyBreakoutUpProb": 0.7818439536261319,
          "monthlyRangePos": 1.0,
          "monthlyRangeProb": 0.49556147922484556,
          "monthlyRangeWidth": 0.09900990099009901,
          "monthlyRegimeAligned": null,
          "weeklyBreakoutDownProb": 0.44507605052848676,
          "weeklyBreakoutUpProb": 0.7999097705594226,
          "weeklyRangeProb": 0.5066640886826502,
          "weeklyRegimeAligned": null
        },
        "frameState": "BULLISH",
        "revRisk": 0.44507605052848676,
        "ticker": "1308",
        "upProb": 0.7999097705594226
      },
      {
        "frameSignals": {
          "effectiveRevRisk": 0.46821391902041043,
          "effectiveUpProb": 0.796877748460862,
          "frameState": "BULLISH",
          "monthlyBoxMonths": 12.0,
          "monthlyBoxPos": 0.8077503774534474,
          "monthlyBoxRangePct": 0.138912192393736,
          "monthlyBoxState": "box_upper",
          "monthlyBoxWild": false,
          "monthlyBreakoutDownProb": 0.46821391902041043,
          "monthlyBreakoutUpProb": 0.6836391832378236,
          "monthlyRangePos": 0.8077503774534474,
          "monthlyRangeProb": 0.6083970234806342,
          "monthlyRangeWidth": 0.12196918543981339,
          "monthlyRegimeAligned": null,
          "weeklyBreakoutDownProb": 0.4365006328163546,
          "weeklyBreakoutUpProb": 0.796877748460862,
          "weeklyRangeProb": 0.47435592165948043,
          "weeklyRegimeAligned": null
        },
        "frameState": "BULLISH",
        "revRisk": 0.46821391902041043,
        "ticker": "1001",
        "upProb": 0.796877748460862
      },
      {
        "frameSignals": {
          "effectiveRevRisk": 0.46023311239534215,
          "effectiveUpProb": 0.784119812583668,
          "frameState": "BULLISH",
          "monthlyBoxMonths": 14.0,
          "monthlyBoxPos": 1.0,
          "monthlyBoxRangePct": 0.19247985675917637,
          "monthlyBoxState": "box_upper",
          "monthlyBoxWild": false,
          "monthlyBreakoutDownProb": 0.43035475234270415,
          "monthlyBreakoutUpProb": 0.784119812583668,
          "monthlyRangePos": 1.0,
          "monthlyRangeProb": 0.49354082998661314,
          "monthlyRangeWidth": 0.09789156626506024,
          "monthlyRegimeAligned": null,
          "weeklyBreakoutDownProb": 0.46023311239534215,
          "weeklyBreakoutUpProb": 0.7551150021591216,
          "weeklyRangeProb": 0.5664601779274945,
          "weeklyRegimeAligned": null
        },
        "frameState": "BULLISH",
        "revRisk": 0.46023311239534215,
        "ticker": "1306",
        "upProb": 0.784119812583668
      }
    ],
    "sell": [
      {
        "frameSignals": {
          "effectiveRevRisk": 0.46023311239534215,
          "effectiveUpProb": 0.784119812583668,
          "frameState": "BULLISH",
          "monthlyBoxMonths": 14.0,
          "monthlyBoxPos": 1.0,
          "monthlyBoxRangePct": 0.19247985675917637,
          "monthlyBoxState": "box_upper",
          "monthlyBoxWild": false,
          "monthlyBreakoutDownProb": 0.43035475234270415,
          "monthlyBreakoutUpProb": 0.784119812583668,
          "monthlyRangePos": 1.0,
          "monthlyRangeProb": 0.49354082998661314,
          "monthlyRangeWidth": 0.09789156626506024,
          "monthlyRegimeAligned": null,
          "weeklyBreakoutDownProb": 0.46023311239534215,
          "weeklyBreakoutUpProb": 0.7551150021591216,
          "weeklyRangeProb": 0.5664601779274945,
          "weeklyRegimeAligned": null
        },
        "frameState": "BULLISH",
        "revRisk": 0.46023311239534215,
        "ticker": "1306",
        "upProb": 0.784119812583668
      },
      {
        "frameSignals": {
          "effectiveRevRisk": 0.44507605052848676,
          "effectiveUpProb": 0.7999097705594226,
          "frameState": "BULLISH",
          "monthlyBoxMonths": 14.0,
          "monthlyBoxPos": 1.0,
          "monthlyBoxRangePct": 0.19095022624434388,
          "monthlyBoxState": "box_upper",
          "monthlyBoxWild": false,
          "monthlyBreakoutDownProb": 0.42898789878987903,
          "monthlyBreakoutUpProb": 0.7818439536261319,
          "monthlyRangePos": 1.0,
          "monthlyRangeProb": 0.49556147922484556,
          "monthlyRangeWidth": 0.09900990099009901,
          "monthlyRegimeAligned": null,
          "weeklyBreakoutDownProb": 0.44507605052848676,
          "weeklyBreakoutUpProb": 0.7999097705594226,
          "weeklyRangeProb": 0.5066640886826502,
          "weeklyRegimeAligned": null
        },
        "frameState": "BULLISH",
        "revRisk": 0.44507605052848676,
        "ticker": "1308",
        "upProb": 0.7999097705594226
      },
      {
        "frameSignals": {
          "effectiveRevRisk": 0.46821391902041043,
          "effectiveUpProb": 0.796877748460862,
          "frameState": "BULLISH",
          "monthlyBoxMonths": 12.0,
          "monthlyBoxPos": 0.8077503774534474,
          "monthlyBoxRangePct": 0.138912192393736,
          "monthlyBoxState": "box_upper",
          "monthlyBoxWild": false,
          "monthlyBreakoutDownProb": 0.46821391902041043,
          "monthlyBreakoutUpProb": 0.6836391832378236,
          "monthlyRangePos": 0.8077503774534474,
          "monthlyRangeProb": 0.6083970234806342,
          "monthlyRangeWidth": 0.12196918543981339,
          "monthlyRegimeAligned": null,
          "weeklyBreakoutDownProb": 0.4365006328163546,
          "weeklyBreakoutUpProb": 0.796877748460862,
          "weeklyRangeProb": 0.47435592165948043,
          "weeklyRegimeAligned": null
        },
        "frameState": "BULLISH",
        "revRisk": 0.46821391902041043,
        "ticker": "1001",
        "upProb": 0.796877748460862
      }
    ]
  },
  "stage": {
    "goal20Reached": false,
    "goal30Reached": false,
    "stage2Active": false
  }
}