{
  "actions": [],
  "asOf": "2021-12-23",
  "checks": {
    "exposureOk": true,
    "lossLimitOk": true,
    "maxHoldingsOk": true,
    "noFutureLeakOk": true,
    "unitRuleOk": true
  },
  "mode": "BACKTEST",
  "policyVersion": "toredex.v8",
  "seasonId": "toredex_multiframe_20260318",
  "signals": {
    "buy": [
      {
        "frameSignals": {
          "effectiveRevRisk": 0.581909673568945,
          "effectiveUpProb": 0.705195036446,
          "frameState": "BULLISH",
          "monthlyBoxMonths": 13.0,
          "monthlyBoxPos": 0.8416370106761566,
          "monthlyBoxRangePct": 0.15516289342904474,
          "monthlyBoxState": "box_upper",
          "monthlyBoxWild": false,
          "monthlyBreakoutDownProb": 0.4754124277503478,
          "monthlyBreakoutUpProb": 0.705195036446,
          "monthlyRangePos": 0.8282608695652174,
          "monthlyRangeProb": 0.611030892874917,
          "monthlyRangeWidth": 0.11020603737422137,
          "monthlyRegimeAligned": null,
          "weeklyBreakoutDownProb": 0.581909673568945,
          "weeklyBreakoutUpProb": 0.616909673568945,
          "weeklyRangeProb": 0.8165750687632986,
          "weeklyRegimeAligned": null
        },
        "frameState": "BULLISH",
        "revRisk": 0.581909673568945,
        "ticker": "1308",
        "upProb": 0.705195036446
      },
      {
        "frameSignals": {
          "effectiveRevRisk": 0.5776982953378518,
          "effectiveUpProb": 0.6934956166272656,
          "frameState": "BULLISH",
          "monthlyBoxMonths": 13.0,
          "monthlyBoxPos": 0.8304195804195804,
          "monthlyBoxRangePct": 0.156198798470781,
          "monthlyBoxState": "box_upper",
          "monthlyBoxWild": false,
          "monthlyBreakoutDownProb": 0.47912061662726557,
          "monthlyBreakoutUpProb": 0.6934956166272656,
          "monthlyRangePos": 0.80625,
          "monthlyRangeProb": 0.6217164105594957,
          "monthlyRangeWidth": 0.11347517730496454,
          "monthlyRegimeAligned": null,
          "weeklyBreakoutDownProb": 0.5776982953378518,
          "weeklyBreakoutUpProb": 0.6181427397822963,
          "weeklyRangeProb": 0.8093707126720067,
          "weeklyRegimeAligned": null
        },
        "frameState": "BULLISH",
        "revRisk": 0.5776982953378518,
        "ticker": "1306",
        "upProb": 0.6934956166272656
      },
      {
        "frameSignals": {
          "effectiveRevRisk": 0.6064947880835557,
          "effectiveUpProb": 0.704456631405692,
          "frameState": "BULLISH",
          "monthlyBoxMonths": 13.0,
          "monthlyBoxPos": 0.7687411598302687,
          "monthlyBoxRangePct": 0.10621995192307693,
          "monthlyBoxState": "box_upper",
          "monthlyBoxWild": false,
          "monthlyBreakoutDownProb": 0.5655216383213214,
          "monthlyBreakoutUpProb": 0.704456631405692,
          "monthlyRangePos": 0.6984785615491009,
          "monthlyRangeProb": 0.7546885299361372,
          "monthlyRangeWidth": 0.0736452532934945,
          "monthlyRegimeAligned": null,
          "weeklyBreakoutDownProb": 0.6064947880835557,
          "weeklyBreakoutUpProb": 0.5640370880548778,
          "weeklyRangeProb": 0.7924020449622147,
          "weeklyRegimeAligned": null
        },
        "frameState": "BULLISH",
        "revRisk": 0.6064947880835557,
        "ticker": "1001",
        "upProb": 0.704456631405692
      }
    ],
    "sell": [
      {
        "frameSignals": {
          "effectiveRevRisk": 0.6064947880835557,
          "effectiveUpProb": 0.704456631405692,
          "frameState": "BULLISH",
          "monthlyBoxMonths": 13.0,
          "monthlyBoxPos": 0.7687411598302687,
          "monthlyBoxRangePct": 0.10621995192307693,
          "monthlyBoxState": "box_upper",
          "monthlyBoxWild": false,
          "monthlyBreakoutDownProb": 0.5655216383213214,
          "monthlyBreakoutUpProb": 0.704456631405692,
          "monthlyRangePos": 0.6984785615491009,
          "monthlyRangeProb": 0.7546885299361372,
          "monthlyRangeWidth": 0.0736452532934945,
          "monthlyRegimeAligned": null,
          "weeklyBreakoutDownProb": 0.6064947880835557,
          "weeklyBreakoutUpProb": 0.5640370880548778,
          "weeklyRangeProb": 0.7924020449622147,
          "weeklyRegimeAligned": null
        },
        "frameState": "BULLISH",
        "revRisk": 0.6064947880835557,
        "ticker": "1001",
        "upProb": 0.704456631405692
      },
      {
        "frameSignals": {
          "effectiveRevRisk": 0.581909673568945,
          "effectiveUpProb": 0.705195036446,
          "frameState": "BULLISH",
          "monthlyBoxMonths": 13.0,
          "monthlyBoxPos": 0.8416370106761566,
          "monthlyBoxRangePct": 0.15516289342904474,
          "monthlyBoxState": "box_upper",
          "monthlyBoxWild": false,
          "monthlyBreakoutDownProb": 0.4754124277503478,
          "monthlyBreakoutUpProb": 0.705195036446,
          "monthlyRangePos": 0.8282608695652174,
          "monthlyRangeProb": 0.611030892874917,
          "monthlyRangeWidth": 0.11020603737422137,
          "monthlyRegimeAligned": null,
          "weeklyBreakoutDownProb": 0.581909673568945,
          "weeklyBreakoutUpProb": 0.616909673568945,
          "weeklyRangeProb": 0.8165750687632986,
          "weeklyRegimeAligned": null
        },
        "frameState": "BULLISH",
        "revRisk": 0.581909673568945,
        "ticker": "1308",
        "upProb": 0.705195036446
      },
      {
        "frameSignals": {
          "effectiveRevRisk": 0.5776982953378518,
          "effectiveUpProb": 0.6934956166272656,
          "frameState": "BULLISH",
          "monthlyBoxMonths": 13.0,
          "monthlyBoxPos": 0.8304195804195804,
          "monthlyBoxRangePct": 0.156198798470781,
          "monthlyBoxState": "box_upper",
          "monthlyBoxWild": false,
          "monthlyBreakoutDownProb": 0.47912061662726557,
          "monthlyBreakoutUpProb": 0.6934956166272656,
          "monthlyRangePos": 0.80625,
          "monthlyRangeProb": 0.6217164105594957,
          "monthlyRangeWidth": 0.11347517730496454,
          "monthlyRegimeAligned": null,
          "weeklyBreakoutDownProb": 0.5776982953378518,
          "weeklyBreakoutUpProb": 0.6181427397822963,
          "weeklyRangeProb": 0.8093707126720067,
          "weeklyRegimeAligned": null
        },
        "frameState": "BULLISH",
        "revRisk": 0.5776982953378518,
        "ticker": "1306",
        "upProb": 0.6934956166272656
      }
    ]
  },
  "stage": {
    "goal20Reached": false,
    "goal30Reached": false,
    "stage2Active": false
  }
}