{
  "actions": [],
  "asOf": "2012-07-05",
  "checks": {
    "exposureOk": true,
    "lossLimitOk": true,
    "maxHoldingsOk": true,
    "noFutureLeakOk": true,
    "unitRuleOk": true
  },
  "mode": "BACKTEST",
  "policyVersion": "toredex.v8",
  "seasonId": "toredex_multiframe_20260318",
  "signals": {
    "buy": [
      {
        "frameSignals": {
          "effectiveRevRisk": 0.5854781301979202,
          "effectiveUpProb": 0.48108700148862504,
          "frameState": "BEARISH",
          "monthlyBoxMonths": 3.0,
          "monthlyBoxPos": 0.611764705882353,
          "monthlyBoxRangePct": 0.11772853185595568,
          "monthlyBoxState": "box_mid",
          "monthlyBoxWild": false,
          "monthlyBreakoutDownProb": 0.5854781301979202,
          "monthlyBreakoutUpProb": 0.4721687776799346,
          "monthlyRangePos": 0.3381294964028777,
          "monthlyRangeProb": 0.6548456385007467,
          "monthlyRangeWidth": 0.1605080831408776,
          "monthlyRegimeAligned": null,
          "weeklyBreakoutDownProb": 0.5436697829455788,
          "weeklyBreakoutUpProb": 0.48108700148862504,
          "weeklyRangeProb": 0.6861371366178031,
          "weeklyRegimeAligned": null
        },
        "frameState": "BEARISH",
        "revRisk": 0.5854781301979202,
        "ticker": "1308",
        "upProb": 0.48108700148862504
      },
      {
        "frameSignals": {
          "effectiveRevRisk": 0.5789074053063614,
          "effectiveUpProb": 0.4870157565530001,
          "frameState": "BEARISH",
          "monthlyBoxMonths": 3.0,
          "monthlyBoxPos": 0.610337972166998,
          "monthlyBoxRangePct": 0.11884229178972239,
          "monthlyBoxState": "box_mid",
          "monthlyBoxWild": false,
          "monthlyBreakoutDownProb": 0.5632134521260748,
          "monthlyBreakoutUpProb": 0.4870157565530001,
          "monthlyRangePos": 0.391146149181322,
          "monthlyRangeProb": 0.6875741095554697,
          "monthlyRangeWidth": 0.1635425964494694,
          "monthlyRegimeAligned": null,
          "weeklyBreakoutDownProb": 0.5789074053063614,
          "weeklyBreakoutUpProb": 0.4634840778936912,
          "weeklyRangeProb": 0.64371709447827,
          "weeklyRegimeAligned": null
        },
        "frameState": "BEARISH",
        "revRisk": 0.5789074053063614,
        "ticker": "1001",
        "upProb": 0.4870157565530001
      },
      {
        "frameSignals": {
          "effectiveRevRisk": 0.5495040123507602,
          "effectiveUpProb": 0.5117342281780983,
          "frameState": "MIXED",
          "monthlyBoxMonths": 3.0,
          "monthlyBoxPos": 0.6979166666666666,
          "monthlyBoxRangePct": 0.13150684931506848,
          "monthlyBoxState": "box_mid",
          "monthlyBoxWild": false,
          "monthlyBreakoutDownProb": 0.5495040123507602,
          "monthlyBreakoutUpProb": 0.5117342281780983,
          "monthlyRangePos": 0.4460431654676259,
          "monthlyRangeProb": 0.7325073579580272,
          "monthlyRangeWidth": 0.15903890160183065,
          "monthlyRegimeAligned": null,
          "weeklyBreakoutDownProb": 0.5419334069168507,
          "weeklyBreakoutUpProb": 0.488622148638705,
          "weeklyRangeProb": 0.698835206368319,
          "weeklyRegimeAligned": null
        },
        "frameState": "MIXED",
        "revRisk": 0.5495040123507602,
        "ticker": "1306",
        "upProb": 0.5117342281780983
      }
    ],
    "sell": [
      {
        "frameSignals": {
          "effectiveRevRisk": 0.5789074053063614,
          "effectiveUpProb": 0.5789074053063614,
          "frameState": "BEARISH",
          "monthlyBoxMonths": 3.0,
          "monthlyBoxPos": 0.610337972166998,
          "monthlyBoxRangePct": 0.11884229178972239,
          "monthlyBoxState": "box_mid",
          "monthlyBoxWild": false,
          "monthlyBreakoutDownProb": 0.5632134521260748,
          "monthlyBreakoutUpProb": 0.4870157565530001,
          "monthlyRangePos": 0.391146149181322,
          "monthlyRangeProb": 0.6875741095554697,
          "monthlyRangeWidth": 0.1635425964494694,
          "monthlyRegimeAligned": null,
          "weeklyBreakoutDownProb": 0.5789074053063614,
          "weeklyBreakoutUpProb": 0.4634840778936912,
          "weeklyRangeProb": 0.64371709447827,
          "weeklyRegimeAligned": null
        },
        "frameState": "BEARISH",
        "revRisk": 0.5789074053063614,
        "ticker": "1001",
        "upProb": 0.5789074053063614
      },
      {
        "frameSignals": {
          "effectiveRevRisk": 0.5854781301979202,
          "effectiveUpProb": 0.5436697829455788,
          "frameState": "BEARISH",
          "monthlyBoxMonths": 3.0,
          "monthlyBoxPos": 0.611764705882353,
          "monthlyBoxRangePct": 0.11772853185595568,
          "monthlyBoxState": "box_mid",
          "monthlyBoxWild": false,
          "monthlyBreakoutDownProb": 0.5854781301979202,
          "monthlyBreakoutUpProb": 0.4721687776799346,
          "monthlyRangePos": 0.3381294964028777,
          "monthlyRangeProb": 0.6548456385007467,
          "monthlyRangeWidth": 0.1605080831408776,
          "monthlyRegimeAligned": null,
          "weeklyBreakoutDownProb": 0.5436697829455788,
          "weeklyBreakoutUpProb": 0.48108700148862504,
          "weeklyRangeProb": 0.6861371366178031,
          "weeklyRegimeAligned": null
        },
        "frameState": "BEARISH",
        "revRisk": 0.5854781301979202,
        "ticker": "1308",
        "upProb": 0.5436697829455788
      },
      {
        "frameSignals": {
          "effectiveRevRisk": 0.5495040123507602,
          "effectiveUpProb": 0.5419334069168507,
          "frameState": "MIXED",
          "monthlyBoxMonths": 3.0,
          "monthlyBoxPos": 0.6979166666666666,
          "monthlyBoxRangePct": 0.13150684931506848,
          "monthlyBoxState": "box_mid",
          "monthlyBoxWild": false,
          "monthlyBreakoutDownProb": 0.5495040123507602,
          "monthlyBreakoutUpProb": 0.5117342281780983,
          "monthlyRangePos": 0.4460431654676259,
          "monthlyRangeProb": 0.7325073579580272,
          "monthlyRangeWidth": 0.15903890160183065,
          "monthlyRegimeAligned": null,
          "weeklyBreakoutDownProb": 0.5419334069168507,
          "weeklyBreakoutUpProb": 0.488622148638705,
          "weeklyRangeProb": 0.698835206368319,
          "weeklyRegimeAligned": null
        },
        "frameState": "MIXED",
        "revRisk": 0.5495040123507602,
        "ticker": "1306",
        "upProb": 0.5419334069168507
      }
    ]
  },
  "stage": {
    "goal20Reached": false,
    "goal30Reached": false,
    "stage2Active": false
  }
}