{
  "actions": [],
  "asOf": "2019-03-06",
  "checks": {
    "exposureOk": true,
    "lossLimitOk": true,
    "maxHoldingsOk": true,
    "noFutureLeakOk": true,
    "unitRuleOk": true
  },
  "mode": "BACKTEST",
  "policyVersion": "toredex.v8",
  "seasonId": "toredex_multiframe_20260318",
  "signals": {
    "buy": [
      {
        "frameSignals": {
          "effectiveRevRisk": 0.5508703073921755,
          "effectiveUpProb": 0.6053552892584442,
          "frameState": "MIXED",
          "monthlyBoxMonths": 5.0,
          "monthlyBoxPos": 0.7021276595744681,
          "monthlyBoxRangePct": 0.15782404298186703,
          "monthlyBoxState": "box_mid",
          "monthlyBoxWild": false,
          "monthlyBreakoutDownProb": 0.5508703073921755,
          "monthlyBreakoutUpProb": 0.4684544052515026,
          "monthlyRangePos": 0.382262996941896,
          "monthlyRangeProb": 0.6630941553305916,
          "monthlyRangeWidth": 0.17618534482758622,
          "monthlyRegimeAligned": null,
          "weeklyBreakoutDownProb": 0.5145042254286569,
          "weeklyBreakoutUpProb": 0.6053552892584442,
          "weeklyRangeProb": 0.7140659221216815,
          "weeklyRegimeAligned": null
        },
        "frameState": "MIXED",
        "revRisk": 0.5508703073921755,
        "ticker": "1308",
        "upProb": 0.6053552892584442
      },
      {
        "frameSignals": {
          "effectiveRevRisk": 0.5548039942133305,
          "effectiveUpProb": 0.6049052491946182,
          "frameState": "MIXED",
          "monthlyBoxMonths": 5.0,
          "monthlyBoxPos": 0.690677966101695,
          "monthlyBoxRangePct": 0.15660252156602522,
          "monthlyBoxState": "box_mid",
          "monthlyBoxWild": false,
          "monthlyBreakoutDownProb": 0.5548039942133305,
          "monthlyBreakoutUpProb": 0.466506121872905,
          "monthlyRangePos": 0.3738601823708207,
          "monthlyRangeProb": 0.6583853780741682,
          "monthlyRangeWidth": 0.17537313432835822,
          "monthlyRegimeAligned": null,
          "weeklyBreakoutDownProb": 0.5115719158612848,
          "weeklyBreakoutUpProb": 0.6049052491946182,
          "weeklyRangeProb": 0.7095849914724275,
          "weeklyRegimeAligned": null
        },
        "frameState": "MIXED",
        "revRisk": 0.5548039942133305,
        "ticker": "1306",
        "upProb": 0.6049052491946182
      },
      {
        "frameSignals": {
          "effectiveRevRisk": 0.557087018947226,
          "effectiveUpProb": 0.6092754961544015,
          "frameState": "MIXED",
          "monthlyBoxMonths": 5.0,
          "monthlyBoxPos": 0.6526563550773369,
          "monthlyBoxRangePct": 0.1513100992113966,
          "monthlyBoxState": "box_mid",
          "monthlyBoxWild": false,
          "monthlyBreakoutDownProb": 0.557087018947226,
          "monthlyBreakoutUpProb": 0.4767898927903823,
          "monthlyRangePos": 0.3852898197759376,
          "monthlyRangeProb": 0.6738119580517431,
          "monthlyRangeWidth": 0.17023217247097844,
          "monthlyRegimeAligned": null,
          "weeklyBreakoutDownProb": 0.503258898644028,
          "weeklyBreakoutUpProb": 0.6092754961544015,
          "weeklyRangeProb": 0.6945719085068802,
          "weeklyRegimeAligned": null
        },
        "frameState": "MIXED",
        "revRisk": 0.557087018947226,
        "ticker": "1001",
        "upProb": 0.6092754961544015
      }
    ],
    "sell": [
      {
        "frameSignals": {
          "effectiveRevRisk": 0.557087018947226,
          "effectiveUpProb": 0.6092754961544015,
          "frameState": "MIXED",
          "monthlyBoxMonths": 5.0,
          "monthlyBoxPos": 0.6526563550773369,
          "monthlyBoxRangePct": 0.1513100992113966,
          "monthlyBoxState": "box_mid",
          "monthlyBoxWild": false,
          "monthlyBreakoutDownProb": 0.557087018947226,
          "monthlyBreakoutUpProb": 0.4767898927903823,
          "monthlyRangePos": 0.3852898197759376,
          "monthlyRangeProb": 0.6738119580517431,
          "monthlyRangeWidth": 0.17023217247097844,
          "monthlyRegimeAligned": null,
          "weeklyBreakoutDownProb": 0.503258898644028,
          "weeklyBreakoutUpProb": 0.6092754961544015,
          "weeklyRangeProb": 0.6945719085068802,
          "weeklyRegimeAligned": null
        },
        "frameState": "MIXED",
        "revRisk": 0.557087018947226,
        "ticker": "1001",
        "upProb": 0.6092754961544015
      },
      {
        "frameSignals": {
          "effectiveRevRisk": 0.5548039942133305,
          "effectiveUpProb": 0.6049052491946182,
          "frameState": "MIXED",
          "monthlyBoxMonths": 5.0,
          "monthlyBoxPos": 0.690677966101695,
          "monthlyBoxRangePct": 0.15660252156602522,
          "monthlyBoxState": "box_mid",
          "monthlyBoxWild": false,
          "monthlyBreakoutDownProb": 0.5548039942133305,
          "monthlyBreakoutUpProb": 0.466506121872905,
          "monthlyRangePos": 0.3738601823708207,
          "monthlyRangeProb": 0.6583853780741682,
          "monthlyRangeWidth": 0.17537313432835822,
          "monthlyRegimeAligned": null,
          "weeklyBreakoutDownProb": 0.5115719158612848,
          "weeklyBreakoutUpProb": 0.6049052491946182,
          "weeklyRangeProb": 0.7095849914724275,
          "weeklyRegimeAligned": null
        },
        "frameState": "MIXED",
        "revRisk": 0.5548039942133305,
        "ticker": "1306",
        "upProb": 0.6049052491946182
      },
      {
        "frameSignals": {
          "effectiveRevRisk": 0.5508703073921755,
          "effectiveUpProb": 0.6053552892584442,
          "frameState": "MIXED",
          "monthlyBoxMonths": 5.0,
          "monthlyBoxPos": 0.7021276595744681,
          "monthlyBoxRangePct": 0.15782404298186703,
          "monthlyBoxState": "box_mid",
          "monthlyBoxWild": false,
          "monthlyBreakoutDownProb": 0.5508703073921755,
          "monthlyBreakoutUpProb": 0.4684544052515026,
          "monthlyRangePos": 0.382262996941896,
          "monthlyRangeProb": 0.6630941553305916,
          "monthlyRangeWidth": 0.17618534482758622,
          "monthlyRegimeAligned": null,
          "weeklyBreakoutDownProb": 0.5145042254286569,
          "weeklyBreakoutUpProb": 0.6053552892584442,
          "weeklyRangeProb": 0.7140659221216815,
          "weeklyRegimeAligned": null
        },
        "frameState": "MIXED",
        "revRisk": 0.5508703073921755,
        "ticker": "1308",
        "upProb": 0.6053552892584442
      }
    ]
  },
  "stage": {
    "goal20Reached": false,
    "goal30Reached": false,
    "stage2Active": false
  }
}