{
  "actions": [],
  "asOf": "2017-05-09",
  "checks": {
    "exposureOk": true,
    "lossLimitOk": true,
    "maxHoldingsOk": true,
    "noFutureLeakOk": true,
    "unitRuleOk": true
  },
  "mode": "BACKTEST",
  "policyVersion": "toredex.v8",
  "seasonId": "toredex_multiframe_20260318",
  "signals": {
    "buy": [
      {
        "frameSignals": {
          "effectiveRevRisk": 0.5073015873015874,
          "effectiveUpProb": 0.8347540983606557,
          "frameState": "BULLISH",
          "monthlyBoxMonths": 8.0,
          "monthlyBoxPos": 1.0,
          "monthlyBoxRangePct": 0.2,
          "monthlyBoxState": "box_upper",
          "monthlyBoxWild": false,
          "monthlyBreakoutDownProb": 0.3257461118116856,
          "monthlyBreakoutUpProb": 0.8347540983606557,
          "monthlyRangePos": 1.0,
          "monthlyRangeProb": 0.2210382513661202,
          "monthlyRangeWidth": 0.18348045397225726,
          "monthlyRegimeAligned": null,
          "weeklyBreakoutDownProb": 0.5073015873015874,
          "weeklyBreakoutUpProb": 0.783968253968254,
          "weeklyRangeProb": 0.6295382395382396,
          "weeklyRegimeAligned": null
        },
        "frameState": "BULLISH",
        "revRisk": 0.5073015873015874,
        "ticker": "1306",
        "upProb": 0.8347540983606557
      },
      {
        "frameSignals": {
          "effectiveRevRisk": 0.5086980852211435,
          "effectiveUpProb": 0.8313940165499681,
          "frameState": "BULLISH",
          "monthlyBoxMonths": 8.0,
          "monthlyBoxPos": 1.0,
          "monthlyBoxRangePct": 0.19807834441980784,
          "monthlyBoxState": "box_upper",
          "monthlyBoxWild": false,
          "monthlyBreakoutDownProb": 0.32438291251149304,
          "monthlyBreakoutUpProb": 0.8313940165499681,
          "monthlyRangePos": 1.0,
          "monthlyRangeProb": 0.22422731452012162,
          "monthlyRangeWidth": 0.18459579885423297,
          "monthlyRegimeAligned": null,
          "weeklyBreakoutDownProb": 0.5086980852211435,
          "weeklyBreakoutUpProb": 0.7839408036677454,
          "weeklyRangeProb": 0.6317711704422869,
          "weeklyRegimeAligned": null
        },
        "frameState": "BULLISH",
        "revRisk": 0.5086980852211435,
        "ticker": "1308",
        "upProb": 0.8313940165499681
      },
      {
        "frameSignals": {
          "effectiveRevRisk": 0.5147369210606414,
          "effectiveUpProb": 0.8379672848510106,
          "frameState": "BULLISH",
          "monthlyBoxMonths": 8.0,
          "monthlyBoxPos": 1.0,
          "monthlyBoxRangePct": 0.19781480140045876,
          "monthlyBoxState": "box_upper",
          "monthlyBoxWild": false,
          "monthlyBreakoutDownProb": 0.3194484962144892,
          "monthlyBreakoutUpProb": 0.8379672848510106,
          "monthlyRangePos": 1.0,
          "monthlyRangeProb": 0.209005348336459,
          "monthlyRangeWidth": 0.18863304855178162,
          "monthlyRegimeAligned": null,
          "weeklyBreakoutDownProb": 0.5147369210606414,
          "weeklyBreakoutUpProb": 0.7770300652686792,
          "weeklyRangeProb": 0.6442055295320153,
          "weeklyRegimeAligned": null
        },
        "frameState": "BULLISH",
        "revRisk": 0.5147369210606414,
        "ticker": "1001",
        "upProb": 0.8379672848510106
      }
    ],
    "sell": [
      {
        "frameSignals": {
          "effectiveRevRisk": 0.5147369210606414,
          "effectiveUpProb": 0.8379672848510106,
          "frameState": "BULLISH",
          "monthlyBoxMonths": 8.0,
          "monthlyBoxPos": 1.0,
          "monthlyBoxRangePct": 0.19781480140045876,
          "monthlyBoxState": "box_upper",
          "monthlyBoxWild": false,
          "monthlyBreakoutDownProb": 0.3194484962144892,
          "monthlyBreakoutUpProb": 0.8379672848510106,
          "monthlyRangePos": 1.0,
          "monthlyRangeProb": 0.209005348336459,
          "monthlyRangeWidth": 0.18863304855178162,
          "monthlyRegimeAligned": null,
          "weeklyBreakoutDownProb": 0.5147369210606414,
          "weeklyBreakoutUpProb": 0.7770300652686792,
          "weeklyRangeProb": 0.6442055295320153,
          "weeklyRegimeAligned": null
        },
        "frameState": "BULLISH",
        "revRisk": 0.5147369210606414,
        "ticker": "1001",
        "upProb": 0.8379672848510106
      },
      {
        "frameSignals": {
          "effectiveRevRisk": 0.5086980852211435,
          "effectiveUpProb": 0.8313940165499681,
          "frameState": "BULLISH",
          "monthlyBoxMonths": 8.0,
          "monthlyBoxPos": 1.0,
          "monthlyBoxRangePct": 0.19807834441980784,
          "monthlyBoxState": "box_upper",
          "monthlyBoxWild": false,
          "monthlyBreakoutDownProb": 0.32438291251149304,
          "monthlyBreakoutUpProb": 0.8313940165499681,
          "monthlyRangePos": 1.0,
          "monthlyRangeProb": 0.22422731452012162,
          "monthlyRangeWidth": 0.18459579885423297,
          "monthlyRegimeAligned": null,
          "weeklyBreakoutDownProb": 0.5086980852211435,
          "weeklyBreakoutUpProb": 0.7839408036677454,
          "weeklyRangeProb": 0.6317711704422869,
          "weeklyRegimeAligned": null
        },
        "frameState": "BULLISH",
        "revRisk": 0.5086980852211435,
        "ticker": "1308",
        "upProb": 0.8313940165499681
      },
      {
        "frameSignals": {
          "effectiveRevRisk": 0.5073015873015874,
          "effectiveUpProb": 0.8347540983606557,
          "frameState": "BULLISH",
          "monthlyBoxMonths": 8.0,
          "monthlyBoxPos": 1.0,
          "monthlyBoxRangePct": 0.2,
          "monthlyBoxState": "box_upper",
          "monthlyBoxWild": false,
          "monthlyBreakoutDownProb": 0.3257461118116856,
          "monthlyBreakoutUpProb": 0.8347540983606557,
          "monthlyRangePos": 1.0,
          "monthlyRangeProb": 0.2210382513661202,
          "monthlyRangeWidth": 0.18348045397225726,
          "monthlyRegimeAligned": null,
          "weeklyBreakoutDownProb": 0.5073015873015874,
          "weeklyBreakoutUpProb": 0.783968253968254,
          "weeklyRangeProb": 0.6295382395382396,
          "weeklyRegimeAligned": null
        },
        "frameState": "BULLISH",
        "revRisk": 0.5073015873015874,
        "ticker": "1306",
        "upProb": 0.8347540983606557
      }
    ]
  },
  "stage": {
    "goal20Reached": false,
    "goal30Reached": false,
    "stage2Active": false
  }
}