{
  "asOf": "2026-01-28",
  "cash": 2611261.817816,
  "cum_pnl": 2112953.844678,
  "cum_return_pct": 21.129538,
  "daily_pnl": 572697.944022,
  "equity": 12112953.844678,
  "game_over": false,
  "goal20_reached": true,
  "goal30_reached": false,
  "holdings_count": 3,
  "max_drawdown_pct": -4.262253,
  "season_id": "tradex_demo_202601_v3"
}