{
  "actions": [],
  "asOf": "2011-01-27",
  "checks": {
    "exposureOk": true,
    "lossLimitOk": true,
    "maxHoldingsOk": true,
    "noFutureLeakOk": true,
    "unitRuleOk": true
  },
  "mode": "BACKTEST",
  "policyVersion": "toredex.v8",
  "seasonId": "toredex_multiframe_20260318",
  "signals": {
    "buy": [
      {
        "frameSignals": {
          "effectiveRevRisk": 0.444001080347672,
          "effectiveUpProb": 0.6849846869050491,
          "frameState": "BULLISH",
          "monthlyBoxMonths": 8.0,
          "monthlyBoxPos": 1.0,
          "monthlyBoxRangePct": 0.16750629722921914,
          "monthlyBoxState": "box_upper",
          "monthlyBoxWild": false,
          "monthlyBreakoutDownProb": 0.4198124554149248,
          "monthlyBreakoutUpProb": 0.5521958751040439,
          "monthlyRangePos": 0.689119170984456,
          "monthlyRangeProb": 0.585166957435726,
          "monthlyRangeWidth": 0.1955420466058764,
          "monthlyRegimeAligned": null,
          "weeklyBreakoutDownProb": 0.444001080347672,
          "weeklyBreakoutUpProb": 0.6849846869050491,
          "weeklyRangeProb": 0.5693261650010489,
          "weeklyRegimeAligned": null
        },
        "frameState": "BULLISH",
        "revRisk": 0.444001080347672,
        "ticker": "1308",
        "upProb": 0.6849846869050491
      },
      {
        "frameSignals": {
          "effectiveRevRisk": 0.44765915667631256,
          "effectiveUpProb": 0.6838380184649304,
          "frameState": "BULLISH",
          "monthlyBoxMonths": 8.0,
          "monthlyBoxPos": 1.0,
          "monthlyBoxRangePct": 0.16955445544554457,
          "monthlyBoxState": "box_upper",
          "monthlyBoxWild": false,
          "monthlyBreakoutDownProb": 0.4215100665755825,
          "monthlyBreakoutUpProb": 0.546384438434879,
          "monthlyRangePos": 0.678391959798995,
          "monthlyRangeProb": 0.590245108374158,
          "monthlyRangeWidth": 0.19722497522299307,
          "monthlyRegimeAligned": null,
          "weeklyBreakoutDownProb": 0.44765915667631256,
          "weeklyBreakoutUpProb": 0.6838380184649304,
          "weeklyRangeProb": 0.5756149235221166,
          "weeklyRegimeAligned": null
        },
        "frameState": "BULLISH",
        "revRisk": 0.44765915667631256,
        "ticker": "1306",
        "upProb": 0.6838380184649304
      },
      {
        "frameSignals": {
          "effectiveRevRisk": 0.45002729651996876,
          "effectiveUpProb": 0.6690532250413422,
          "frameState": "BULLISH",
          "monthlyBoxMonths": 8.0,
          "monthlyBoxPos": 1.0,
          "monthlyBoxRangePct": 0.18744333635539437,
          "monthlyBoxState": "box_upper",
          "monthlyBoxWild": false,
          "monthlyBreakoutDownProb": 0.39476821391124634,
          "monthlyBreakoutUpProb": 0.5559381918361912,
          "monthlyRangePos": 0.730242825607064,
          "monthlyRangeProb": 0.543792898198541,
          "monthlyRangeWidth": 0.20425647037604833,
          "monthlyRegimeAligned": null,
          "weeklyBreakoutDownProb": 0.45002729651996876,
          "weeklyBreakoutUpProb": 0.6690532250413422,
          "weeklyRangeProb": 0.5854307433103102,
          "weeklyRegimeAligned": null
        },
        "frameState": "BULLISH",
        "revRisk": 0.45002729651996876,
        "ticker": "1001",
        "upProb": 0.6690532250413422
      }
    ],
    "sell": [
      {
        "frameSignals": {
          "effectiveRevRisk": 0.44765915667631256,
          "effectiveUpProb": 0.6838380184649304,
          "frameState": "BULLISH",
          "monthlyBoxMonths": 8.0,
          "monthlyBoxPos": 1.0,
          "monthlyBoxRangePct": 0.16955445544554457,
          "monthlyBoxState": "box_upper",
          "monthlyBoxWild": false,
          "monthlyBreakoutDownProb": 0.4215100665755825,
          "monthlyBreakoutUpProb": 0.546384438434879,
          "monthlyRangePos": 0.678391959798995,
          "monthlyRangeProb": 0.590245108374158,
          "monthlyRangeWidth": 0.19722497522299307,
          "monthlyRegimeAligned": null,
          "weeklyBreakoutDownProb": 0.44765915667631256,
          "weeklyBreakoutUpProb": 0.6838380184649304,
          "weeklyRangeProb": 0.5756149235221166,
          "weeklyRegimeAligned": null
        },
        "frameState": "BULLISH",
        "revRisk": 0.44765915667631256,
        "ticker": "1306",
        "upProb": 0.6838380184649304
      },
      {
        "frameSignals": {
          "effectiveRevRisk": 0.444001080347672,
          "effectiveUpProb": 0.6849846869050491,
          "frameState": "BULLISH",
          "monthlyBoxMonths": 8.0,
          "monthlyBoxPos": 1.0,
          "monthlyBoxRangePct": 0.16750629722921914,
          "monthlyBoxState": "box_upper",
          "monthlyBoxWild": false,
          "monthlyBreakoutDownProb": 0.4198124554149248,
          "monthlyBreakoutUpProb": 0.5521958751040439,
          "monthlyRangePos": 0.689119170984456,
          "monthlyRangeProb": 0.585166957435726,
          "monthlyRangeWidth": 0.1955420466058764,
          "monthlyRegimeAligned": null,
          "weeklyBreakoutDownProb": 0.444001080347672,
          "weeklyBreakoutUpProb": 0.6849846869050491,
          "weeklyRangeProb": 0.5693261650010489,
          "weeklyRegimeAligned": null
        },
        "frameState": "BULLISH",
        "revRisk": 0.444001080347672,
        "ticker": "1308",
        "upProb": 0.6849846869050491
      },
      {
        "frameSignals": {
          "effectiveRevRisk": 0.45002729651996876,
          "effectiveUpProb": 0.6690532250413422,
          "frameState": "BULLISH",
          "monthlyBoxMonths": 8.0,
          "monthlyBoxPos": 1.0,
          "monthlyBoxRangePct": 0.18744333635539437,
          "monthlyBoxState": "box_upper",
          "monthlyBoxWild": false,
          "monthlyBreakoutDownProb": 0.39476821391124634,
          "monthlyBreakoutUpProb": 0.5559381918361912,
          "monthlyRangePos": 0.730242825607064,
          "monthlyRangeProb": 0.543792898198541,
          "monthlyRangeWidth": 0.20425647037604833,
          "monthlyRegimeAligned": null,
          "weeklyBreakoutDownProb": 0.45002729651996876,
          "weeklyBreakoutUpProb": 0.6690532250413422,
          "weeklyRangeProb": 0.5854307433103102,
          "weeklyRegimeAligned": null
        },
        "frameState": "BULLISH",
        "revRisk": 0.45002729651996876,
        "ticker": "1001",
        "upProb": 0.6690532250413422
      }
    ]
  },
  "stage": {
    "goal20Reached": false,
    "goal30Reached": false,
    "stage2Active": false
  }
}