{
  "actions": [],
  "asOf": "2010-12-22",
  "checks": {
    "exposureOk": true,
    "lossLimitOk": true,
    "maxHoldingsOk": true,
    "noFutureLeakOk": true,
    "unitRuleOk": true
  },
  "mode": "BACKTEST",
  "policyVersion": "toredex.v8",
  "seasonId": "toredex_multiframe_20260318",
  "signals": {
    "buy": [
      {
        "frameSignals": {
          "effectiveRevRisk": 0.4654799158218137,
          "effectiveUpProb": 0.8071411012782694,
          "frameState": "BULLISH",
          "monthlyBoxMonths": 7.0,
          "monthlyBoxPos": 1.0,
          "monthlyBoxRangePct": 0.13861386138613863,
          "monthlyBoxState": "box_upper",
          "monthlyBoxWild": false,
          "monthlyBreakoutDownProb": 0.4654799158218137,
          "monthlyBreakoutUpProb": 0.5024145891886478,
          "monthlyRangePos": 0.5527638190954773,
          "monthlyRangeProb": 0.6781848068666203,
          "monthlyRangeWidth": 0.19722497522299307,
          "monthlyRegimeAligned": null,
          "weeklyBreakoutDownProb": 0.4377826941986235,
          "weeklyBreakoutUpProb": 0.8071411012782694,
          "weeklyRangeProb": 0.4399459193706982,
          "weeklyRegimeAligned": null
        },
        "frameState": "BULLISH",
        "revRisk": 0.4654799158218137,
        "ticker": "1306",
        "upProb": 0.8071411012782694
      },
      {
        "frameSignals": {
          "effectiveRevRisk": 0.4669627144822823,
          "effectiveUpProb": 0.8052674433170487,
          "frameState": "BULLISH",
          "monthlyBoxMonths": 7.0,
          "monthlyBoxPos": 1.0,
          "monthlyBoxRangePct": 0.13476070528967254,
          "monthlyBoxState": "box_upper",
          "monthlyBoxWild": false,
          "monthlyBreakoutDownProb": 0.4669627144822823,
          "monthlyBreakoutUpProb": 0.5050456160366864,
          "monthlyRangePos": 0.5544041450777202,
          "monthlyRangeProb": 0.6794674755704411,
          "monthlyRangeWidth": 0.1955420466058764,
          "monthlyRegimeAligned": null,
          "weeklyBreakoutDownProb": 0.43976575222347497,
          "weeklyBreakoutUpProb": 0.8052674433170487,
          "weeklyRangeProb": 0.4577163973443568,
          "weeklyRegimeAligned": null
        },
        "frameState": "BULLISH",
        "revRisk": 0.4669627144822823,
        "ticker": "1308",
        "upProb": 0.8052674433170487
      },
      {
        "frameSignals": {
          "effectiveRevRisk": 0.41516556490462386,
          "effectiveUpProb": 0.7652324834873068,
          "frameState": "BULLISH",
          "monthlyBoxMonths": 7.0,
          "monthlyBoxPos": 1.0,
          "monthlyBoxRangePct": 0.17248413417951042,
          "monthlyBoxState": "box_upper",
          "monthlyBoxWild": false,
          "monthlyBreakoutDownProb": 0.41516556490462386,
          "monthlyBreakoutUpProb": 0.5355408408428136,
          "monthlyRangePos": 0.6719646799116997,
          "monthlyRangeProb": 0.584587600185296,
          "monthlyRangeWidth": 0.20425647037604833,
          "monthlyRegimeAligned": null,
          "weeklyBreakoutDownProb": 0.4039701193701782,
          "weeklyBreakoutUpProb": 0.7652324834873068,
          "weeklyRangeProb": 0.43236977551442346,
          "weeklyRegimeAligned": null
        },
        "frameState": "BULLISH",
        "revRisk": 0.41516556490462386,
        "ticker": "1001",
        "upProb": 0.7652324834873068
      }
    ],
    "sell": [
      {
        "frameSignals": {
          "effectiveRevRisk": 0.4669627144822823,
          "effectiveUpProb": 0.8052674433170487,
          "frameState": "BULLISH",
          "monthlyBoxMonths": 7.0,
          "monthlyBoxPos": 1.0,
          "monthlyBoxRangePct": 0.13476070528967254,
          "monthlyBoxState": "box_upper",
          "monthlyBoxWild": false,
          "monthlyBreakoutDownProb": 0.4669627144822823,
          "monthlyBreakoutUpProb": 0.5050456160366864,
          "monthlyRangePos": 0.5544041450777202,
          "monthlyRangeProb": 0.6794674755704411,
          "monthlyRangeWidth": 0.1955420466058764,
          "monthlyRegimeAligned": null,
          "weeklyBreakoutDownProb": 0.43976575222347497,
          "weeklyBreakoutUpProb": 0.8052674433170487,
          "weeklyRangeProb": 0.4577163973443568,
          "weeklyRegimeAligned": null
        },
        "frameState": "BULLISH",
        "revRisk": 0.4669627144822823,
        "ticker": "1308",
        "upProb": 0.8052674433170487
      },
      {
        "frameSignals": {
          "effectiveRevRisk": 0.4654799158218137,
          "effectiveUpProb": 0.8071411012782694,
          "frameState": "BULLISH",
          "monthlyBoxMonths": 7.0,
          "monthlyBoxPos": 1.0,
          "monthlyBoxRangePct": 0.13861386138613863,
          "monthlyBoxState": "box_upper",
          "monthlyBoxWild": false,
          "monthlyBreakoutDownProb": 0.4654799158218137,
          "monthlyBreakoutUpProb": 0.5024145891886478,
          "monthlyRangePos": 0.5527638190954773,
          "monthlyRangeProb": 0.6781848068666203,
          "monthlyRangeWidth": 0.19722497522299307,
          "monthlyRegimeAligned": null,
          "weeklyBreakoutDownProb": 0.4377826941986235,
          "weeklyBreakoutUpProb": 0.8071411012782694,
          "weeklyRangeProb": 0.4399459193706982,
          "weeklyRegimeAligned": null
        },
        "frameState": "BULLISH",
        "revRisk": 0.4654799158218137,
        "ticker": "1306",
        "upProb": 0.8071411012782694
      },
      {
        "frameSignals": {
          "effectiveRevRisk": 0.41516556490462386,
          "effectiveUpProb": 0.7652324834873068,
          "frameState": "BULLISH",
          "monthlyBoxMonths": 7.0,
          "monthlyBoxPos": 1.0,
          "monthlyBoxRangePct": 0.17248413417951042,
          "monthlyBoxState": "box_upper",
          "monthlyBoxWild": false,
          "monthlyBreakoutDownProb": 0.41516556490462386,
          "monthlyBreakoutUpProb": 0.5355408408428136,
          "monthlyRangePos": 0.6719646799116997,
          "monthlyRangeProb": 0.584587600185296,
          "monthlyRangeWidth": 0.20425647037604833,
          "monthlyRegimeAligned": null,
          "weeklyBreakoutDownProb": 0.4039701193701782,
          "weeklyBreakoutUpProb": 0.7652324834873068,
          "weeklyRangeProb": 0.43236977551442346,
          "weeklyRegimeAligned": null
        },
        "frameState": "BULLISH",
        "revRisk": 0.41516556490462386,
        "ticker": "1001",
        "upProb": 0.7652324834873068
      }
    ]
  },
  "stage": {
    "goal20Reached": false,
    "goal30Reached": false,
    "stage2Active": false
  }
}