{
  "actions": [],
  "asOf": "2022-05-02",
  "checks": {
    "exposureOk": true,
    "lossLimitOk": true,
    "maxHoldingsOk": true,
    "noFutureLeakOk": true,
    "unitRuleOk": true
  },
  "mode": "BACKTEST",
  "policyVersion": "toredex.v8",
  "seasonId": "toredex_multiframe_20260318",
  "signals": {
    "buy": [
      {
        "frameSignals": {
          "effectiveRevRisk": 0.7292309831734112,
          "effectiveUpProb": 0.645817503334853,
          "frameState": "BEARISH",
          "monthlyBoxMonths": 14.0,
          "monthlyBoxPos": 0.23225806451612904,
          "monthlyBoxRangePct": 0.07900101936799185,
          "monthlyBoxState": "box_lower",
          "monthlyBoxWild": false,
          "monthlyBreakoutDownProb": 0.7292309831734112,
          "monthlyBreakoutUpProb": 0.5439368655263525,
          "monthlyRangePos": 0.23529411764705882,
          "monthlyRangeProb": 0.7102141565846196,
          "monthlyRangeWidth": 0.07234042553191489,
          "monthlyRegimeAligned": null,
          "weeklyBreakoutDownProb": 0.5695017138611688,
          "weeklyBreakoutUpProb": 0.645817503334853,
          "weeklyRangeProb": 0.7850092025057832,
          "weeklyRegimeAligned": null
        },
        "frameState": "BEARISH",
        "revRisk": 0.7292309831734112,
        "ticker": "1306",
        "upProb": 0.645817503334853
      },
      {
        "frameSignals": {
          "effectiveRevRisk": 0.7305781823989778,
          "effectiveUpProb": 0.6423527805880748,
          "frameState": "BEARISH",
          "monthlyBoxMonths": 14.0,
          "monthlyBoxPos": 0.23026315789473684,
          "monthlyBoxRangePct": 0.07835051546391752,
          "monthlyBoxState": "box_lower",
          "monthlyBoxWild": false,
          "monthlyBreakoutDownProb": 0.7305781823989778,
          "monthlyBreakoutUpProb": 0.5472448490656445,
          "monthlyRangePos": 0.23809523809523808,
          "monthlyRangeProb": 0.7149257307139434,
          "monthlyRangeWidth": 0.07043603258265453,
          "monthlyRegimeAligned": null,
          "weeklyBreakoutDownProb": 0.5658171540524481,
          "weeklyBreakoutUpProb": 0.6423527805880748,
          "weeklyRangeProb": 0.7805647893883187,
          "weeklyRegimeAligned": null
        },
        "frameState": "BEARISH",
        "revRisk": 0.7305781823989778,
        "ticker": "1308",
        "upProb": 0.6423527805880748
      },
      {
        "frameSignals": {
          "effectiveRevRisk": 0.7436463247888796,
          "effectiveUpProb": 0.5584537030738802,
          "frameState": "BEARISH",
          "monthlyBoxMonths": 14.0,
          "monthlyBoxPos": 0.09979494190020506,
          "monthlyBoxRangePct": 0.11030686873256428,
          "monthlyBoxState": "box_lower",
          "monthlyBoxWild": false,
          "monthlyBreakoutDownProb": 0.7436463247888796,
          "monthlyBreakoutUpProb": 0.4635027841190232,
          "monthlyRangePos": 0.09979494190020506,
          "monthlyRangeProb": 0.5763536600484497,
          "monthlyRangeWidth": 0.09934809181040337,
          "monthlyRegimeAligned": null,
          "weeklyBreakoutDownProb": 0.5834330362235082,
          "weeklyBreakoutUpProb": 0.5584537030738802,
          "weeklyRangeProb": 0.7929537400715561,
          "weeklyRegimeAligned": null
        },
        "frameState": "BEARISH",
        "revRisk": 0.7436463247888796,
        "ticker": "1001",
        "upProb": 0.5584537030738802
      }
    ],
    "sell": [
      {
        "frameSignals": {
          "effectiveRevRisk": 0.7436463247888796,
          "effectiveUpProb": 0.5834330362235082,
          "frameState": "BEARISH",
          "monthlyBoxMonths": 14.0,
          "monthlyBoxPos": 0.09979494190020506,
          "monthlyBoxRangePct": 0.11030686873256428,
          "monthlyBoxState": "box_lower",
          "monthlyBoxWild": false,
          "monthlyBreakoutDownProb": 0.7436463247888796,
          "monthlyBreakoutUpProb": 0.4635027841190232,
          "monthlyRangePos": 0.09979494190020506,
          "monthlyRangeProb": 0.5763536600484497,
          "monthlyRangeWidth": 0.09934809181040337,
          "monthlyRegimeAligned": null,
          "weeklyBreakoutDownProb": 0.5834330362235082,
          "weeklyBreakoutUpProb": 0.5584537030738802,
          "weeklyRangeProb": 0.7929537400715561,
          "weeklyRegimeAligned": null
        },
        "frameState": "BEARISH",
        "revRisk": 0.7436463247888796,
        "ticker": "1001",
        "upProb": 0.5834330362235082
      },
      {
        "frameSignals": {
          "effectiveRevRisk": 0.7292309831734112,
          "effectiveUpProb": 0.645817503334853,
          "frameState": "BEARISH",
          "monthlyBoxMonths": 14.0,
          "monthlyBoxPos": 0.23225806451612904,
          "monthlyBoxRangePct": 0.07900101936799185,
          "monthlyBoxState": "box_lower",
          "monthlyBoxWild": false,
          "monthlyBreakoutDownProb": 0.7292309831734112,
          "monthlyBreakoutUpProb": 0.5439368655263525,
          "monthlyRangePos": 0.23529411764705882,
          "monthlyRangeProb": 0.7102141565846196,
          "monthlyRangeWidth": 0.07234042553191489,
          "monthlyRegimeAligned": null,
          "weeklyBreakoutDownProb": 0.5695017138611688,
          "weeklyBreakoutUpProb": 0.645817503334853,
          "weeklyRangeProb": 0.7850092025057832,
          "weeklyRegimeAligned": null
        },
        "frameState": "BEARISH",
        "revRisk": 0.7292309831734112,
        "ticker": "1306",
        "upProb": 0.645817503334853
      },
      {
        "frameSignals": {
          "effectiveRevRisk": 0.7305781823989778,
          "effectiveUpProb": 0.6423527805880748,
          "frameState": "BEARISH",
          "monthlyBoxMonths": 14.0,
          "monthlyBoxPos": 0.23026315789473684,
          "monthlyBoxRangePct": 0.07835051546391752,
          "monthlyBoxState": "box_lower",
          "monthlyBoxWild": false,
          "monthlyBreakoutDownProb": 0.7305781823989778,
          "monthlyBreakoutUpProb": 0.5472448490656445,
          "monthlyRangePos": 0.23809523809523808,
          "monthlyRangeProb": 0.7149257307139434,
          "monthlyRangeWidth": 0.07043603258265453,
          "monthlyRegimeAligned": null,
          "weeklyBreakoutDownProb": 0.5658171540524481,
          "weeklyBreakoutUpProb": 0.6423527805880748,
          "weeklyRangeProb": 0.7805647893883187,
          "weeklyRegimeAligned": null
        },
        "frameState": "BEARISH",
        "revRisk": 0.7305781823989778,
        "ticker": "1308",
        "upProb": 0.6423527805880748
      }
    ]
  },
  "stage": {
    "goal20Reached": false,
    "goal30Reached": false,
    "stage2Active": false
  }
}