{
  "actions": [],
  "asOf": "2006-10-26",
  "checks": {
    "exposureOk": true,
    "lossLimitOk": true,
    "maxHoldingsOk": true,
    "noFutureLeakOk": true,
    "unitRuleOk": true
  },
  "mode": "BACKTEST",
  "policyVersion": "toredex.v8",
  "seasonId": "toredex_multiframe_20260318",
  "signals": {
    "buy": [
      {
        "frameSignals": {
          "effectiveRevRisk": 0.45626902008521003,
          "effectiveUpProb": 0.8131162507608035,
          "frameState": "BULLISH",
          "monthlyBoxMonths": 12.0,
          "monthlyBoxPos": 0.7240143369175627,
          "monthlyBoxRangePct": 0.1894093686354379,
          "monthlyBoxState": "box_mid",
          "monthlyBoxWild": false,
          "monthlyBreakoutDownProb": 0.4293832563575861,
          "monthlyBreakoutUpProb": 0.6115750371795039,
          "monthlyRangePos": 0.7602739726027398,
          "monthlyRangeProb": 0.5761017562681809,
          "monthlyRangeWidth": 0.1673352435530086,
          "monthlyRegimeAligned": null,
          "weeklyBreakoutDownProb": 0.45626902008521003,
          "weeklyBreakoutUpProb": 0.8131162507608035,
          "weeklyRangeProb": 0.5118381010346926,
          "weeklyRegimeAligned": null
        },
        "frameState": "BULLISH",
        "revRisk": 0.45626902008521003,
        "ticker": "1308",
        "upProb": 0.8131162507608035
      },
      {
        "frameSignals": {
          "effectiveRevRisk": 0.4552999730965834,
          "effectiveUpProb": 0.8083266074791499,
          "frameState": "BULLISH",
          "monthlyBoxMonths": 12.0,
          "monthlyBoxPos": 0.7256317689530686,
          "monthlyBoxRangePct": 0.18741542625169147,
          "monthlyBoxState": "box_mid",
          "monthlyBoxWild": false,
          "monthlyBreakoutDownProb": 0.4311506232907206,
          "monthlyBreakoutUpProb": 0.6158728455129427,
          "monthlyRangePos": 0.7638888888888888,
          "monthlyRangeProb": 0.5771552820708516,
          "monthlyRangeWidth": 0.1648540354894104,
          "monthlyRegimeAligned": null,
          "weeklyBreakoutDownProb": 0.4552999730965834,
          "weeklyBreakoutUpProb": 0.8083266074791499,
          "weeklyRangeProb": 0.5259752488566048,
          "weeklyRegimeAligned": null
        },
        "frameState": "BULLISH",
        "revRisk": 0.4552999730965834,
        "ticker": "1306",
        "upProb": 0.8083266074791499
      },
      {
        "frameSignals": {
          "effectiveRevRisk": 0.41799172176530675,
          "effectiveUpProb": 0.7766848760952535,
          "frameState": "BULLISH",
          "monthlyBoxMonths": 11.0,
          "monthlyBoxPos": 0.8572074107546317,
          "monthlyBoxRangePct": 0.14838406866031917,
          "monthlyBoxState": "box_upper",
          "monthlyBoxWild": false,
          "monthlyBreakoutDownProb": 0.3277412702379556,
          "monthlyBreakoutUpProb": 0.627466147156577,
          "monthlyRangePos": 0.9281783955980307,
          "monthlyRangeProb": 0.4078976879054205,
          "monthlyRangeWidth": 0.20241514742950936,
          "monthlyRegimeAligned": null,
          "weeklyBreakoutDownProb": 0.41799172176530675,
          "weeklyBreakoutUpProb": 0.7766848760952535,
          "weeklyRangeProb": 0.45921759931193895,
          "weeklyRegimeAligned": null
        },
        "frameState": "BULLISH",
        "revRisk": 0.41799172176530675,
        "ticker": "1001",
        "upProb": 0.7766848760952535
      }
    ],
    "sell": [
      {
        "frameSignals": {
          "effectiveRevRisk": 0.45626902008521003,
          "effectiveUpProb": 0.8131162507608035,
          "frameState": "BULLISH",
          "monthlyBoxMonths": 12.0,
          "monthlyBoxPos": 0.7240143369175627,
          "monthlyBoxRangePct": 0.1894093686354379,
          "monthlyBoxState": "box_mid",
          "monthlyBoxWild": false,
          "monthlyBreakoutDownProb": 0.4293832563575861,
          "monthlyBreakoutUpProb": 0.6115750371795039,
          "monthlyRangePos": 0.7602739726027398,
          "monthlyRangeProb": 0.5761017562681809,
          "monthlyRangeWidth": 0.1673352435530086,
          "monthlyRegimeAligned": null,
          "weeklyBreakoutDownProb": 0.45626902008521003,
          "weeklyBreakoutUpProb": 0.8131162507608035,
          "weeklyRangeProb": 0.5118381010346926,
          "weeklyRegimeAligned": null
        },
        "frameState": "BULLISH",
        "revRisk": 0.45626902008521003,
        "ticker": "1308",
        "upProb": 0.8131162507608035
      },
      {
        "frameSignals": {
          "effectiveRevRisk": 0.4552999730965834,
          "effectiveUpProb": 0.8083266074791499,
          "frameState": "BULLISH",
          "monthlyBoxMonths": 12.0,
          "monthlyBoxPos": 0.7256317689530686,
          "monthlyBoxRangePct": 0.18741542625169147,
          "monthlyBoxState": "box_mid",
          "monthlyBoxWild": false,
          "monthlyBreakoutDownProb": 0.4311506232907206,
          "monthlyBreakoutUpProb": 0.6158728455129427,
          "monthlyRangePos": 0.7638888888888888,
          "monthlyRangeProb": 0.5771552820708516,
          "monthlyRangeWidth": 0.1648540354894104,
          "monthlyRegimeAligned": null,
          "weeklyBreakoutDownProb": 0.4552999730965834,
          "weeklyBreakoutUpProb": 0.8083266074791499,
          "weeklyRangeProb": 0.5259752488566048,
          "weeklyRegimeAligned": null
        },
        "frameState": "BULLISH",
        "revRisk": 0.4552999730965834,
        "ticker": "1306",
        "upProb": 0.8083266074791499
      },
      {
        "frameSignals": {
          "effectiveRevRisk": 0.41799172176530675,
          "effectiveUpProb": 0.7766848760952535,
          "frameState": "BULLISH",
          "monthlyBoxMonths": 11.0,
          "monthlyBoxPos": 0.8572074107546317,
          "monthlyBoxRangePct": 0.14838406866031917,
          "monthlyBoxState": "box_upper",
          "monthlyBoxWild": false,
          "monthlyBreakoutDownProb": 0.3277412702379556,
          "monthlyBreakoutUpProb": 0.627466147156577,
          "monthlyRangePos": 0.9281783955980307,
          "monthlyRangeProb": 0.4078976879054205,
          "monthlyRangeWidth": 0.20241514742950936,
          "monthlyRegimeAligned": null,
          "weeklyBreakoutDownProb": 0.41799172176530675,
          "weeklyBreakoutUpProb": 0.7766848760952535,
          "weeklyRangeProb": 0.45921759931193895,
          "weeklyRegimeAligned": null
        },
        "frameState": "BULLISH",
        "revRisk": 0.41799172176530675,
        "ticker": "1001",
        "upProb": 0.7766848760952535
      }
    ]
  },
  "stage": {
    "goal20Reached": false,
    "goal30Reached": false,
    "stage2Active": false
  }
}