{
  "actions": [],
  "asOf": "2013-06-05",
  "checks": {
    "exposureOk": true,
    "lossLimitOk": true,
    "maxHoldingsOk": true,
    "noFutureLeakOk": true,
    "unitRuleOk": true
  },
  "mode": "BACKTEST",
  "policyVersion": "toredex.v8",
  "seasonId": "toredex_multiframe_20260318",
  "signals": {
    "buy": [
      {
        "frameSignals": {
          "effectiveRevRisk": 0.2763247551109864,
          "effectiveUpProb": 0.4606332657492843,
          "frameState": "BULLISH",
          "monthlyBoxMonths": 3.0,
          "monthlyBoxPos": 0.42857142857142855,
          "monthlyBoxRangePct": 0.1320754716981132,
          "monthlyBoxState": "box_mid",
          "monthlyBoxWild": true,
          "monthlyBreakoutDownProb": 0.13890108791296701,
          "monthlyBreakoutUpProb": 0.36795076393888493,
          "monthlyRangePos": 0.8272138228941684,
          "monthlyRangeProb": 0.21363550915926732,
          "monthlyRangeWidth": 0.3858333333333333,
          "monthlyRegimeAligned": null,
          "weeklyBreakoutDownProb": 0.2763247551109864,
          "weeklyBreakoutUpProb": 0.4606332657492843,
          "weeklyRangeProb": 0.3943485016882257,
          "weeklyRegimeAligned": null
        },
        "frameState": "BULLISH",
        "revRisk": 0.2763247551109864,
        "ticker": "1306",
        "upProb": 0.4606332657492843
      },
      {
        "frameSignals": {
          "effectiveRevRisk": 0.2930068454039379,
          "effectiveUpProb": 0.45227115058104955,
          "frameState": "BULLISH",
          "monthlyBoxMonths": 3.0,
          "monthlyBoxPos": 0.45112781954887216,
          "monthlyBoxRangePct": 0.12678741658722592,
          "monthlyBoxState": "box_mid",
          "monthlyBoxWild": true,
          "monthlyBreakoutDownProb": 0.1368046181024282,
          "monthlyBreakoutUpProb": 0.3768488658900388,
          "monthlyRangePos": 0.8429203539823009,
          "monthlyRangeProb": 0.2066600836624835,
          "monthlyRangeWidth": 0.38305084745762713,
          "monthlyRegimeAligned": null,
          "weeklyBreakoutDownProb": 0.2930068454039379,
          "weeklyBreakoutUpProb": 0.45227115058104955,
          "weeklyRangeProb": 0.4243090560867445,
          "weeklyRegimeAligned": null
        },
        "frameState": "BULLISH",
        "revRisk": 0.2930068454039379,
        "ticker": "1308",
        "upProb": 0.45227115058104955
      },
      {
        "frameSignals": {
          "effectiveRevRisk": 0.3099124101274619,
          "effectiveUpProb": 0.4397602312019373,
          "frameState": "BULLISH",
          "monthlyBoxMonths": 3.0,
          "monthlyBoxPos": 0.4318334452652787,
          "monthlyBoxRangePct": 0.12036213725648695,
          "monthlyBoxState": "box_mid",
          "monthlyBoxWild": true,
          "monthlyBreakoutDownProb": 0.15186079824350238,
          "monthlyBreakoutUpProb": 0.38720445748842014,
          "monthlyRangePos": 0.8362052274927396,
          "monthlyRangeProb": 0.22637671914212737,
          "monthlyRangeWidth": 0.37265512265512263,
          "monthlyRegimeAligned": null,
          "weeklyBreakoutDownProb": 0.3099124101274619,
          "weeklyBreakoutUpProb": 0.4397602312019373,
          "weeklyRangeProb": 0.456322376074715,
          "weeklyRegimeAligned": null
        },
        "frameState": "BULLISH",
        "revRisk": 0.3099124101274619,
        "ticker": "1001",
        "upProb": 0.4397602312019373
      }
    ],
    "sell": [
      {
        "frameSignals": {
          "effectiveRevRisk": 0.3099124101274619,
          "effectiveUpProb": 0.4397602312019373,
          "frameState": "BULLISH",
          "monthlyBoxMonths": 3.0,
          "monthlyBoxPos": 0.4318334452652787,
          "monthlyBoxRangePct": 0.12036213725648695,
          "monthlyBoxState": "box_mid",
          "monthlyBoxWild": true,
          "monthlyBreakoutDownProb": 0.15186079824350238,
          "monthlyBreakoutUpProb": 0.38720445748842014,
          "monthlyRangePos": 0.8362052274927396,
          "monthlyRangeProb": 0.22637671914212737,
          "monthlyRangeWidth": 0.37265512265512263,
          "monthlyRegimeAligned": null,
          "weeklyBreakoutDownProb": 0.3099124101274619,
          "weeklyBreakoutUpProb": 0.4397602312019373,
          "weeklyRangeProb": 0.456322376074715,
          "weeklyRegimeAligned": null
        },
        "frameState": "BULLISH",
        "revRisk": 0.3099124101274619,
        "ticker": "1001",
        "upProb": 0.4397602312019373
      },
      {
        "frameSignals": {
          "effectiveRevRisk": 0.2930068454039379,
          "effectiveUpProb": 0.45227115058104955,
          "frameState": "BULLISH",
          "monthlyBoxMonths": 3.0,
          "monthlyBoxPos": 0.45112781954887216,
          "monthlyBoxRangePct": 0.12678741658722592,
          "monthlyBoxState": "box_mid",
          "monthlyBoxWild": true,
          "monthlyBreakoutDownProb": 0.1368046181024282,
          "monthlyBreakoutUpProb": 0.3768488658900388,
          "monthlyRangePos": 0.8429203539823009,
          "monthlyRangeProb": 0.2066600836624835,
          "monthlyRangeWidth": 0.38305084745762713,
          "monthlyRegimeAligned": null,
          "weeklyBreakoutDownProb": 0.2930068454039379,
          "weeklyBreakoutUpProb": 0.45227115058104955,
          "weeklyRangeProb": 0.4243090560867445,
          "weeklyRegimeAligned": null
        },
        "frameState": "BULLISH",
        "revRisk": 0.2930068454039379,
        "ticker": "1308",
        "upProb": 0.45227115058104955
      },
      {
        "frameSignals": {
          "effectiveRevRisk": 0.2763247551109864,
          "effectiveUpProb": 0.4606332657492843,
          "frameState": "BULLISH",
          "monthlyBoxMonths": 3.0,
          "monthlyBoxPos": 0.42857142857142855,
          "monthlyBoxRangePct": 0.1320754716981132,
          "monthlyBoxState": "box_mid",
          "monthlyBoxWild": true,
          "monthlyBreakoutDownProb": 0.13890108791296701,
          "monthlyBreakoutUpProb": 0.36795076393888493,
          "monthlyRangePos": 0.8272138228941684,
          "monthlyRangeProb": 0.21363550915926732,
          "monthlyRangeWidth": 0.3858333333333333,
          "monthlyRegimeAligned": null,
          "weeklyBreakoutDownProb": 0.2763247551109864,
          "weeklyBreakoutUpProb": 0.4606332657492843,
          "weeklyRangeProb": 0.3943485016882257,
          "weeklyRegimeAligned": null
        },
        "frameState": "BULLISH",
        "revRisk": 0.2763247551109864,
        "ticker": "1306",
        "upProb": 0.4606332657492843
      }
    ]
  },
  "stage": {
    "goal20Reached": false,
    "goal30Reached": false,
    "stage2Active": false
  }
}