{
  "actions": [],
  "asOf": "2010-01-04",
  "checks": {
    "exposureOk": true,
    "lossLimitOk": true,
    "maxHoldingsOk": true,
    "noFutureLeakOk": true,
    "unitRuleOk": true
  },
  "mode": "BACKTEST",
  "policyVersion": "toredex.v8",
  "seasonId": "toredex_multiframe_20260318",
  "signals": {
    "buy": [
      {
        "frameSignals": {
          "effectiveRevRisk": 0.3869240818171298,
          "effectiveUpProb": 0.7558429736392945,
          "frameState": "BULLISH",
          "monthlyBoxMonths": 8.0,
          "monthlyBoxPos": 1.0,
          "monthlyBoxRangePct": 0.14793664475810797,
          "monthlyBoxState": "box_upper",
          "monthlyBoxWild": false,
          "monthlyBreakoutDownProb": 0.20486651073603476,
          "monthlyBreakoutUpProb": 0.7558429736392945,
          "monthlyRangePos": 1.0,
          "monthlyRangeProb": 0.1909107191773606,
          "monthlyRangeWidth": 0.2823819457614261,
          "monthlyRegimeAligned": null,
          "weeklyBreakoutDownProb": 0.3869240818171298,
          "weeklyBreakoutUpProb": 0.7133752691522222,
          "weeklyRangeProb": 0.46690752005588826,
          "weeklyRegimeAligned": null
        },
        "frameState": "BULLISH",
        "revRisk": 0.3869240818171298,
        "ticker": "1001",
        "upProb": 0.7558429736392945
      },
      {
        "frameSignals": {
          "effectiveRevRisk": 0.4830713186141161,
          "effectiveUpProb": 0.577591738790477,
          "frameState": "BULLISH",
          "monthlyBoxMonths": 10.0,
          "monthlyBoxPos": 0.7452229299363057,
          "monthlyBoxRangePct": 0.1977329974811083,
          "monthlyBoxState": "box_mid",
          "monthlyBoxWild": false,
          "monthlyBreakoutDownProb": 0.3711814823802206,
          "monthlyBreakoutUpProb": 0.577591738790477,
          "monthlyRangePos": 0.7948717948717948,
          "monthlyRangeProb": 0.49741028337242854,
          "monthlyRangeWidth": 0.20504731861198738,
          "monthlyRegimeAligned": null,
          "weeklyBreakoutDownProb": 0.4830713186141161,
          "weeklyBreakoutUpProb": 0.5739804095232071,
          "weeklyRangeProb": 0.6768942029902364,
          "weeklyRegimeAligned": null
        },
        "frameState": "BULLISH",
        "revRisk": 0.4830713186141161,
        "ticker": "1308",
        "upProb": 0.577591738790477
      },
      {
        "frameSignals": {
          "effectiveRevRisk": 0.489915148855241,
          "effectiveUpProb": 0.5734635359520153,
          "frameState": "BULLISH",
          "monthlyBoxMonths": 9.0,
          "monthlyBoxPos": 0.6511627906976745,
          "monthlyBoxRangePct": 0.15266272189349112,
          "monthlyBoxState": "box_mid",
          "monthlyBoxWild": false,
          "monthlyBreakoutDownProb": 0.3761337051906791,
          "monthlyBreakoutUpProb": 0.5694172872802313,
          "monthlyRangePos": 0.7761194029850746,
          "monthlyRangeProb": 0.5086329134614402,
          "monthlyRangeWidth": 0.20636550308008214,
          "monthlyRegimeAligned": null,
          "weeklyBreakoutDownProb": 0.489915148855241,
          "weeklyBreakoutUpProb": 0.5734635359520153,
          "weeklyRangeProb": 0.6879935630166045,
          "weeklyRegimeAligned": null
        },
        "frameState": "BULLISH",
        "revRisk": 0.489915148855241,
        "ticker": "1306",
        "upProb": 0.5734635359520153
      }
    ],
    "sell": [
      {
        "frameSignals": {
          "effectiveRevRisk": 0.489915148855241,
          "effectiveUpProb": 0.5734635359520153,
          "frameState": "BULLISH",
          "monthlyBoxMonths": 9.0,
          "monthlyBoxPos": 0.6511627906976745,
          "monthlyBoxRangePct": 0.15266272189349112,
          "monthlyBoxState": "box_mid",
          "monthlyBoxWild": false,
          "monthlyBreakoutDownProb": 0.3761337051906791,
          "monthlyBreakoutUpProb": 0.5694172872802313,
          "monthlyRangePos": 0.7761194029850746,
          "monthlyRangeProb": 0.5086329134614402,
          "monthlyRangeWidth": 0.20636550308008214,
          "monthlyRegimeAligned": null,
          "weeklyBreakoutDownProb": 0.489915148855241,
          "weeklyBreakoutUpProb": 0.5734635359520153,
          "weeklyRangeProb": 0.6879935630166045,
          "weeklyRegimeAligned": null
        },
        "frameState": "BULLISH",
        "revRisk": 0.489915148855241,
        "ticker": "1306",
        "upProb": 0.5734635359520153
      },
      {
        "frameSignals": {
          "effectiveRevRisk": 0.4830713186141161,
          "effectiveUpProb": 0.577591738790477,
          "frameState": "BULLISH",
          "monthlyBoxMonths": 10.0,
          "monthlyBoxPos": 0.7452229299363057,
          "monthlyBoxRangePct": 0.1977329974811083,
          "monthlyBoxState": "box_mid",
          "monthlyBoxWild": false,
          "monthlyBreakoutDownProb": 0.3711814823802206,
          "monthlyBreakoutUpProb": 0.577591738790477,
          "monthlyRangePos": 0.7948717948717948,
          "monthlyRangeProb": 0.49741028337242854,
          "monthlyRangeWidth": 0.20504731861198738,
          "monthlyRegimeAligned": null,
          "weeklyBreakoutDownProb": 0.4830713186141161,
          "weeklyBreakoutUpProb": 0.5739804095232071,
          "weeklyRangeProb": 0.6768942029902364,
          "weeklyRegimeAligned": null
        },
        "frameState": "BULLISH",
        "revRisk": 0.4830713186141161,
        "ticker": "1308",
        "upProb": 0.577591738790477
      },
      {
        "frameSignals": {
          "effectiveRevRisk": 0.3869240818171298,
          "effectiveUpProb": 0.7558429736392945,
          "frameState": "BULLISH",
          "monthlyBoxMonths": 8.0,
          "monthlyBoxPos": 1.0,
          "monthlyBoxRangePct": 0.14793664475810797,
          "monthlyBoxState": "box_upper",
          "monthlyBoxWild": false,
          "monthlyBreakoutDownProb": 0.20486651073603476,
          "monthlyBreakoutUpProb": 0.7558429736392945,
          "monthlyRangePos": 1.0,
          "monthlyRangeProb": 0.1909107191773606,
          "monthlyRangeWidth": 0.2823819457614261,
          "monthlyRegimeAligned": null,
          "weeklyBreakoutDownProb": 0.3869240818171298,
          "weeklyBreakoutUpProb": 0.7133752691522222,
          "weeklyRangeProb": 0.46690752005588826,
          "weeklyRegimeAligned": null
        },
        "frameState": "BULLISH",
        "revRisk": 0.3869240818171298,
        "ticker": "1001",
        "upProb": 0.7558429736392945
      }
    ]
  },
  "stage": {
    "goal20Reached": false,
    "goal30Reached": false,
    "stage2Active": false
  }
}