{
  "asOf": "2023-08-08",
  "cash": 9539141.339626,
  "cum_pnl": 2844914.039566,
  "cum_return_pct": 28.44914,
  "daily_pnl": 432288.727508,
  "equity": 12844914.039566,
  "game_over": false,
  "goal20_reached": true,
  "goal30_reached": false,
  "holdings_count": 1,
  "max_drawdown_pct": -6.512792,
  "season_id": "tradex_bt3y_v8_fast_baseline_20260217"
}