{
  "asOf": "2026-01-13",
  "cash": 7426570.266606,
  "cum_pnl": 1066425.666516,
  "cum_return_pct": 10.664257,
  "daily_pnl": 796430.185269,
  "equity": 11066425.666516,
  "game_over": false,
  "goal20_reached": false,
  "goal30_reached": false,
  "holdings_count": 1,
  "max_drawdown_pct": -3.933254,
  "season_id": "tradex_demo_202601_v6b"
}