{
  "actions": [],
  "asOf": "2008-04-22",
  "checks": {
    "exposureOk": true,
    "lossLimitOk": true,
    "maxHoldingsOk": true,
    "noFutureLeakOk": true,
    "unitRuleOk": true
  },
  "mode": "BACKTEST",
  "policyVersion": "toredex.v8",
  "seasonId": "toredex_multiframe_20260318",
  "signals": {
    "buy": [
      {
        "frameSignals": {
          "effectiveRevRisk": 0.49908009325630526,
          "effectiveUpProb": 0.38178534224688404,
          "frameState": "BEARISH",
          "monthlyBoxMonths": 3.0,
          "monthlyBoxPos": 0.948051948051948,
          "monthlyBoxRangePct": 0.08606786427145709,
          "monthlyBoxState": "box_upper",
          "monthlyBoxWild": false,
          "monthlyBreakoutDownProb": 0.4580430705093521,
          "monthlyBreakoutUpProb": 0.2354971948635299,
          "monthlyRangePos": 0.18207732050596828,
          "monthlyRangeProb": 0.3304551902563353,
          "monthlyRangeWidth": 0.30946080052927555,
          "monthlyRegimeAligned": null,
          "weeklyBreakoutDownProb": 0.49908009325630526,
          "weeklyBreakoutUpProb": 0.38178534224688404,
          "weeklyRangeProb": 0.5463984608788269,
          "weeklyRegimeAligned": null
        },
        "frameState": "BEARISH",
        "revRisk": 0.49908009325630526,
        "ticker": "1001",
        "upProb": 0.38178534224688404
      },
      {
        "frameSignals": {
          "effectiveRevRisk": 0.49080659215574496,
          "effectiveUpProb": 0.3810210693675412,
          "frameState": "BEARISH",
          "monthlyBoxMonths": 4.0,
          "monthlyBoxPos": 0.5024154589371981,
          "monthlyBoxRangePct": 0.16774716369529985,
          "monthlyBoxState": "box_mid",
          "monthlyBoxWild": false,
          "monthlyBreakoutDownProb": 0.4531288635991241,
          "monthlyBreakoutUpProb": 0.23289713454386565,
          "monthlyRangePos": 0.18538324420677363,
          "monthlyRangeProb": 0.3283290880292355,
          "monthlyRangeWidth": 0.3125348189415042,
          "monthlyRegimeAligned": null,
          "weeklyBreakoutDownProb": 0.49080659215574496,
          "weeklyBreakoutUpProb": 0.3810210693675412,
          "weeklyRangeProb": 0.548567186293738,
          "weeklyRegimeAligned": null
        },
        "frameState": "BEARISH",
        "revRisk": 0.49080659215574496,
        "ticker": "1308",
        "upProb": 0.3810210693675412
      },
      {
        "frameSignals": {
          "effectiveRevRisk": 0.4918061793929495,
          "effectiveUpProb": 0.38266639444671297,
          "frameState": "BEARISH",
          "monthlyBoxMonths": 4.0,
          "monthlyBoxPos": 0.4697674418604651,
          "monthlyBoxRangePct": 0.17366720516962844,
          "monthlyBoxState": "box_mid",
          "monthlyBoxWild": false,
          "monthlyBreakoutDownProb": 0.4554947058565089,
          "monthlyBreakoutUpProb": 0.23129541760028122,
          "monthlyRangePos": 0.1797153024911032,
          "monthlyRangeProb": 0.3248130574227846,
          "monthlyRangeWidth": 0.31222222222222223,
          "monthlyRegimeAligned": null,
          "weeklyBreakoutDownProb": 0.4918061793929495,
          "weeklyBreakoutUpProb": 0.38266639444671297,
          "weeklyRangeProb": 0.5507758268681094,
          "weeklyRegimeAligned": null
        },
        "frameState": "BEARISH",
        "revRisk": 0.4918061793929495,
        "ticker": "1306",
        "upProb": 0.38266639444671297
      }
    ],
    "sell": [
      {
        "frameSignals": {
          "effectiveRevRisk": 0.4918061793929495,
          "effectiveUpProb": 0.4918061793929495,
          "frameState": "BEARISH",
          "monthlyBoxMonths": 4.0,
          "monthlyBoxPos": 0.4697674418604651,
          "monthlyBoxRangePct": 0.17366720516962844,
          "monthlyBoxState": "box_mid",
          "monthlyBoxWild": false,
          "monthlyBreakoutDownProb": 0.4554947058565089,
          "monthlyBreakoutUpProb": 0.23129541760028122,
          "monthlyRangePos": 0.1797153024911032,
          "monthlyRangeProb": 0.3248130574227846,
          "monthlyRangeWidth": 0.31222222222222223,
          "monthlyRegimeAligned": null,
          "weeklyBreakoutDownProb": 0.4918061793929495,
          "weeklyBreakoutUpProb": 0.38266639444671297,
          "weeklyRangeProb": 0.5507758268681094,
          "weeklyRegimeAligned": null
        },
        "frameState": "BEARISH",
        "revRisk": 0.4918061793929495,
        "ticker": "1306",
        "upProb": 0.4918061793929495
      },
      {
        "frameSignals": {
          "effectiveRevRisk": 0.49080659215574496,
          "effectiveUpProb": 0.49080659215574496,
          "frameState": "BEARISH",
          "monthlyBoxMonths": 4.0,
          "monthlyBoxPos": 0.5024154589371981,
          "monthlyBoxRangePct": 0.16774716369529985,
          "monthlyBoxState": "box_mid",
          "monthlyBoxWild": false,
          "monthlyBreakoutDownProb": 0.4531288635991241,
          "monthlyBreakoutUpProb": 0.23289713454386565,
          "monthlyRangePos": 0.18538324420677363,
          "monthlyRangeProb": 0.3283290880292355,
          "monthlyRangeWidth": 0.3125348189415042,
          "monthlyRegimeAligned": null,
          "weeklyBreakoutDownProb": 0.49080659215574496,
          "weeklyBreakoutUpProb": 0.3810210693675412,
          "weeklyRangeProb": 0.548567186293738,
          "weeklyRegimeAligned": null
        },
        "frameState": "BEARISH",
        "revRisk": 0.49080659215574496,
        "ticker": "1308",
        "upProb": 0.49080659215574496
      },
      {
        "frameSignals": {
          "effectiveRevRisk": 0.49908009325630526,
          "effectiveUpProb": 0.49908009325630526,
          "frameState": "BEARISH",
          "monthlyBoxMonths": 3.0,
          "monthlyBoxPos": 0.948051948051948,
          "monthlyBoxRangePct": 0.08606786427145709,
          "monthlyBoxState": "box_upper",
          "monthlyBoxWild": false,
          "monthlyBreakoutDownProb": 0.4580430705093521,
          "monthlyBreakoutUpProb": 0.2354971948635299,
          "monthlyRangePos": 0.18207732050596828,
          "monthlyRangeProb": 0.3304551902563353,
          "monthlyRangeWidth": 0.30946080052927555,
          "monthlyRegimeAligned": null,
          "weeklyBreakoutDownProb": 0.49908009325630526,
          "weeklyBreakoutUpProb": 0.38178534224688404,
          "weeklyRangeProb": 0.5463984608788269,
          "weeklyRegimeAligned": null
        },
        "frameState": "BEARISH",
        "revRisk": 0.49908009325630526,
        "ticker": "1001",
        "upProb": 0.49908009325630526
      }
    ]
  },
  "stage": {
    "goal20Reached": false,
    "goal30Reached": false,
    "stage2Active": false
  }
}