{
  "actions": [],
  "asOf": "2025-06-19",
  "checks": {
    "exposureOk": true,
    "lossLimitOk": true,
    "maxHoldingsOk": true,
    "noFutureLeakOk": true,
    "unitRuleOk": true
  },
  "mode": "BACKTEST",
  "policyVersion": "toredex.v8",
  "seasonId": "toredex_multiframe_20260318",
  "signals": {
    "buy": [
      {
        "frameSignals": {
          "effectiveRevRisk": 0.48083169115104196,
          "effectiveUpProb": 0.8001747568444726,
          "frameState": "BULLISH",
          "monthlyBoxMonths": 14.0,
          "monthlyBoxPos": 0.8618421052631579,
          "monthlyBoxRangePct": 0.08239971087820744,
          "monthlyBoxState": "box_upper",
          "monthlyBoxWild": true,
          "monthlyBreakoutDownProb": 0.48083169115104196,
          "monthlyBreakoutUpProb": 0.8001747568444726,
          "monthlyRangePos": 0.9562043795620438,
          "monthlyRangeProb": 0.5807971081221006,
          "monthlyRangeWidth": 0.06913372582001683,
          "monthlyRegimeAligned": null,
          "weeklyBreakoutDownProb": 0.45108412913024815,
          "weeklyBreakoutUpProb": 0.7065693611977586,
          "weeklyRangeProb": 0.5717645576717661,
          "weeklyRegimeAligned": null
        },
        "frameState": "BULLISH",
        "revRisk": 0.48083169115104196,
        "ticker": "1306",
        "upProb": 0.8001747568444726
      },
      {
        "frameSignals": {
          "effectiveRevRisk": 0.4906948608835723,
          "effectiveUpProb": 0.7947352649239763,
          "frameState": "BULLISH",
          "monthlyBoxMonths": 14.0,
          "monthlyBoxPos": 0.8564814814814815,
          "monthlyBoxRangePct": 0.07874589865111192,
          "monthlyBoxState": "box_upper",
          "monthlyBoxWild": true,
          "monthlyBreakoutDownProb": 0.4906948608835723,
          "monthlyBreakoutUpProb": 0.7947352649239763,
          "monthlyRangePos": 0.9343434343434344,
          "monthlyRangeProb": 0.598713761209511,
          "monthlyRangeWidth": 0.06732403944236655,
          "monthlyRegimeAligned": null,
          "weeklyBreakoutDownProb": 0.45219379486114986,
          "weeklyBreakoutUpProb": 0.7019128959847454,
          "weeklyRangeProb": 0.5754348525580698,
          "weeklyRegimeAligned": null
        },
        "frameState": "BULLISH",
        "revRisk": 0.4906948608835723,
        "ticker": "1308",
        "upProb": 0.7947352649239763
      },
      {
        "frameSignals": {
          "effectiveRevRisk": 0.5340239336551372,
          "effectiveUpProb": 0.6539093673703582,
          "frameState": "BULLISH",
          "monthlyBoxMonths": 14.0,
          "monthlyBoxPos": 0.663354898336414,
          "monthlyBoxRangePct": 0.12151500687873767,
          "monthlyBoxState": "box_mid",
          "monthlyBoxWild": true,
          "monthlyBreakoutDownProb": 0.5340239336551372,
          "monthlyBreakoutUpProb": 0.6539093673703582,
          "monthlyRangePos": 0.6712649053074585,
          "monthlyRangeProb": 0.7252569714362082,
          "monthlyRangeWidth": 0.10720910412593372,
          "monthlyRegimeAligned": null,
          "weeklyBreakoutDownProb": 0.4714149104170412,
          "weeklyBreakoutUpProb": 0.5901038483306875,
          "weeklyRangeProb": 0.6517539649827387,
          "weeklyRegimeAligned": null
        },
        "frameState": "BULLISH",
        "revRisk": 0.5340239336551372,
        "ticker": "1001",
        "upProb": 0.6539093673703582
      }
    ],
    "sell": [
      {
        "frameSignals": {
          "effectiveRevRisk": 0.4906948608835723,
          "effectiveUpProb": 0.7947352649239763,
          "frameState": "BULLISH",
          "monthlyBoxMonths": 14.0,
          "monthlyBoxPos": 0.8564814814814815,
          "monthlyBoxRangePct": 0.07874589865111192,
          "monthlyBoxState": "box_upper",
          "monthlyBoxWild": true,
          "monthlyBreakoutDownProb": 0.4906948608835723,
          "monthlyBreakoutUpProb": 0.7947352649239763,
          "monthlyRangePos": 0.9343434343434344,
          "monthlyRangeProb": 0.598713761209511,
          "monthlyRangeWidth": 0.06732403944236655,
          "monthlyRegimeAligned": null,
          "weeklyBreakoutDownProb": 0.45219379486114986,
          "weeklyBreakoutUpProb": 0.7019128959847454,
          "weeklyRangeProb": 0.5754348525580698,
          "weeklyRegimeAligned": null
        },
        "frameState": "BULLISH",
        "revRisk": 0.4906948608835723,
        "ticker": "1308",
        "upProb": 0.7947352649239763
      },
      {
        "frameSignals": {
          "effectiveRevRisk": 0.48083169115104196,
          "effectiveUpProb": 0.8001747568444726,
          "frameState": "BULLISH",
          "monthlyBoxMonths": 14.0,
          "monthlyBoxPos": 0.8618421052631579,
          "monthlyBoxRangePct": 0.08239971087820744,
          "monthlyBoxState": "box_upper",
          "monthlyBoxWild": true,
          "monthlyBreakoutDownProb": 0.48083169115104196,
          "monthlyBreakoutUpProb": 0.8001747568444726,
          "monthlyRangePos": 0.9562043795620438,
          "monthlyRangeProb": 0.5807971081221006,
          "monthlyRangeWidth": 0.06913372582001683,
          "monthlyRegimeAligned": null,
          "weeklyBreakoutDownProb": 0.45108412913024815,
          "weeklyBreakoutUpProb": 0.7065693611977586,
          "weeklyRangeProb": 0.5717645576717661,
          "weeklyRegimeAligned": null
        },
        "frameState": "BULLISH",
        "revRisk": 0.48083169115104196,
        "ticker": "1306",
        "upProb": 0.8001747568444726
      },
      {
        "frameSignals": {
          "effectiveRevRisk": 0.5340239336551372,
          "effectiveUpProb": 0.6539093673703582,
          "frameState": "BULLISH",
          "monthlyBoxMonths": 14.0,
          "monthlyBoxPos": 0.663354898336414,
          "monthlyBoxRangePct": 0.12151500687873767,
          "monthlyBoxState": "box_mid",
          "monthlyBoxWild": true,
          "monthlyBreakoutDownProb": 0.5340239336551372,
          "monthlyBreakoutUpProb": 0.6539093673703582,
          "monthlyRangePos": 0.6712649053074585,
          "monthlyRangeProb": 0.7252569714362082,
          "monthlyRangeWidth": 0.10720910412593372,
          "monthlyRegimeAligned": null,
          "weeklyBreakoutDownProb": 0.4714149104170412,
          "weeklyBreakoutUpProb": 0.5901038483306875,
          "weeklyRangeProb": 0.6517539649827387,
          "weeklyRegimeAligned": null
        },
        "frameState": "BULLISH",
        "revRisk": 0.5340239336551372,
        "ticker": "1001",
        "upProb": 0.6539093673703582
      }
    ]
  },
  "stage": {
    "goal20Reached": false,
    "goal30Reached": false,
    "stage2Active": false
  }
}