{
  "actions": [],
  "asOf": "2004-01-09",
  "checks": {
    "exposureOk": true,
    "lossLimitOk": true,
    "maxHoldingsOk": true,
    "noFutureLeakOk": true,
    "unitRuleOk": true
  },
  "mode": "BACKTEST",
  "policyVersion": "toredex.v8",
  "seasonId": "toredex_multiframe_20260318",
  "signals": {
    "buy": [
      {
        "frameSignals": {
          "effectiveRevRisk": 0.44004055021678146,
          "effectiveUpProb": 0.8147452229299363,
          "frameState": "BULLISH",
          "monthlyBoxMonths": 6.0,
          "monthlyBoxPos": 1.0,
          "monthlyBoxRangePct": 0.13674061787269334,
          "monthlyBoxState": "box_upper",
          "monthlyBoxWild": false,
          "monthlyBreakoutDownProb": 0.22429540818450525,
          "monthlyBreakoutUpProb": 0.8147452229299363,
          "monthlyRangePos": 1.0,
          "monthlyRangeProb": 0.1297260730194413,
          "monthlyRangeWidth": 0.26648557512176846,
          "monthlyRegimeAligned": null,
          "weeklyBreakoutDownProb": 0.44004055021678146,
          "weeklyBreakoutUpProb": 0.7475089046471612,
          "weeklyRangeProb": 0.5374472325346772,
          "weeklyRegimeAligned": null
        },
        "frameState": "BULLISH",
        "revRisk": 0.44004055021678146,
        "ticker": "1001",
        "upProb": 0.8147452229299363
      },
      {
        "frameSignals": {
          "effectiveRevRisk": 0.4926828776306551,
          "effectiveUpProb": 0.7933333333333333,
          "frameState": "BULLISH",
          "monthlyBoxMonths": 7.0,
          "monthlyBoxPos": 1.0,
          "monthlyBoxRangePct": 0.17802197802197803,
          "monthlyBoxState": "box_upper",
          "monthlyBoxWild": false,
          "monthlyBreakoutDownProb": 0.2531746031746032,
          "monthlyBreakoutUpProb": 0.7933333333333333,
          "monthlyRangePos": 1.0,
          "monthlyRangeProb": 0.1944444444444445,
          "monthlyRangeWidth": 0.24285714285714285,
          "monthlyRegimeAligned": null,
          "weeklyBreakoutDownProb": 0.4926828776306551,
          "weeklyBreakoutUpProb": 0.6943777928848924,
          "weeklyRangeProb": 0.642931844595859,
          "weeklyRegimeAligned": null
        },
        "frameState": "BULLISH",
        "revRisk": 0.4926828776306551,
        "ticker": "1308",
        "upProb": 0.7933333333333333
      },
      {
        "frameSignals": {
          "effectiveRevRisk": 0.5028195326120227,
          "effectiveUpProb": 0.7830331753554503,
          "frameState": "BULLISH",
          "monthlyBoxMonths": 7.0,
          "monthlyBoxPos": 0.9096045197740112,
          "monthlyBoxRangePct": 0.19386637458926614,
          "monthlyBoxState": "box_upper",
          "monthlyBoxWild": false,
          "monthlyBreakoutDownProb": 0.25342285413375465,
          "monthlyBreakoutUpProb": 0.7830331753554503,
          "monthlyRangePos": 1.0,
          "monthlyRangeProb": 0.2094523433385993,
          "monthlyRangeWidth": 0.24265402843601896,
          "monthlyRegimeAligned": null,
          "weeklyBreakoutDownProb": 0.5028195326120227,
          "weeklyBreakoutUpProb": 0.6792658136037584,
          "weeklyRangeProb": 0.6652405144994078,
          "weeklyRegimeAligned": null
        },
        "frameState": "BULLISH",
        "revRisk": 0.5028195326120227,
        "ticker": "1306",
        "upProb": 0.7830331753554503
      }
    ],
    "sell": [
      {
        "frameSignals": {
          "effectiveRevRisk": 0.5028195326120227,
          "effectiveUpProb": 0.7830331753554503,
          "frameState": "BULLISH",
          "monthlyBoxMonths": 7.0,
          "monthlyBoxPos": 0.9096045197740112,
          "monthlyBoxRangePct": 0.19386637458926614,
          "monthlyBoxState": "box_upper",
          "monthlyBoxWild": false,
          "monthlyBreakoutDownProb": 0.25342285413375465,
          "monthlyBreakoutUpProb": 0.7830331753554503,
          "monthlyRangePos": 1.0,
          "monthlyRangeProb": 0.2094523433385993,
          "monthlyRangeWidth": 0.24265402843601896,
          "monthlyRegimeAligned": null,
          "weeklyBreakoutDownProb": 0.5028195326120227,
          "weeklyBreakoutUpProb": 0.6792658136037584,
          "weeklyRangeProb": 0.6652405144994078,
          "weeklyRegimeAligned": null
        },
        "frameState": "BULLISH",
        "revRisk": 0.5028195326120227,
        "ticker": "1306",
        "upProb": 0.7830331753554503
      },
      {
        "frameSignals": {
          "effectiveRevRisk": 0.4926828776306551,
          "effectiveUpProb": 0.7933333333333333,
          "frameState": "BULLISH",
          "monthlyBoxMonths": 7.0,
          "monthlyBoxPos": 1.0,
          "monthlyBoxRangePct": 0.17802197802197803,
          "monthlyBoxState": "box_upper",
          "monthlyBoxWild": false,
          "monthlyBreakoutDownProb": 0.2531746031746032,
          "monthlyBreakoutUpProb": 0.7933333333333333,
          "monthlyRangePos": 1.0,
          "monthlyRangeProb": 0.1944444444444445,
          "monthlyRangeWidth": 0.24285714285714285,
          "monthlyRegimeAligned": null,
          "weeklyBreakoutDownProb": 0.4926828776306551,
          "weeklyBreakoutUpProb": 0.6943777928848924,
          "weeklyRangeProb": 0.642931844595859,
          "weeklyRegimeAligned": null
        },
        "frameState": "BULLISH",
        "revRisk": 0.4926828776306551,
        "ticker": "1308",
        "upProb": 0.7933333333333333
      },
      {
        "frameSignals": {
          "effectiveRevRisk": 0.44004055021678146,
          "effectiveUpProb": 0.8147452229299363,
          "frameState": "BULLISH",
          "monthlyBoxMonths": 6.0,
          "monthlyBoxPos": 1.0,
          "monthlyBoxRangePct": 0.13674061787269334,
          "monthlyBoxState": "box_upper",
          "monthlyBoxWild": false,
          "monthlyBreakoutDownProb": 0.22429540818450525,
          "monthlyBreakoutUpProb": 0.8147452229299363,
          "monthlyRangePos": 1.0,
          "monthlyRangeProb": 0.1297260730194413,
          "monthlyRangeWidth": 0.26648557512176846,
          "monthlyRegimeAligned": null,
          "weeklyBreakoutDownProb": 0.44004055021678146,
          "weeklyBreakoutUpProb": 0.7475089046471612,
          "weeklyRangeProb": 0.5374472325346772,
          "weeklyRegimeAligned": null
        },
        "frameState": "BULLISH",
        "revRisk": 0.44004055021678146,
        "ticker": "1001",
        "upProb": 0.8147452229299363
      }
    ]
  },
  "stage": {
    "goal20Reached": false,
    "goal30Reached": false,
    "stage2Active": false
  }
}