{
  "actions": [],
  "asOf": "2019-12-19",
  "checks": {
    "exposureOk": true,
    "lossLimitOk": true,
    "maxHoldingsOk": true,
    "noFutureLeakOk": true,
    "unitRuleOk": true
  },
  "mode": "BACKTEST",
  "policyVersion": "toredex.v8",
  "seasonId": "toredex_multiframe_20260318",
  "signals": {
    "buy": [
      {
        "frameSignals": {
          "effectiveRevRisk": 0.39465535177347416,
          "effectiveUpProb": 0.8145662861784447,
          "frameState": "BULLISH",
          "monthlyBoxMonths": 11.0,
          "monthlyBoxPos": 1.0,
          "monthlyBoxRangePct": 0.17400501795641266,
          "monthlyBoxState": "box_upper",
          "monthlyBoxWild": false,
          "monthlyBreakoutDownProb": 0.3779454485610842,
          "monthlyBreakoutUpProb": 0.8057983085047009,
          "monthlyRangePos": 1.0,
          "monthlyRangeProb": 0.32409379069534483,
          "monthlyRangeWidth": 0.14077190572274934,
          "monthlyRegimeAligned": null,
          "weeklyBreakoutDownProb": 0.39465535177347416,
          "weeklyBreakoutUpProb": 0.8145662861784447,
          "weeklyRangeProb": 0.3313161757371068,
          "weeklyRegimeAligned": null
        },
        "frameState": "BULLISH",
        "revRisk": 0.39465535177347416,
        "ticker": "1001",
        "upProb": 0.8145662861784447
      },
      {
        "frameSignals": {
          "effectiveRevRisk": 0.403917662682603,
          "effectiveUpProb": 0.8016733067729084,
          "frameState": "BULLISH",
          "monthlyBoxMonths": 14.0,
          "monthlyBoxPos": 1.0,
          "monthlyBoxRangePct": 0.1930988719309887,
          "monthlyBoxState": "box_upper",
          "monthlyBoxWild": false,
          "monthlyBreakoutDownProb": 0.403917662682603,
          "monthlyBreakoutUpProb": 0.8016733067729084,
          "monthlyRangePos": 1.0,
          "monthlyRangeProb": 0.3606810851830772,
          "monthlyRangeWidth": 0.11952191235059761,
          "monthlyRegimeAligned": null,
          "weeklyBreakoutDownProb": 0.37894406822172066,
          "weeklyBreakoutUpProb": 0.779255079006772,
          "weeklyRangeProb": 0.3631928768497618,
          "weeklyRegimeAligned": null
        },
        "frameState": "BULLISH",
        "revRisk": 0.403917662682603,
        "ticker": "1306",
        "upProb": 0.8016733067729084
      },
      {
        "frameSignals": {
          "effectiveRevRisk": 0.4030239099859353,
          "effectiveUpProb": 0.802566168009206,
          "frameState": "BULLISH",
          "monthlyBoxMonths": 14.0,
          "monthlyBoxPos": 1.0,
          "monthlyBoxRangePct": 0.19476158495634655,
          "monthlyBoxState": "box_upper",
          "monthlyBoxWild": false,
          "monthlyBreakoutDownProb": 0.4030239099859353,
          "monthlyBreakoutUpProb": 0.802566168009206,
          "monthlyRangePos": 1.0,
          "monthlyRangeProb": 0.3583493159442527,
          "monthlyRangeWidth": 0.12025316455696203,
          "monthlyRegimeAligned": null,
          "weeklyBreakoutDownProb": 0.37738547203239686,
          "weeklyBreakoutUpProb": 0.7718223234624145,
          "weeklyRangeProb": 0.37196912174133123,
          "weeklyRegimeAligned": null
        },
        "frameState": "BULLISH",
        "revRisk": 0.4030239099859353,
        "ticker": "1308",
        "upProb": 0.802566168009206
      }
    ],
    "sell": [
      {
        "frameSignals": {
          "effectiveRevRisk": 0.39465535177347416,
          "effectiveUpProb": 0.8145662861784447,
          "frameState": "BULLISH",
          "monthlyBoxMonths": 11.0,
          "monthlyBoxPos": 1.0,
          "monthlyBoxRangePct": 0.17400501795641266,
          "monthlyBoxState": "box_upper",
          "monthlyBoxWild": false,
          "monthlyBreakoutDownProb": 0.3779454485610842,
          "monthlyBreakoutUpProb": 0.8057983085047009,
          "monthlyRangePos": 1.0,
          "monthlyRangeProb": 0.32409379069534483,
          "monthlyRangeWidth": 0.14077190572274934,
          "monthlyRegimeAligned": null,
          "weeklyBreakoutDownProb": 0.39465535177347416,
          "weeklyBreakoutUpProb": 0.8145662861784447,
          "weeklyRangeProb": 0.3313161757371068,
          "weeklyRegimeAligned": null
        },
        "frameState": "BULLISH",
        "revRisk": 0.39465535177347416,
        "ticker": "1001",
        "upProb": 0.8145662861784447
      },
      {
        "frameSignals": {
          "effectiveRevRisk": 0.403917662682603,
          "effectiveUpProb": 0.8016733067729084,
          "frameState": "BULLISH",
          "monthlyBoxMonths": 14.0,
          "monthlyBoxPos": 1.0,
          "monthlyBoxRangePct": 0.1930988719309887,
          "monthlyBoxState": "box_upper",
          "monthlyBoxWild": false,
          "monthlyBreakoutDownProb": 0.403917662682603,
          "monthlyBreakoutUpProb": 0.8016733067729084,
          "monthlyRangePos": 1.0,
          "monthlyRangeProb": 0.3606810851830772,
          "monthlyRangeWidth": 0.11952191235059761,
          "monthlyRegimeAligned": null,
          "weeklyBreakoutDownProb": 0.37894406822172066,
          "weeklyBreakoutUpProb": 0.779255079006772,
          "weeklyRangeProb": 0.3631928768497618,
          "weeklyRegimeAligned": null
        },
        "frameState": "BULLISH",
        "revRisk": 0.403917662682603,
        "ticker": "1306",
        "upProb": 0.8016733067729084
      },
      {
        "frameSignals": {
          "effectiveRevRisk": 0.4030239099859353,
          "effectiveUpProb": 0.802566168009206,
          "frameState": "BULLISH",
          "monthlyBoxMonths": 14.0,
          "monthlyBoxPos": 1.0,
          "monthlyBoxRangePct": 0.19476158495634655,
          "monthlyBoxState": "box_upper",
          "monthlyBoxWild": false,
          "monthlyBreakoutDownProb": 0.4030239099859353,
          "monthlyBreakoutUpProb": 0.802566168009206,
          "monthlyRangePos": 1.0,
          "monthlyRangeProb": 0.3583493159442527,
          "monthlyRangeWidth": 0.12025316455696203,
          "monthlyRegimeAligned": null,
          "weeklyBreakoutDownProb": 0.37738547203239686,
          "weeklyBreakoutUpProb": 0.7718223234624145,
          "weeklyRangeProb": 0.37196912174133123,
          "weeklyRegimeAligned": null
        },
        "frameState": "BULLISH",
        "revRisk": 0.4030239099859353,
        "ticker": "1308",
        "upProb": 0.802566168009206
      }
    ]
  },
  "stage": {
    "goal20Reached": false,
    "goal30Reached": false,
    "stage2Active": false
  }
}