{
  "actions": [],
  "asOf": "2012-01-30",
  "checks": {
    "exposureOk": true,
    "lossLimitOk": true,
    "maxHoldingsOk": true,
    "noFutureLeakOk": true,
    "unitRuleOk": true
  },
  "mode": "BACKTEST",
  "policyVersion": "toredex.v8",
  "seasonId": "toredex_multiframe_20260318",
  "signals": {
    "buy": [
      {
        "frameSignals": {
          "effectiveRevRisk": 0.5683592400690847,
          "effectiveUpProb": 0.7492501644800496,
          "frameState": "BULLISH",
          "monthlyBoxMonths": 9.0,
          "monthlyBoxPos": 0.2054794520547945,
          "monthlyBoxRangePct": 0.1972972972972973,
          "monthlyBoxState": "box_lower",
          "monthlyBoxWild": false,
          "monthlyBreakoutDownProb": 0.5683592400690847,
          "monthlyBreakoutUpProb": 0.31169257340241796,
          "monthlyRangePos": 0.13333333333333333,
          "monthlyRangeProb": 0.406545768566494,
          "monthlyRangeWidth": 0.23316062176165803,
          "monthlyRegimeAligned": null,
          "weeklyBreakoutDownProb": 0.4947047099345951,
          "weeklyBreakoutUpProb": 0.7492501644800496,
          "weeklyRangeProb": 0.6237006076086536,
          "weeklyRegimeAligned": null
        },
        "frameState": "BULLISH",
        "revRisk": 0.5683592400690847,
        "ticker": "1306",
        "upProb": 0.7492501644800496
      },
      {
        "frameSignals": {
          "effectiveRevRisk": 0.5675613553871186,
          "effectiveUpProb": 0.7494571279504894,
          "frameState": "BULLISH",
          "monthlyBoxMonths": 9.0,
          "monthlyBoxPos": 0.2097902097902098,
          "monthlyBoxRangePct": 0.19669876203576342,
          "monthlyBoxState": "box_lower",
          "monthlyBoxWild": false,
          "monthlyBreakoutDownProb": 0.5675613553871186,
          "monthlyBreakoutUpProb": 0.31258397982150776,
          "monthlyRangePos": 0.13574660633484162,
          "monthlyRangeProb": 0.40829032251221375,
          "monthlyRangeWidth": 0.23312236286919832,
          "monthlyRegimeAligned": null,
          "weeklyBreakoutDownProb": 0.4978946279504894,
          "weeklyBreakoutUpProb": 0.7494571279504894,
          "weeklyRangeProb": 0.6286908103051237,
          "weeklyRegimeAligned": null
        },
        "frameState": "BULLISH",
        "revRisk": 0.5675613553871186,
        "ticker": "1308",
        "upProb": 0.7494571279504894
      },
      {
        "frameSignals": {
          "effectiveRevRisk": 0.5906802896517577,
          "effectiveUpProb": 0.6976125492305889,
          "frameState": "BULLISH",
          "monthlyBoxMonths": 10.0,
          "monthlyBoxPos": 0.234640522875817,
          "monthlyBoxRangePct": 0.18140858430163623,
          "monthlyBoxState": "box_lower",
          "monthlyBoxWild": false,
          "monthlyBreakoutDownProb": 0.5906802896517577,
          "monthlyBreakoutUpProb": 0.3554291480992463,
          "monthlyRangePos": 0.1639269406392694,
          "monthlyRangeProb": 0.46699534439126367,
          "monthlyRangeWidth": 0.2061370481927711,
          "monthlyRegimeAligned": null,
          "weeklyBreakoutDownProb": 0.511994571702499,
          "weeklyBreakoutUpProb": 0.6976125492305889,
          "weeklyRangeProb": 0.672331684841462,
          "weeklyRegimeAligned": null
        },
        "frameState": "BULLISH",
        "revRisk": 0.5906802896517577,
        "ticker": "1001",
        "upProb": 0.6976125492305889
      }
    ],
    "sell": [
      {
        "frameSignals": {
          "effectiveRevRisk": 0.5906802896517577,
          "effectiveUpProb": 0.6976125492305889,
          "frameState": "BULLISH",
          "monthlyBoxMonths": 10.0,
          "monthlyBoxPos": 0.234640522875817,
          "monthlyBoxRangePct": 0.18140858430163623,
          "monthlyBoxState": "box_lower",
          "monthlyBoxWild": false,
          "monthlyBreakoutDownProb": 0.5906802896517577,
          "monthlyBreakoutUpProb": 0.3554291480992463,
          "monthlyRangePos": 0.1639269406392694,
          "monthlyRangeProb": 0.46699534439126367,
          "monthlyRangeWidth": 0.2061370481927711,
          "monthlyRegimeAligned": null,
          "weeklyBreakoutDownProb": 0.511994571702499,
          "weeklyBreakoutUpProb": 0.6976125492305889,
          "weeklyRangeProb": 0.672331684841462,
          "weeklyRegimeAligned": null
        },
        "frameState": "BULLISH",
        "revRisk": 0.5906802896517577,
        "ticker": "1001",
        "upProb": 0.6976125492305889
      },
      {
        "frameSignals": {
          "effectiveRevRisk": 0.5675613553871186,
          "effectiveUpProb": 0.7494571279504894,
          "frameState": "BULLISH",
          "monthlyBoxMonths": 9.0,
          "monthlyBoxPos": 0.2097902097902098,
          "monthlyBoxRangePct": 0.19669876203576342,
          "monthlyBoxState": "box_lower",
          "monthlyBoxWild": false,
          "monthlyBreakoutDownProb": 0.5675613553871186,
          "monthlyBreakoutUpProb": 0.31258397982150776,
          "monthlyRangePos": 0.13574660633484162,
          "monthlyRangeProb": 0.40829032251221375,
          "monthlyRangeWidth": 0.23312236286919832,
          "monthlyRegimeAligned": null,
          "weeklyBreakoutDownProb": 0.4978946279504894,
          "weeklyBreakoutUpProb": 0.7494571279504894,
          "weeklyRangeProb": 0.6286908103051237,
          "weeklyRegimeAligned": null
        },
        "frameState": "BULLISH",
        "revRisk": 0.5675613553871186,
        "ticker": "1308",
        "upProb": 0.7494571279504894
      },
      {
        "frameSignals": {
          "effectiveRevRisk": 0.5683592400690847,
          "effectiveUpProb": 0.7492501644800496,
          "frameState": "BULLISH",
          "monthlyBoxMonths": 9.0,
          "monthlyBoxPos": 0.2054794520547945,
          "monthlyBoxRangePct": 0.1972972972972973,
          "monthlyBoxState": "box_lower",
          "monthlyBoxWild": false,
          "monthlyBreakoutDownProb": 0.5683592400690847,
          "monthlyBreakoutUpProb": 0.31169257340241796,
          "monthlyRangePos": 0.13333333333333333,
          "monthlyRangeProb": 0.406545768566494,
          "monthlyRangeWidth": 0.23316062176165803,
          "monthlyRegimeAligned": null,
          "weeklyBreakoutDownProb": 0.4947047099345951,
          "weeklyBreakoutUpProb": 0.7492501644800496,
          "weeklyRangeProb": 0.6237006076086536,
          "weeklyRegimeAligned": null
        },
        "frameState": "BULLISH",
        "revRisk": 0.5683592400690847,
        "ticker": "1306",
        "upProb": 0.7492501644800496
      }
    ]
  },
  "stage": {
    "goal20Reached": false,
    "goal30Reached": false,
    "stage2Active": false
  }
}