{
  "actions": [],
  "asOf": "2009-12-02",
  "checks": {
    "exposureOk": true,
    "lossLimitOk": true,
    "maxHoldingsOk": true,
    "noFutureLeakOk": true,
    "unitRuleOk": true
  },
  "mode": "BACKTEST",
  "policyVersion": "toredex.v8",
  "seasonId": "toredex_multiframe_20260318",
  "signals": {
    "buy": [
      {
        "frameSignals": {
          "effectiveRevRisk": 0.7976354043286314,
          "effectiveUpProb": 0.4535667386792054,
          "frameState": "BEARISH",
          "monthlyBoxMonths": 8.0,
          "monthlyBoxPos": 0.46228710462287104,
          "monthlyBoxRangePct": 0.18580470162748644,
          "monthlyBoxState": "box_mid",
          "monthlyBoxWild": false,
          "monthlyBreakoutDownProb": 0.31519464565594957,
          "monthlyBreakoutUpProb": 0.4535667386792054,
          "monthlyRangePos": 0.6976744186046512,
          "monthlyRangeProb": 0.459077815902063,
          "monthlyRangeWidth": 0.2786885245901639,
          "monthlyRegimeAligned": null,
          "weeklyBreakoutDownProb": 0.7976354043286314,
          "weeklyBreakoutUpProb": 0.3989090203726422,
          "weeklyRangeProb": 0.3605302126981946,
          "weeklyRegimeAligned": null
        },
        "frameState": "BEARISH",
        "revRisk": 0.7976354043286314,
        "ticker": "1001",
        "upProb": 0.4535667386792054
      },
      {
        "frameSignals": {
          "effectiveRevRisk": 0.8388524590163935,
          "effectiveUpProb": 0.47016355593694775,
          "frameState": "BEARISH",
          "monthlyBoxMonths": 8.0,
          "monthlyBoxPos": 0.20930232558139536,
          "monthlyBoxRangePct": 0.15266272189349112,
          "monthlyBoxState": "box_lower",
          "monthlyBoxWild": false,
          "monthlyBreakoutDownProb": 0.4753874365339627,
          "monthlyBreakoutUpProb": 0.47016355593694775,
          "monthlyRangePos": 0.4925373134328358,
          "monthlyRangeProb": 0.6966926149539776,
          "monthlyRangeWidth": 0.20636550308008214,
          "monthlyRegimeAligned": null,
          "weeklyBreakoutDownProb": 0.8388524590163935,
          "weeklyBreakoutUpProb": 0.3928571428571429,
          "weeklyRangeProb": 0.29449648711943793,
          "weeklyRegimeAligned": null
        },
        "frameState": "BEARISH",
        "revRisk": 0.8388524590163935,
        "ticker": "1306",
        "upProb": 0.47016355593694775
      },
      {
        "frameSignals": {
          "effectiveRevRisk": 0.8296385542168675,
          "effectiveUpProb": 0.47528404648278466,
          "frameState": "BEARISH",
          "monthlyBoxMonths": 9.0,
          "monthlyBoxPos": 0.3821656050955414,
          "monthlyBoxRangePct": 0.1977329974811083,
          "monthlyBoxState": "box_mid",
          "monthlyBoxWild": false,
          "monthlyBreakoutDownProb": 0.47348917468791285,
          "monthlyBreakoutUpProb": 0.47528404648278466,
          "monthlyRangePos": 0.5025641025641026,
          "monthlyRangeProb": 0.7020256679878131,
          "monthlyRangeWidth": 0.20504731861198738,
          "monthlyRegimeAligned": null,
          "weeklyBreakoutDownProb": 0.8296385542168675,
          "weeklyBreakoutUpProb": 0.3866968220830434,
          "weeklyRangeProb": 0.30037882916495484,
          "weeklyRegimeAligned": null
        },
        "frameState": "BEARISH",
        "revRisk": 0.8296385542168675,
        "ticker": "1308",
        "upProb": 0.47528404648278466
      }
    ],
    "sell": [
      {
        "frameSignals": {
          "effectiveRevRisk": 0.8388524590163935,
          "effectiveUpProb": 0.8388524590163935,
          "frameState": "BEARISH",
          "monthlyBoxMonths": 8.0,
          "monthlyBoxPos": 0.20930232558139536,
          "monthlyBoxRangePct": 0.15266272189349112,
          "monthlyBoxState": "box_lower",
          "monthlyBoxWild": false,
          "monthlyBreakoutDownProb": 0.4753874365339627,
          "monthlyBreakoutUpProb": 0.47016355593694775,
          "monthlyRangePos": 0.4925373134328358,
          "monthlyRangeProb": 0.6966926149539776,
          "monthlyRangeWidth": 0.20636550308008214,
          "monthlyRegimeAligned": null,
          "weeklyBreakoutDownProb": 0.8388524590163935,
          "weeklyBreakoutUpProb": 0.3928571428571429,
          "weeklyRangeProb": 0.29449648711943793,
          "weeklyRegimeAligned": null
        },
        "frameState": "BEARISH",
        "revRisk": 0.8388524590163935,
        "ticker": "1306",
        "upProb": 0.8388524590163935
      },
      {
        "frameSignals": {
          "effectiveRevRisk": 0.8296385542168675,
          "effectiveUpProb": 0.8296385542168675,
          "frameState": "BEARISH",
          "monthlyBoxMonths": 9.0,
          "monthlyBoxPos": 0.3821656050955414,
          "monthlyBoxRangePct": 0.1977329974811083,
          "monthlyBoxState": "box_mid",
          "monthlyBoxWild": false,
          "monthlyBreakoutDownProb": 0.47348917468791285,
          "monthlyBreakoutUpProb": 0.47528404648278466,
          "monthlyRangePos": 0.5025641025641026,
          "monthlyRangeProb": 0.7020256679878131,
          "monthlyRangeWidth": 0.20504731861198738,
          "monthlyRegimeAligned": null,
          "weeklyBreakoutDownProb": 0.8296385542168675,
          "weeklyBreakoutUpProb": 0.3866968220830434,
          "weeklyRangeProb": 0.30037882916495484,
          "weeklyRegimeAligned": null
        },
        "frameState": "BEARISH",
        "revRisk": 0.8296385542168675,
        "ticker": "1308",
        "upProb": 0.8296385542168675
      },
      {
        "frameSignals": {
          "effectiveRevRisk": 0.7976354043286314,
          "effectiveUpProb": 0.7976354043286314,
          "frameState": "BEARISH",
          "monthlyBoxMonths": 8.0,
          "monthlyBoxPos": 0.46228710462287104,
          "monthlyBoxRangePct": 0.18580470162748644,
          "monthlyBoxState": "box_mid",
          "monthlyBoxWild": false,
          "monthlyBreakoutDownProb": 0.31519464565594957,
          "monthlyBreakoutUpProb": 0.4535667386792054,
          "monthlyRangePos": 0.6976744186046512,
          "monthlyRangeProb": 0.459077815902063,
          "monthlyRangeWidth": 0.2786885245901639,
          "monthlyRegimeAligned": null,
          "weeklyBreakoutDownProb": 0.7976354043286314,
          "weeklyBreakoutUpProb": 0.3989090203726422,
          "weeklyRangeProb": 0.3605302126981946,
          "weeklyRegimeAligned": null
        },
        "frameState": "BEARISH",
        "revRisk": 0.7976354043286314,
        "ticker": "1001",
        "upProb": 0.7976354043286314
      }
    ]
  },
  "stage": {
    "goal20Reached": false,
    "goal30Reached": false,
    "stage2Active": false
  }
}