{
  "actions": [],
  "asOf": "2016-01-08",
  "checks": {
    "exposureOk": true,
    "lossLimitOk": true,
    "maxHoldingsOk": true,
    "noFutureLeakOk": true,
    "unitRuleOk": true
  },
  "mode": "BACKTEST",
  "policyVersion": "toredex.v8",
  "seasonId": "toredex_multiframe_20260318",
  "signals": {
    "buy": [
      {
        "frameSignals": {
          "effectiveRevRisk": 0.7420144453704297,
          "effectiveUpProb": 0.4534179541423596,
          "frameState": "BEARISH",
          "monthlyBoxMonths": 11.0,
          "monthlyBoxPos": 0.14492753623188406,
          "monthlyBoxRangePct": 0.1908713692946058,
          "monthlyBoxState": "box_lower",
          "monthlyBoxWild": false,
          "monthlyBreakoutDownProb": 0.6533791176421082,
          "monthlyBreakoutUpProb": 0.404828393004427,
          "monthlyRangePos": 0.14492753623188406,
          "monthlyRangeProb": 0.5199355316534532,
          "monthlyRangeWidth": 0.1602787456445993,
          "monthlyRegimeAligned": null,
          "weeklyBreakoutDownProb": 0.7420144453704297,
          "weeklyBreakoutUpProb": 0.4534179541423596,
          "weeklyRangeProb": 0.5609771993931235,
          "weeklyRegimeAligned": null
        },
        "frameState": "BEARISH",
        "revRisk": 0.7420144453704297,
        "ticker": "1306",
        "upProb": 0.4534179541423596
      },
      {
        "frameSignals": {
          "effectiveRevRisk": 0.7335441812992312,
          "effectiveUpProb": 0.4563765512414277,
          "frameState": "BEARISH",
          "monthlyBoxMonths": 11.0,
          "monthlyBoxPos": 0.14652014652014653,
          "monthlyBoxRangePct": 0.19077568134171907,
          "monthlyBoxState": "box_lower",
          "monthlyBoxWild": false,
          "monthlyBreakoutDownProb": 0.6529041771999519,
          "monthlyBreakoutUpProb": 0.4054682797640544,
          "monthlyRangePos": 0.14652014652014653,
          "monthlyRangeProb": 0.5211478271337426,
          "monthlyRangeWidth": 0.1602112676056338,
          "monthlyRegimeAligned": null,
          "weeklyBreakoutDownProb": 0.7335441812992312,
          "weeklyBreakoutUpProb": 0.4563765512414277,
          "weeklyRangeProb": 0.5691491664434949,
          "weeklyRegimeAligned": null
        },
        "frameState": "BEARISH",
        "revRisk": 0.7335441812992312,
        "ticker": "1308",
        "upProb": 0.4563765512414277
      },
      {
        "frameSignals": {
          "effectiveRevRisk": 0.7693208096072256,
          "effectiveUpProb": 0.4173461974774654,
          "frameState": "BEARISH",
          "monthlyBoxMonths": 14.0,
          "monthlyBoxPos": 0.11411042944785275,
          "monthlyBoxRangePct": 0.18816738816738818,
          "monthlyBoxState": "box_lower",
          "monthlyBoxWild": false,
          "monthlyBreakoutDownProb": 0.6763514231121782,
          "monthlyBreakoutUpProb": 0.3940086017171204,
          "monthlyRangePos": 0.09665311229277447,
          "monthlyRangeProb": 0.4933244660040731,
          "monthlyRangeWidth": 0.1553072625698324,
          "monthlyRegimeAligned": null,
          "weeklyBreakoutDownProb": 0.7693208096072256,
          "weeklyBreakoutUpProb": 0.4173461974774654,
          "weeklyRangeProb": 0.48532887577250905,
          "weeklyRegimeAligned": null
        },
        "frameState": "BEARISH",
        "revRisk": 0.7693208096072256,
        "ticker": "1001",
        "upProb": 0.4173461974774654
      }
    ],
    "sell": [
      {
        "frameSignals": {
          "effectiveRevRisk": 0.7693208096072256,
          "effectiveUpProb": 0.7693208096072256,
          "frameState": "BEARISH",
          "monthlyBoxMonths": 14.0,
          "monthlyBoxPos": 0.11411042944785275,
          "monthlyBoxRangePct": 0.18816738816738818,
          "monthlyBoxState": "box_lower",
          "monthlyBoxWild": false,
          "monthlyBreakoutDownProb": 0.6763514231121782,
          "monthlyBreakoutUpProb": 0.3940086017171204,
          "monthlyRangePos": 0.09665311229277447,
          "monthlyRangeProb": 0.4933244660040731,
          "monthlyRangeWidth": 0.1553072625698324,
          "monthlyRegimeAligned": null,
          "weeklyBreakoutDownProb": 0.7693208096072256,
          "weeklyBreakoutUpProb": 0.4173461974774654,
          "weeklyRangeProb": 0.48532887577250905,
          "weeklyRegimeAligned": null
        },
        "frameState": "BEARISH",
        "revRisk": 0.7693208096072256,
        "ticker": "1001",
        "upProb": 0.7693208096072256
      },
      {
        "frameSignals": {
          "effectiveRevRisk": 0.7420144453704297,
          "effectiveUpProb": 0.7420144453704297,
          "frameState": "BEARISH",
          "monthlyBoxMonths": 11.0,
          "monthlyBoxPos": 0.14492753623188406,
          "monthlyBoxRangePct": 0.1908713692946058,
          "monthlyBoxState": "box_lower",
          "monthlyBoxWild": false,
          "monthlyBreakoutDownProb": 0.6533791176421082,
          "monthlyBreakoutUpProb": 0.404828393004427,
          "monthlyRangePos": 0.14492753623188406,
          "monthlyRangeProb": 0.5199355316534532,
          "monthlyRangeWidth": 0.1602787456445993,
          "monthlyRegimeAligned": null,
          "weeklyBreakoutDownProb": 0.7420144453704297,
          "weeklyBreakoutUpProb": 0.4534179541423596,
          "weeklyRangeProb": 0.5609771993931235,
          "weeklyRegimeAligned": null
        },
        "frameState": "BEARISH",
        "revRisk": 0.7420144453704297,
        "ticker": "1306",
        "upProb": 0.7420144453704297
      },
      {
        "frameSignals": {
          "effectiveRevRisk": 0.7335441812992312,
          "effectiveUpProb": 0.7335441812992312,
          "frameState": "BEARISH",
          "monthlyBoxMonths": 11.0,
          "monthlyBoxPos": 0.14652014652014653,
          "monthlyBoxRangePct": 0.19077568134171907,
          "monthlyBoxState": "box_lower",
          "monthlyBoxWild": false,
          "monthlyBreakoutDownProb": 0.6529041771999519,
          "monthlyBreakoutUpProb": 0.4054682797640544,
          "monthlyRangePos": 0.14652014652014653,
          "monthlyRangeProb": 0.5211478271337426,
          "monthlyRangeWidth": 0.1602112676056338,
          "monthlyRegimeAligned": null,
          "weeklyBreakoutDownProb": 0.7335441812992312,
          "weeklyBreakoutUpProb": 0.4563765512414277,
          "weeklyRangeProb": 0.5691491664434949,
          "weeklyRegimeAligned": null
        },
        "frameState": "BEARISH",
        "revRisk": 0.7335441812992312,
        "ticker": "1308",
        "upProb": 0.7335441812992312
      }
    ]
  },
  "stage": {
    "goal20Reached": false,
    "goal30Reached": false,
    "stage2Active": false
  }
}