{
  "actions": [],
  "asOf": "2011-10-31",
  "checks": {
    "exposureOk": true,
    "lossLimitOk": true,
    "maxHoldingsOk": true,
    "noFutureLeakOk": true,
    "unitRuleOk": true
  },
  "mode": "BACKTEST",
  "policyVersion": "toredex.v8",
  "seasonId": "toredex_multiframe_20260318",
  "signals": {
    "buy": [
      {
        "frameSignals": {
          "effectiveRevRisk": 0.6262654394431503,
          "effectiveUpProb": 0.46861125979978613,
          "frameState": "BEARISH",
          "monthlyBoxMonths": 7.0,
          "monthlyBoxPos": 0.3013600572655691,
          "monthlyBoxRangePct": 0.16306758491887474,
          "monthlyBoxState": "box_mid",
          "monthlyBoxWild": false,
          "monthlyBreakoutDownProb": 0.6262654394431503,
          "monthlyBreakoutUpProb": 0.3810471442248551,
          "monthlyRangePos": 0.1496881496881497,
          "monthlyRangeProb": 0.4931936860400716,
          "monthlyRangeWidth": 0.18109939759036145,
          "monthlyRegimeAligned": null,
          "weeklyBreakoutDownProb": 0.6011096745112636,
          "weeklyBreakoutUpProb": 0.46861125979978613,
          "weeklyRangeProb": 0.6427912282905064,
          "weeklyRegimeAligned": null
        },
        "frameState": "BEARISH",
        "revRisk": 0.6262654394431503,
        "ticker": "1001",
        "upProb": 0.46861125979978613
      },
      {
        "frameSignals": {
          "effectiveRevRisk": 0.6464881980426023,
          "effectiveUpProb": 0.46136001567051776,
          "frameState": "BEARISH",
          "monthlyBoxMonths": 7.0,
          "monthlyBoxPos": 0.14705882352941177,
          "monthlyBoxRangePct": 0.17965653896961692,
          "monthlyBoxState": "box_lower",
          "monthlyBoxWild": false,
          "monthlyBreakoutDownProb": 0.6464881980426023,
          "monthlyBreakoutUpProb": 0.3146229130685089,
          "monthlyRangePos": 0.025906735751295335,
          "monthlyRangeProb": 0.3792458261370179,
          "monthlyRangeWidth": 0.2,
          "monthlyRegimeAligned": null,
          "weeklyBreakoutDownProb": 0.6243371149071589,
          "weeklyBreakoutUpProb": 0.46136001567051776,
          "weeklyRangeProb": 0.6217530233774404,
          "weeklyRegimeAligned": null
        },
        "frameState": "BEARISH",
        "revRisk": 0.6464881980426023,
        "ticker": "1306",
        "upProb": 0.46136001567051776
      },
      {
        "frameSignals": {
          "effectiveRevRisk": 0.6520332714885637,
          "effectiveUpProb": 0.4584867462286817,
          "frameState": "BEARISH",
          "monthlyBoxMonths": 7.0,
          "monthlyBoxPos": 0.1076923076923077,
          "monthlyBoxRangePct": 0.17356475300400534,
          "monthlyBoxState": "box_lower",
          "monthlyBoxWild": false,
          "monthlyBreakoutDownProb": 0.6520332714885637,
          "monthlyBreakoutUpProb": 0.3132034842545212,
          "monthlyRangePos": 0.015957446808510637,
          "monthlyRangeProb": 0.37471920479596216,
          "monthlyRangeWidth": 0.19831223628691982,
          "monthlyRegimeAligned": null,
          "weeklyBreakoutDownProb": 0.6254098231517586,
          "weeklyBreakoutUpProb": 0.4584867462286817,
          "weeklyRangeProb": 0.6167430777108196,
          "weeklyRegimeAligned": null
        },
        "frameState": "BEARISH",
        "revRisk": 0.6520332714885637,
        "ticker": "1308",
        "upProb": 0.4584867462286817
      }
    ],
    "sell": [
      {
        "frameSignals": {
          "effectiveRevRisk": 0.6520332714885637,
          "effectiveUpProb": 0.6254098231517586,
          "frameState": "BEARISH",
          "monthlyBoxMonths": 7.0,
          "monthlyBoxPos": 0.1076923076923077,
          "monthlyBoxRangePct": 0.17356475300400534,
          "monthlyBoxState": "box_lower",
          "monthlyBoxWild": false,
          "monthlyBreakoutDownProb": 0.6520332714885637,
          "monthlyBreakoutUpProb": 0.3132034842545212,
          "monthlyRangePos": 0.015957446808510637,
          "monthlyRangeProb": 0.37471920479596216,
          "monthlyRangeWidth": 0.19831223628691982,
          "monthlyRegimeAligned": null,
          "weeklyBreakoutDownProb": 0.6254098231517586,
          "weeklyBreakoutUpProb": 0.4584867462286817,
          "weeklyRangeProb": 0.6167430777108196,
          "weeklyRegimeAligned": null
        },
        "frameState": "BEARISH",
        "revRisk": 0.6520332714885637,
        "ticker": "1308",
        "upProb": 0.6254098231517586
      },
      {
        "frameSignals": {
          "effectiveRevRisk": 0.6464881980426023,
          "effectiveUpProb": 0.6243371149071589,
          "frameState": "BEARISH",
          "monthlyBoxMonths": 7.0,
          "monthlyBoxPos": 0.14705882352941177,
          "monthlyBoxRangePct": 0.17965653896961692,
          "monthlyBoxState": "box_lower",
          "monthlyBoxWild": false,
          "monthlyBreakoutDownProb": 0.6464881980426023,
          "monthlyBreakoutUpProb": 0.3146229130685089,
          "monthlyRangePos": 0.025906735751295335,
          "monthlyRangeProb": 0.3792458261370179,
          "monthlyRangeWidth": 0.2,
          "monthlyRegimeAligned": null,
          "weeklyBreakoutDownProb": 0.6243371149071589,
          "weeklyBreakoutUpProb": 0.46136001567051776,
          "weeklyRangeProb": 0.6217530233774404,
          "weeklyRegimeAligned": null
        },
        "frameState": "BEARISH",
        "revRisk": 0.6464881980426023,
        "ticker": "1306",
        "upProb": 0.6243371149071589
      },
      {
        "frameSignals": {
          "effectiveRevRisk": 0.6262654394431503,
          "effectiveUpProb": 0.6011096745112636,
          "frameState": "BEARISH",
          "monthlyBoxMonths": 7.0,
          "monthlyBoxPos": 0.3013600572655691,
          "monthlyBoxRangePct": 0.16306758491887474,
          "monthlyBoxState": "box_mid",
          "monthlyBoxWild": false,
          "monthlyBreakoutDownProb": 0.6262654394431503,
          "monthlyBreakoutUpProb": 0.3810471442248551,
          "monthlyRangePos": 0.1496881496881497,
          "monthlyRangeProb": 0.4931936860400716,
          "monthlyRangeWidth": 0.18109939759036145,
          "monthlyRegimeAligned": null,
          "weeklyBreakoutDownProb": 0.6011096745112636,
          "weeklyBreakoutUpProb": 0.46861125979978613,
          "weeklyRangeProb": 0.6427912282905064,
          "weeklyRegimeAligned": null
        },
        "frameState": "BEARISH",
        "revRisk": 0.6262654394431503,
        "ticker": "1001",
        "upProb": 0.6011096745112636
      }
    ]
  },
  "stage": {
    "goal20Reached": false,
    "goal30Reached": false,
    "stage2Active": false
  }
}