{
  "actions": [
    {
      "deltaUnits": 2,
      "reasonId": "E_NEW_TOPK_GATE_OK",
      "side": "LONG",
      "ticker": "1308"
    }
  ],
  "asOf": "2022-11-08",
  "checks": {
    "exposureOk": true,
    "lossLimitOk": true,
    "maxHoldingsOk": true,
    "noFutureLeakOk": true,
    "unitRuleOk": true
  },
  "mode": "BACKTEST",
  "policyVersion": "toredex.v8",
  "seasonId": "toredex_multiframe_20260318",
  "signals": {
    "buy": [
      {
        "frameSignals": {
          "effectiveRevRisk": 0.6138552308846186,
          "effectiveUpProb": 0.7342932344369126,
          "frameState": "BULLISH",
          "monthlyBoxMonths": 14.0,
          "monthlyBoxPos": 0.640661938534279,
          "monthlyBoxRangePct": 0.11099448963526633,
          "monthlyBoxState": "box_mid",
          "monthlyBoxWild": false,
          "monthlyBreakoutDownProb": 0.5247253332023448,
          "monthlyBreakoutUpProb": 0.7342932344369126,
          "monthlyRangePos": 0.7993827160493827,
          "monthlyRangeProb": 0.6775794341886296,
          "monthlyRangeWidth": 0.07812876778394019,
          "monthlyRegimeAligned": null,
          "weeklyBreakoutDownProb": 0.6138552308846186,
          "weeklyBreakoutUpProb": 0.6648968975512852,
          "weeklyRangeProb": 0.8477664092272764,
          "weeklyRegimeAligned": null
        },
        "frameState": "BULLISH",
        "revRisk": 0.6138552308846186,
        "ticker": "1306",
        "upProb": 0.7342932344369126
      },
      {
        "frameSignals": {
          "effectiveRevRisk": 0.6124551036357341,
          "effectiveUpProb": 0.7223875405723854,
          "frameState": "BULLISH",
          "monthlyBoxMonths": 14.0,
          "monthlyBoxPos": 0.6357142857142857,
          "monthlyBoxRangePct": 0.11158342189160468,
          "monthlyBoxState": "box_mid",
          "monthlyBoxWild": false,
          "monthlyBreakoutDownProb": 0.5329379992879817,
          "monthlyBreakoutUpProb": 0.7223875405723854,
          "monthlyRangePos": 0.7706422018348624,
          "monthlyRangeProb": 0.6955155504512677,
          "monthlyRangeWidth": 0.07963955187530443,
          "monthlyRegimeAligned": null,
          "weeklyBreakoutDownProb": 0.6124551036357341,
          "weeklyBreakoutUpProb": 0.6666804557484102,
          "weeklyRangeProb": 0.8448092966143181,
          "weeklyRegimeAligned": null
        },
        "frameState": "BULLISH",
        "revRisk": 0.6124551036357341,
        "ticker": "1308",
        "upProb": 0.7223875405723854
      },
      {
        "frameSignals": {
          "effectiveRevRisk": 0.6257556708018505,
          "effectiveUpProb": 0.66614183975553,
          "frameState": "MIXED",
          "monthlyBoxMonths": 14.0,
          "monthlyBoxPos": 0.589527027027027,
          "monthlyBoxRangePct": 0.1377919155869346,
          "monthlyBoxState": "box_mid",
          "monthlyBoxWild": false,
          "monthlyBreakoutDownProb": 0.5415447829930913,
          "monthlyBreakoutUpProb": 0.66614183975553,
          "monthlyRangePos": 0.6779957953749124,
          "monthlyRangeProb": 0.7322177657708375,
          "monthlyRangeWidth": 0.09912819978465492,
          "monthlyRegimeAligned": null,
          "weeklyBreakoutDownProb": 0.6257556708018505,
          "weeklyBreakoutUpProb": 0.5711813803177103,
          "weeklyRangeProb": 0.7958885124501457,
          "weeklyRegimeAligned": null
        },
        "frameState": "MIXED",
        "revRisk": 0.6257556708018505,
        "ticker": "1001",
        "upProb": 0.66614183975553
      }
    ],
    "sell": [
      {
        "frameSignals": {
          "effectiveRevRisk": 0.6124551036357341,
          "effectiveUpProb": 0.7223875405723854,
          "frameState": "BULLISH",
          "monthlyBoxMonths": 14.0,
          "monthlyBoxPos": 0.6357142857142857,
          "monthlyBoxRangePct": 0.11158342189160468,
          "monthlyBoxState": "box_mid",
          "monthlyBoxWild": false,
          "monthlyBreakoutDownProb": 0.5329379992879817,
          "monthlyBreakoutUpProb": 0.7223875405723854,
          "monthlyRangePos": 0.7706422018348624,
          "monthlyRangeProb": 0.6955155504512677,
          "monthlyRangeWidth": 0.07963955187530443,
          "monthlyRegimeAligned": null,
          "weeklyBreakoutDownProb": 0.6124551036357341,
          "weeklyBreakoutUpProb": 0.6666804557484102,
          "weeklyRangeProb": 0.8448092966143181,
          "weeklyRegimeAligned": null
        },
        "frameState": "BULLISH",
        "revRisk": 0.6124551036357341,
        "ticker": "1308",
        "upProb": 0.7223875405723854
      },
      {
        "frameSignals": {
          "effectiveRevRisk": 0.6138552308846186,
          "effectiveUpProb": 0.7342932344369126,
          "frameState": "BULLISH",
          "monthlyBoxMonths": 14.0,
          "monthlyBoxPos": 0.640661938534279,
          "monthlyBoxRangePct": 0.11099448963526633,
          "monthlyBoxState": "box_mid",
          "monthlyBoxWild": false,
          "monthlyBreakoutDownProb": 0.5247253332023448,
          "monthlyBreakoutUpProb": 0.7342932344369126,
          "monthlyRangePos": 0.7993827160493827,
          "monthlyRangeProb": 0.6775794341886296,
          "monthlyRangeWidth": 0.07812876778394019,
          "monthlyRegimeAligned": null,
          "weeklyBreakoutDownProb": 0.6138552308846186,
          "weeklyBreakoutUpProb": 0.6648968975512852,
          "weeklyRangeProb": 0.8477664092272764,
          "weeklyRegimeAligned": null
        },
        "frameState": "BULLISH",
        "revRisk": 0.6138552308846186,
        "ticker": "1306",
        "upProb": 0.7342932344369126
      },
      {
        "frameSignals": {
          "effectiveRevRisk": 0.6257556708018505,
          "effectiveUpProb": 0.66614183975553,
          "frameState": "MIXED",
          "monthlyBoxMonths": 14.0,
          "monthlyBoxPos": 0.589527027027027,
          "monthlyBoxRangePct": 0.1377919155869346,
          "monthlyBoxState": "box_mid",
          "monthlyBoxWild": false,
          "monthlyBreakoutDownProb": 0.5415447829930913,
          "monthlyBreakoutUpProb": 0.66614183975553,
          "monthlyRangePos": 0.6779957953749124,
          "monthlyRangeProb": 0.7322177657708375,
          "monthlyRangeWidth": 0.09912819978465492,
          "monthlyRegimeAligned": null,
          "weeklyBreakoutDownProb": 0.6257556708018505,
          "weeklyBreakoutUpProb": 0.5711813803177103,
          "weeklyRangeProb": 0.7958885124501457,
          "weeklyRegimeAligned": null
        },
        "frameState": "MIXED",
        "revRisk": 0.6257556708018505,
        "ticker": "1001",
        "upProb": 0.66614183975553
      }
    ]
  },
  "stage": {
    "goal20Reached": false,
    "goal30Reached": false,
    "stage2Active": false
  }
}