{
  "asOf": "2023-07-19",
  "cash": 5250888.638139,
  "cum_pnl": 2323221.3687,
  "cum_return_pct": 23.232214,
  "daily_pnl": 72332.730561,
  "equity": 12323221.3687,
  "game_over": false,
  "goal20_reached": true,
  "goal30_reached": false,
  "holdings_count": 2,
  "max_drawdown_pct": -6.512792,
  "season_id": "tradex_bt3y_v8_fast_baseline_20260217"
}