{
  "actions": [],
  "asOf": "2009-01-27",
  "checks": {
    "exposureOk": true,
    "lossLimitOk": true,
    "maxHoldingsOk": true,
    "noFutureLeakOk": true,
    "unitRuleOk": true
  },
  "mode": "BACKTEST",
  "policyVersion": "toredex.v8",
  "seasonId": "toredex_multiframe_20260318",
  "signals": {
    "buy": [
      {
        "frameSignals": {
          "effectiveRevRisk": 0.8474970622796709,
          "effectiveUpProb": 0.15218671152228763,
          "frameState": "BEARISH",
          "monthlyBoxMonths": 3.0,
          "monthlyBoxPos": 0.0,
          "monthlyBoxRangePct": 0.12682926829268293,
          "monthlyBoxState": "box_lower",
          "monthlyBoxWild": false,
          "monthlyBreakoutDownProb": 0.8474970622796709,
          "monthlyBreakoutUpProb": 0.0520891364902507,
          "monthlyRangePos": 0.0,
          "monthlyRangeProb": 0.0,
          "monthlyRangeWidth": 0.4073816155988858,
          "monthlyRegimeAligned": null,
          "weeklyBreakoutDownProb": 0.7680049875311721,
          "weeklyBreakoutUpProb": 0.15218671152228763,
          "weeklyRangeProb": 0.11127846909219803,
          "weeklyRegimeAligned": null
        },
        "frameState": "BEARISH",
        "revRisk": 0.8474970622796709,
        "ticker": "1306",
        "upProb": 0.15218671152228763
      },
      {
        "frameSignals": {
          "effectiveRevRisk": 0.8739833531510106,
          "effectiveUpProb": 0.15337792959483826,
          "frameState": "BEARISH",
          "monthlyBoxMonths": 3.0,
          "monthlyBoxPos": 0.0,
          "monthlyBoxRangePct": 0.13308457711442787,
          "monthlyBoxState": "box_lower",
          "monthlyBoxWild": false,
          "monthlyBreakoutDownProb": 0.8739833531510106,
          "monthlyBreakoutUpProb": 0.04307971854944717,
          "monthlyRangePos": 0.0,
          "monthlyRangeProb": 0.0,
          "monthlyRangeWidth": 0.41475295755045233,
          "monthlyRegimeAligned": null,
          "weeklyBreakoutDownProb": 0.7863716814159292,
          "weeklyBreakoutUpProb": 0.15337792959483826,
          "weeklyRangeProb": 0.08644813814776714,
          "weeklyRegimeAligned": null
        },
        "frameState": "BEARISH",
        "revRisk": 0.8739833531510106,
        "ticker": "1308",
        "upProb": 0.15337792959483826
      },
      {
        "frameSignals": {
          "effectiveRevRisk": 0.9054440789473684,
          "effectiveUpProb": 0.10055304375925986,
          "frameState": "BEARISH",
          "monthlyBoxMonths": 3.0,
          "monthlyBoxPos": 0.0,
          "monthlyBoxRangePct": 0.11537030145143283,
          "monthlyBoxState": "box_lower",
          "monthlyBoxWild": false,
          "monthlyBreakoutDownProb": 0.9054440789473684,
          "monthlyBreakoutUpProb": 0.053370995489840506,
          "monthlyRangePos": 0.0,
          "monthlyRangeProb": 0.0,
          "monthlyRangeWidth": 0.4063328218719487,
          "monthlyRegimeAligned": null,
          "weeklyBreakoutDownProb": 0.43583234277349864,
          "weeklyBreakoutUpProb": 0.10055304375925986,
          "weeklyRangeProb": 0.12485752030057305,
          "weeklyRegimeAligned": null
        },
        "frameState": "BEARISH",
        "revRisk": 0.9054440789473684,
        "ticker": "1001",
        "upProb": 0.10055304375925986
      }
    ],
    "sell": [
      {
        "frameSignals": {
          "effectiveRevRisk": 0.8739833531510106,
          "effectiveUpProb": 0.7863716814159292,
          "frameState": "BEARISH",
          "monthlyBoxMonths": 3.0,
          "monthlyBoxPos": 0.0,
          "monthlyBoxRangePct": 0.13308457711442787,
          "monthlyBoxState": "box_lower",
          "monthlyBoxWild": false,
          "monthlyBreakoutDownProb": 0.8739833531510106,
          "monthlyBreakoutUpProb": 0.04307971854944717,
          "monthlyRangePos": 0.0,
          "monthlyRangeProb": 0.0,
          "monthlyRangeWidth": 0.41475295755045233,
          "monthlyRegimeAligned": null,
          "weeklyBreakoutDownProb": 0.7863716814159292,
          "weeklyBreakoutUpProb": 0.15337792959483826,
          "weeklyRangeProb": 0.08644813814776714,
          "weeklyRegimeAligned": null
        },
        "frameState": "BEARISH",
        "revRisk": 0.8739833531510106,
        "ticker": "1308",
        "upProb": 0.7863716814159292
      },
      {
        "frameSignals": {
          "effectiveRevRisk": 0.8474970622796709,
          "effectiveUpProb": 0.7680049875311721,
          "frameState": "BEARISH",
          "monthlyBoxMonths": 3.0,
          "monthlyBoxPos": 0.0,
          "monthlyBoxRangePct": 0.12682926829268293,
          "monthlyBoxState": "box_lower",
          "monthlyBoxWild": false,
          "monthlyBreakoutDownProb": 0.8474970622796709,
          "monthlyBreakoutUpProb": 0.0520891364902507,
          "monthlyRangePos": 0.0,
          "monthlyRangeProb": 0.0,
          "monthlyRangeWidth": 0.4073816155988858,
          "monthlyRegimeAligned": null,
          "weeklyBreakoutDownProb": 0.7680049875311721,
          "weeklyBreakoutUpProb": 0.15218671152228763,
          "weeklyRangeProb": 0.11127846909219803,
          "weeklyRegimeAligned": null
        },
        "frameState": "BEARISH",
        "revRisk": 0.8474970622796709,
        "ticker": "1306",
        "upProb": 0.7680049875311721
      },
      {
        "frameSignals": {
          "effectiveRevRisk": 0.9054440789473684,
          "effectiveUpProb": 0.43583234277349864,
          "frameState": "BEARISH",
          "monthlyBoxMonths": 3.0,
          "monthlyBoxPos": 0.0,
          "monthlyBoxRangePct": 0.11537030145143283,
          "monthlyBoxState": "box_lower",
          "monthlyBoxWild": false,
          "monthlyBreakoutDownProb": 0.9054440789473684,
          "monthlyBreakoutUpProb": 0.053370995489840506,
          "monthlyRangePos": 0.0,
          "monthlyRangeProb": 0.0,
          "monthlyRangeWidth": 0.4063328218719487,
          "monthlyRegimeAligned": null,
          "weeklyBreakoutDownProb": 0.43583234277349864,
          "weeklyBreakoutUpProb": 0.10055304375925986,
          "weeklyRangeProb": 0.12485752030057305,
          "weeklyRegimeAligned": null
        },
        "frameState": "BEARISH",
        "revRisk": 0.9054440789473684,
        "ticker": "1001",
        "upProb": 0.43583234277349864
      }
    ]
  },
  "stage": {
    "goal20Reached": false,
    "goal30Reached": false,
    "stage2Active": false
  }
}