{
  "actions": [
    {
      "deltaUnits": 2,
      "reasonId": "E_NEW_TOP1_GATE_OK",
      "side": "LONG",
      "ticker": "1001"
    }
  ],
  "asOf": "2008-06-23",
  "checks": {
    "exposureOk": true,
    "lossLimitOk": true,
    "maxHoldingsOk": true,
    "noFutureLeakOk": true,
    "unitRuleOk": true
  },
  "mode": "BACKTEST",
  "policyVersion": "toredex.v8",
  "seasonId": "toredex_multiframe_20260318",
  "signals": {
    "buy": [
      {
        "frameSignals": {
          "effectiveRevRisk": 0.4455341431280643,
          "effectiveUpProb": 0.6252049616334023,
          "frameState": "BULLISH",
          "monthlyBoxMonths": 5.0,
          "monthlyBoxPos": 0.7330764997248211,
          "monthlyBoxRangePct": 0.1450698602794411,
          "monthlyBoxState": "box_mid",
          "monthlyBoxWild": false,
          "monthlyBreakoutDownProb": 0.4387129440172801,
          "monthlyBreakoutUpProb": 0.2548273213556019,
          "monthlyRangePos": 0.23730625334045966,
          "monthlyRangeProb": 0.3691154432404793,
          "monthlyRangeWidth": 0.30946080052927555,
          "monthlyRegimeAligned": null,
          "weeklyBreakoutDownProb": 0.4455341431280643,
          "weeklyBreakoutUpProb": 0.6252049616334023,
          "weeklyRangeProb": 0.5962204706718922,
          "weeklyRegimeAligned": null
        },
        "frameState": "BULLISH",
        "revRisk": 0.4455341431280643,
        "ticker": "1001",
        "upProb": 0.6252049616334023
      },
      {
        "frameSignals": {
          "effectiveRevRisk": 0.4404215976775194,
          "effectiveUpProb": 0.5837286842916927,
          "frameState": "BULLISH",
          "monthlyBoxMonths": 6.0,
          "monthlyBoxPos": 0.6859903381642513,
          "monthlyBoxRangePct": 0.16774716369529985,
          "monthlyBoxState": "box_mid",
          "monthlyBoxWild": false,
          "monthlyBreakoutDownProb": 0.42942119871498863,
          "monthlyBreakoutUpProb": 0.25660479942800113,
          "monthlyRangePos": 0.2531194295900178,
          "monthlyRangeProb": 0.3757444177975064,
          "monthlyRangeWidth": 0.3125348189415042,
          "monthlyRegimeAligned": null,
          "weeklyBreakoutDownProb": 0.4404215976775194,
          "weeklyBreakoutUpProb": 0.5837286842916927,
          "weeklyRangeProb": 0.6050544436403612,
          "weeklyRegimeAligned": null
        },
        "frameState": "BULLISH",
        "revRisk": 0.4404215976775194,
        "ticker": "1308",
        "upProb": 0.5837286842916927
      },
      {
        "frameSignals": {
          "effectiveRevRisk": 0.4376522070015221,
          "effectiveUpProb": 0.5904299847792999,
          "frameState": "BULLISH",
          "monthlyBoxMonths": 6.0,
          "monthlyBoxPos": 0.6511627906976745,
          "monthlyBoxRangePct": 0.17366720516962844,
          "monthlyBoxState": "box_mid",
          "monthlyBoxWild": false,
          "monthlyBreakoutDownProb": 0.43120644962875093,
          "monthlyBreakoutUpProb": 0.2555836738280392,
          "monthlyRangePos": 0.2491103202846975,
          "monthlyRangeProb": 0.3733895698783006,
          "monthlyRangeWidth": 0.31222222222222223,
          "monthlyRegimeAligned": null,
          "weeklyBreakoutDownProb": 0.4376522070015221,
          "weeklyBreakoutUpProb": 0.5904299847792999,
          "weeklyRangeProb": 0.5979071537290715,
          "weeklyRegimeAligned": null
        },
        "frameState": "BULLISH",
        "revRisk": 0.4376522070015221,
        "ticker": "1306",
        "upProb": 0.5904299847792999
      }
    ],
    "sell": [
      {
        "frameSignals": {
          "effectiveRevRisk": 0.4455341431280643,
          "effectiveUpProb": 0.6252049616334023,
          "frameState": "BULLISH",
          "monthlyBoxMonths": 5.0,
          "monthlyBoxPos": 0.7330764997248211,
          "monthlyBoxRangePct": 0.1450698602794411,
          "monthlyBoxState": "box_mid",
          "monthlyBoxWild": false,
          "monthlyBreakoutDownProb": 0.4387129440172801,
          "monthlyBreakoutUpProb": 0.2548273213556019,
          "monthlyRangePos": 0.23730625334045966,
          "monthlyRangeProb": 0.3691154432404793,
          "monthlyRangeWidth": 0.30946080052927555,
          "monthlyRegimeAligned": null,
          "weeklyBreakoutDownProb": 0.4455341431280643,
          "weeklyBreakoutUpProb": 0.6252049616334023,
          "weeklyRangeProb": 0.5962204706718922,
          "weeklyRegimeAligned": null
        },
        "frameState": "BULLISH",
        "revRisk": 0.4455341431280643,
        "ticker": "1001",
        "upProb": 0.6252049616334023
      },
      {
        "frameSignals": {
          "effectiveRevRisk": 0.4376522070015221,
          "effectiveUpProb": 0.5904299847792999,
          "frameState": "BULLISH",
          "monthlyBoxMonths": 6.0,
          "monthlyBoxPos": 0.6511627906976745,
          "monthlyBoxRangePct": 0.17366720516962844,
          "monthlyBoxState": "box_mid",
          "monthlyBoxWild": false,
          "monthlyBreakoutDownProb": 0.43120644962875093,
          "monthlyBreakoutUpProb": 0.2555836738280392,
          "monthlyRangePos": 0.2491103202846975,
          "monthlyRangeProb": 0.3733895698783006,
          "monthlyRangeWidth": 0.31222222222222223,
          "monthlyRegimeAligned": null,
          "weeklyBreakoutDownProb": 0.4376522070015221,
          "weeklyBreakoutUpProb": 0.5904299847792999,
          "weeklyRangeProb": 0.5979071537290715,
          "weeklyRegimeAligned": null
        },
        "frameState": "BULLISH",
        "revRisk": 0.4376522070015221,
        "ticker": "1306",
        "upProb": 0.5904299847792999
      },
      {
        "frameSignals": {
          "effectiveRevRisk": 0.4404215976775194,
          "effectiveUpProb": 0.5837286842916927,
          "frameState": "BULLISH",
          "monthlyBoxMonths": 6.0,
          "monthlyBoxPos": 0.6859903381642513,
          "monthlyBoxRangePct": 0.16774716369529985,
          "monthlyBoxState": "box_mid",
          "monthlyBoxWild": false,
          "monthlyBreakoutDownProb": 0.42942119871498863,
          "monthlyBreakoutUpProb": 0.25660479942800113,
          "monthlyRangePos": 0.2531194295900178,
          "monthlyRangeProb": 0.3757444177975064,
          "monthlyRangeWidth": 0.3125348189415042,
          "monthlyRegimeAligned": null,
          "weeklyBreakoutDownProb": 0.4404215976775194,
          "weeklyBreakoutUpProb": 0.5837286842916927,
          "weeklyRangeProb": 0.6050544436403612,
          "weeklyRegimeAligned": null
        },
        "frameState": "BULLISH",
        "revRisk": 0.4404215976775194,
        "ticker": "1308",
        "upProb": 0.5837286842916927
      }
    ]
  },
  "stage": {
    "goal20Reached": false,
    "goal30Reached": false,
    "stage2Active": false
  }
}