{
  "actions": [],
  "asOf": "2012-03-08",
  "checks": {
    "exposureOk": true,
    "lossLimitOk": true,
    "maxHoldingsOk": true,
    "noFutureLeakOk": true,
    "unitRuleOk": true
  },
  "mode": "BACKTEST",
  "policyVersion": "toredex.v8",
  "seasonId": "toredex_multiframe_20260318",
  "signals": {
    "buy": [
      {
        "frameSignals": {
          "effectiveRevRisk": 0.3944393925024845,
          "effectiveUpProb": 0.7671649217373276,
          "frameState": "BULLISH",
          "monthlyBoxMonths": 12.0,
          "monthlyBoxPos": 0.8718954248366013,
          "monthlyBoxRangePct": 0.18140858430163623,
          "monthlyBoxState": "box_upper",
          "monthlyBoxWild": false,
          "monthlyBreakoutDownProb": 0.3944393925024845,
          "monthlyBreakoutUpProb": 0.7043687211243925,
          "monthlyRangePos": 0.942756183745583,
          "monthlyRangeProb": 0.482548193066701,
          "monthlyRangeWidth": 0.14366940806173215,
          "monthlyRegimeAligned": null,
          "weeklyBreakoutDownProb": 0.361605219815026,
          "weeklyBreakoutUpProb": 0.7671649217373276,
          "weeklyRangeProb": 0.3599731637930042,
          "weeklyRegimeAligned": null
        },
        "frameState": "BULLISH",
        "revRisk": 0.3944393925024845,
        "ticker": "1001",
        "upProb": 0.7671649217373276
      },
      {
        "frameSignals": {
          "effectiveRevRisk": 0.4303408239700375,
          "effectiveUpProb": 0.7365094339622641,
          "frameState": "BULLISH",
          "monthlyBoxMonths": 11.0,
          "monthlyBoxPos": 0.773972602739726,
          "monthlyBoxRangePct": 0.1972972972972973,
          "monthlyBoxState": "box_upper",
          "monthlyBoxWild": false,
          "monthlyBreakoutDownProb": 0.4303408239700375,
          "monthlyBreakoutUpProb": 0.6076741573033708,
          "monthlyRangePos": 0.7533333333333333,
          "monthlyRangeProb": 0.5792209737827716,
          "monthlyRangeWidth": 0.16853932584269662,
          "monthlyRegimeAligned": null,
          "weeklyBreakoutDownProb": 0.3611897274633124,
          "weeklyBreakoutUpProb": 0.7365094339622641,
          "weeklyRangeProb": 0.4032756813417191,
          "weeklyRegimeAligned": null
        },
        "frameState": "BULLISH",
        "revRisk": 0.4303408239700375,
        "ticker": "1306",
        "upProb": 0.7365094339622641
      },
      {
        "frameSignals": {
          "effectiveRevRisk": 0.42604011154011157,
          "effectiveUpProb": 0.7325748502994012,
          "frameState": "BULLISH",
          "monthlyBoxMonths": 11.0,
          "monthlyBoxPos": 0.7902097902097902,
          "monthlyBoxRangePct": 0.19669876203576342,
          "monthlyBoxState": "box_upper",
          "monthlyBoxWild": false,
          "monthlyBreakoutDownProb": 0.42604011154011157,
          "monthlyBreakoutUpProb": 0.610499570999571,
          "monthlyRangePos": 0.7635135135135135,
          "monthlyRangeProb": 0.5712230802230802,
          "monthlyRangeWidth": 0.16914285714285715,
          "monthlyRegimeAligned": null,
          "weeklyBreakoutDownProb": 0.3641051230871591,
          "weeklyBreakoutUpProb": 0.7325748502994012,
          "weeklyRangeProb": 0.4123419827012642,
          "weeklyRegimeAligned": null
        },
        "frameState": "BULLISH",
        "revRisk": 0.42604011154011157,
        "ticker": "1308",
        "upProb": 0.7325748502994012
      }
    ],
    "sell": [
      {
        "frameSignals": {
          "effectiveRevRisk": 0.42604011154011157,
          "effectiveUpProb": 0.7325748502994012,
          "frameState": "BULLISH",
          "monthlyBoxMonths": 11.0,
          "monthlyBoxPos": 0.7902097902097902,
          "monthlyBoxRangePct": 0.19669876203576342,
          "monthlyBoxState": "box_upper",
          "monthlyBoxWild": false,
          "monthlyBreakoutDownProb": 0.42604011154011157,
          "monthlyBreakoutUpProb": 0.610499570999571,
          "monthlyRangePos": 0.7635135135135135,
          "monthlyRangeProb": 0.5712230802230802,
          "monthlyRangeWidth": 0.16914285714285715,
          "monthlyRegimeAligned": null,
          "weeklyBreakoutDownProb": 0.3641051230871591,
          "weeklyBreakoutUpProb": 0.7325748502994012,
          "weeklyRangeProb": 0.4123419827012642,
          "weeklyRegimeAligned": null
        },
        "frameState": "BULLISH",
        "revRisk": 0.42604011154011157,
        "ticker": "1308",
        "upProb": 0.7325748502994012
      },
      {
        "frameSignals": {
          "effectiveRevRisk": 0.4303408239700375,
          "effectiveUpProb": 0.7365094339622641,
          "frameState": "BULLISH",
          "monthlyBoxMonths": 11.0,
          "monthlyBoxPos": 0.773972602739726,
          "monthlyBoxRangePct": 0.1972972972972973,
          "monthlyBoxState": "box_upper",
          "monthlyBoxWild": false,
          "monthlyBreakoutDownProb": 0.4303408239700375,
          "monthlyBreakoutUpProb": 0.6076741573033708,
          "monthlyRangePos": 0.7533333333333333,
          "monthlyRangeProb": 0.5792209737827716,
          "monthlyRangeWidth": 0.16853932584269662,
          "monthlyRegimeAligned": null,
          "weeklyBreakoutDownProb": 0.3611897274633124,
          "weeklyBreakoutUpProb": 0.7365094339622641,
          "weeklyRangeProb": 0.4032756813417191,
          "weeklyRegimeAligned": null
        },
        "frameState": "BULLISH",
        "revRisk": 0.4303408239700375,
        "ticker": "1306",
        "upProb": 0.7365094339622641
      },
      {
        "frameSignals": {
          "effectiveRevRisk": 0.3944393925024845,
          "effectiveUpProb": 0.7671649217373276,
          "frameState": "BULLISH",
          "monthlyBoxMonths": 12.0,
          "monthlyBoxPos": 0.8718954248366013,
          "monthlyBoxRangePct": 0.18140858430163623,
          "monthlyBoxState": "box_upper",
          "monthlyBoxWild": false,
          "monthlyBreakoutDownProb": 0.3944393925024845,
          "monthlyBreakoutUpProb": 0.7043687211243925,
          "monthlyRangePos": 0.942756183745583,
          "monthlyRangeProb": 0.482548193066701,
          "monthlyRangeWidth": 0.14366940806173215,
          "monthlyRegimeAligned": null,
          "weeklyBreakoutDownProb": 0.361605219815026,
          "weeklyBreakoutUpProb": 0.7671649217373276,
          "weeklyRangeProb": 0.3599731637930042,
          "weeklyRegimeAligned": null
        },
        "frameState": "BULLISH",
        "revRisk": 0.3944393925024845,
        "ticker": "1001",
        "upProb": 0.7671649217373276
      }
    ]
  },
  "stage": {
    "goal20Reached": false,
    "goal30Reached": false,
    "stage2Active": false
  }
}