{
  "actions": [
    {
      "deltaUnits": 2,
      "reasonId": "E_NEW_TOPK_GATE_OK",
      "side": "LONG",
      "ticker": "1308"
    }
  ],
  "asOf": "2018-09-21",
  "checks": {
    "exposureOk": true,
    "lossLimitOk": true,
    "maxHoldingsOk": true,
    "noFutureLeakOk": true,
    "unitRuleOk": true
  },
  "mode": "BACKTEST",
  "policyVersion": "toredex.v8",
  "seasonId": "toredex_multiframe_20260318",
  "signals": {
    "buy": [
      {
        "frameSignals": {
          "effectiveRevRisk": 0.4808815180470157,
          "effectiveUpProb": 0.8728296431011423,
          "frameState": "BULLISH",
          "monthlyBoxMonths": 12.0,
          "monthlyBoxPos": 1.0,
          "monthlyBoxRangePct": 0.17004901960784313,
          "monthlyBoxState": "box_upper",
          "monthlyBoxWild": false,
          "monthlyBreakoutDownProb": 0.40490807284902014,
          "monthlyBreakoutUpProb": 0.8368282968222357,
          "monthlyRangePos": 1.0,
          "monthlyRangeProb": 0.3116301555690248,
          "monthlyRangeWidth": 0.11871157675989263,
          "monthlyRegimeAligned": null,
          "weeklyBreakoutDownProb": 0.4808815180470157,
          "weeklyBreakoutUpProb": 0.8728296431011423,
          "weeklyRangeProb": 0.4005220211117847,
          "weeklyRegimeAligned": null
        },
        "frameState": "BULLISH",
        "revRisk": 0.4808815180470157,
        "ticker": "1001",
        "upProb": 0.8728296431011423
      },
      {
        "frameSignals": {
          "effectiveRevRisk": 0.5369455844353246,
          "effectiveUpProb": 0.7043308013896249,
          "frameState": "BULLISH",
          "monthlyBoxMonths": 14.0,
          "monthlyBoxPos": 0.7637795275590551,
          "monthlyBoxRangePct": 0.15384615384615385,
          "monthlyBoxState": "box_upper",
          "monthlyBoxWild": false,
          "monthlyBreakoutDownProb": 0.5369455844353246,
          "monthlyBreakoutUpProb": 0.6934161726706187,
          "monthlyRangePos": 0.7235294117647059,
          "monthlyRangeProb": 0.7137431773273086,
          "monthlyRangeWidth": 0.08985200845665962,
          "monthlyRegimeAligned": null,
          "weeklyBreakoutDownProb": 0.5358122828711064,
          "weeklyBreakoutUpProb": 0.7043308013896249,
          "weeklyRangeProb": 0.7074751221810045,
          "weeklyRegimeAligned": null
        },
        "frameState": "BULLISH",
        "revRisk": 0.5369455844353246,
        "ticker": "1306",
        "upProb": 0.7043308013896249
      },
      {
        "frameSignals": {
          "effectiveRevRisk": 0.539527494219605,
          "effectiveUpProb": 0.7011597606166895,
          "frameState": "BULLISH",
          "monthlyBoxMonths": 14.0,
          "monthlyBoxPos": 0.7569721115537849,
          "monthlyBoxRangePct": 0.15342298288508557,
          "monthlyBoxState": "box_upper",
          "monthlyBoxWild": false,
          "monthlyBreakoutDownProb": 0.539527494219605,
          "monthlyBreakoutUpProb": 0.6925215061956529,
          "monthlyRangePos": 0.718562874251497,
          "monthlyRangeProb": 0.7182167609966045,
          "monthlyRangeWidth": 0.08916177255739455,
          "monthlyRegimeAligned": null,
          "weeklyBreakoutDownProb": 0.536962229752492,
          "weeklyBreakoutUpProb": 0.7011597606166895,
          "weeklyRangeProb": 0.7106018270812279,
          "weeklyRegimeAligned": null
        },
        "frameState": "BULLISH",
        "revRisk": 0.539527494219605,
        "ticker": "1308",
        "upProb": 0.7011597606166895
      }
    ],
    "sell": [
      {
        "frameSignals": {
          "effectiveRevRisk": 0.539527494219605,
          "effectiveUpProb": 0.7011597606166895,
          "frameState": "BULLISH",
          "monthlyBoxMonths": 14.0,
          "monthlyBoxPos": 0.7569721115537849,
          "monthlyBoxRangePct": 0.15342298288508557,
          "monthlyBoxState": "box_upper",
          "monthlyBoxWild": false,
          "monthlyBreakoutDownProb": 0.539527494219605,
          "monthlyBreakoutUpProb": 0.6925215061956529,
          "monthlyRangePos": 0.718562874251497,
          "monthlyRangeProb": 0.7182167609966045,
          "monthlyRangeWidth": 0.08916177255739455,
          "monthlyRegimeAligned": null,
          "weeklyBreakoutDownProb": 0.536962229752492,
          "weeklyBreakoutUpProb": 0.7011597606166895,
          "weeklyRangeProb": 0.7106018270812279,
          "weeklyRegimeAligned": null
        },
        "frameState": "BULLISH",
        "revRisk": 0.539527494219605,
        "ticker": "1308",
        "upProb": 0.7011597606166895
      },
      {
        "frameSignals": {
          "effectiveRevRisk": 0.5369455844353246,
          "effectiveUpProb": 0.7043308013896249,
          "frameState": "BULLISH",
          "monthlyBoxMonths": 14.0,
          "monthlyBoxPos": 0.7637795275590551,
          "monthlyBoxRangePct": 0.15384615384615385,
          "monthlyBoxState": "box_upper",
          "monthlyBoxWild": false,
          "monthlyBreakoutDownProb": 0.5369455844353246,
          "monthlyBreakoutUpProb": 0.6934161726706187,
          "monthlyRangePos": 0.7235294117647059,
          "monthlyRangeProb": 0.7137431773273086,
          "monthlyRangeWidth": 0.08985200845665962,
          "monthlyRegimeAligned": null,
          "weeklyBreakoutDownProb": 0.5358122828711064,
          "weeklyBreakoutUpProb": 0.7043308013896249,
          "weeklyRangeProb": 0.7074751221810045,
          "weeklyRegimeAligned": null
        },
        "frameState": "BULLISH",
        "revRisk": 0.5369455844353246,
        "ticker": "1306",
        "upProb": 0.7043308013896249
      },
      {
        "frameSignals": {
          "effectiveRevRisk": 0.4808815180470157,
          "effectiveUpProb": 0.8728296431011423,
          "frameState": "BULLISH",
          "monthlyBoxMonths": 12.0,
          "monthlyBoxPos": 1.0,
          "monthlyBoxRangePct": 0.17004901960784313,
          "monthlyBoxState": "box_upper",
          "monthlyBoxWild": false,
          "monthlyBreakoutDownProb": 0.40490807284902014,
          "monthlyBreakoutUpProb": 0.8368282968222357,
          "monthlyRangePos": 1.0,
          "monthlyRangeProb": 0.3116301555690248,
          "monthlyRangeWidth": 0.11871157675989263,
          "monthlyRegimeAligned": null,
          "weeklyBreakoutDownProb": 0.4808815180470157,
          "weeklyBreakoutUpProb": 0.8728296431011423,
          "weeklyRangeProb": 0.4005220211117847,
          "weeklyRegimeAligned": null
        },
        "frameState": "BULLISH",
        "revRisk": 0.4808815180470157,
        "ticker": "1001",
        "upProb": 0.8728296431011423
      }
    ]
  },
  "stage": {
    "goal20Reached": false,
    "goal30Reached": false,
    "stage2Active": false
  }
}