{
  "asOf": "2025-07-16",
  "cash": 13502685.023939,
  "cum_pnl": 10487840.887373,
  "cum_return_pct": 104.878409,
  "daily_pnl": -4991.919817,
  "equity": 20487840.887373,
  "game_over": false,
  "goal20_reached": true,
  "goal30_reached": true,
  "holdings_count": 2,
  "max_drawdown_pct": -6.512792,
  "season_id": "tradex_bt3y_v8_fast_baseline_20260217"
}