{
  "asOf": "2026-01-21",
  "cash": 23372149.90407,
  "cum_pnl": 15358646.750457,
  "cum_return_pct": 153.586468,
  "daily_pnl": -13503.153613,
  "equity": 25358646.750457,
  "game_over": false,
  "goal20_reached": true,
  "goal30_reached": true,
  "holdings_count": 1,
  "max_drawdown_pct": -6.512792,
  "season_id": "tradex_bt3y_v8_fast_baseline_20260217"
}