{
  "actions": [],
  "asOf": "2006-10-17",
  "checks": {
    "exposureOk": true,
    "lossLimitOk": true,
    "maxHoldingsOk": true,
    "noFutureLeakOk": true,
    "unitRuleOk": true
  },
  "mode": "BACKTEST",
  "policyVersion": "toredex.v8",
  "seasonId": "toredex_multiframe_20260318",
  "signals": {
    "buy": [
      {
        "frameSignals": {
          "effectiveRevRisk": 0.46054763991923,
          "effectiveUpProb": 0.8062690200852101,
          "frameState": "BULLISH",
          "monthlyBoxMonths": 12.0,
          "monthlyBoxPos": 0.6308243727598566,
          "monthlyBoxRangePct": 0.1894093686354379,
          "monthlyBoxState": "box_mid",
          "monthlyBoxWild": false,
          "monthlyBreakoutDownProb": 0.46054763991923,
          "monthlyBreakoutUpProb": 0.5804106536178602,
          "monthlyRangePos": 0.6712328767123288,
          "monthlyRangeProb": 0.6384305233914686,
          "monthlyRangeWidth": 0.1673352435530086,
          "monthlyRegimeAligned": null,
          "weeklyBreakoutDownProb": 0.45626902008521003,
          "weeklyBreakoutUpProb": 0.8062690200852101,
          "weeklyRangeProb": 0.5392270237370663,
          "weeklyRegimeAligned": null
        },
        "frameState": "BULLISH",
        "revRisk": 0.46054763991923,
        "ticker": "1308",
        "upProb": 0.8062690200852101
      },
      {
        "frameSignals": {
          "effectiveRevRisk": 0.4246248073334956,
          "effectiveUpProb": 0.7822300640869636,
          "frameState": "BULLISH",
          "monthlyBoxMonths": 11.0,
          "monthlyBoxPos": 0.7668323542702215,
          "monthlyBoxRangePct": 0.14838406866031917,
          "monthlyBoxState": "box_upper",
          "monthlyBoxWild": false,
          "monthlyBreakoutDownProb": 0.3480134972868985,
          "monthlyBreakoutUpProb": 0.6071939201076342,
          "monthlyRangePos": 0.8702577468867652,
          "monthlyRangeProb": 0.4484421420033064,
          "monthlyRangeWidth": 0.20241514742950936,
          "monthlyRegimeAligned": null,
          "weeklyBreakoutDownProb": 0.4246248073334956,
          "weeklyBreakoutUpProb": 0.7822300640869636,
          "weeklyRangeProb": 0.4714082907438955,
          "weeklyRegimeAligned": null
        },
        "frameState": "BULLISH",
        "revRisk": 0.4246248073334956,
        "ticker": "1001",
        "upProb": 0.7822300640869636
      },
      {
        "frameSignals": {
          "effectiveRevRisk": 0.47990934809658337,
          "effectiveUpProb": 0.7806905980965834,
          "frameState": "BULLISH",
          "monthlyBoxMonths": 12.0,
          "monthlyBoxPos": 0.6245487364620939,
          "monthlyBoxRangePct": 0.18741542625169147,
          "monthlyBoxState": "box_mid",
          "monthlyBoxWild": false,
          "monthlyBreakoutDownProb": 0.4651784010684984,
          "monthlyBreakoutUpProb": 0.5818450677351651,
          "monthlyRangePos": 0.6666666666666666,
          "monthlyRangeProb": 0.6452108376264072,
          "monthlyRangeWidth": 0.1648540354894104,
          "monthlyRegimeAligned": null,
          "weeklyBreakoutDownProb": 0.47990934809658337,
          "weeklyBreakoutUpProb": 0.7806905980965834,
          "weeklyRangeProb": 0.5873005363868712,
          "weeklyRegimeAligned": null
        },
        "frameState": "BULLISH",
        "revRisk": 0.47990934809658337,
        "ticker": "1306",
        "upProb": 0.7806905980965834
      }
    ],
    "sell": [
      {
        "frameSignals": {
          "effectiveRevRisk": 0.47990934809658337,
          "effectiveUpProb": 0.7806905980965834,
          "frameState": "BULLISH",
          "monthlyBoxMonths": 12.0,
          "monthlyBoxPos": 0.6245487364620939,
          "monthlyBoxRangePct": 0.18741542625169147,
          "monthlyBoxState": "box_mid",
          "monthlyBoxWild": false,
          "monthlyBreakoutDownProb": 0.4651784010684984,
          "monthlyBreakoutUpProb": 0.5818450677351651,
          "monthlyRangePos": 0.6666666666666666,
          "monthlyRangeProb": 0.6452108376264072,
          "monthlyRangeWidth": 0.1648540354894104,
          "monthlyRegimeAligned": null,
          "weeklyBreakoutDownProb": 0.47990934809658337,
          "weeklyBreakoutUpProb": 0.7806905980965834,
          "weeklyRangeProb": 0.5873005363868712,
          "weeklyRegimeAligned": null
        },
        "frameState": "BULLISH",
        "revRisk": 0.47990934809658337,
        "ticker": "1306",
        "upProb": 0.7806905980965834
      },
      {
        "frameSignals": {
          "effectiveRevRisk": 0.46054763991923,
          "effectiveUpProb": 0.8062690200852101,
          "frameState": "BULLISH",
          "monthlyBoxMonths": 12.0,
          "monthlyBoxPos": 0.6308243727598566,
          "monthlyBoxRangePct": 0.1894093686354379,
          "monthlyBoxState": "box_mid",
          "monthlyBoxWild": false,
          "monthlyBreakoutDownProb": 0.46054763991923,
          "monthlyBreakoutUpProb": 0.5804106536178602,
          "monthlyRangePos": 0.6712328767123288,
          "monthlyRangeProb": 0.6384305233914686,
          "monthlyRangeWidth": 0.1673352435530086,
          "monthlyRegimeAligned": null,
          "weeklyBreakoutDownProb": 0.45626902008521003,
          "weeklyBreakoutUpProb": 0.8062690200852101,
          "weeklyRangeProb": 0.5392270237370663,
          "weeklyRegimeAligned": null
        },
        "frameState": "BULLISH",
        "revRisk": 0.46054763991923,
        "ticker": "1308",
        "upProb": 0.8062690200852101
      },
      {
        "frameSignals": {
          "effectiveRevRisk": 0.4246248073334956,
          "effectiveUpProb": 0.7822300640869636,
          "frameState": "BULLISH",
          "monthlyBoxMonths": 11.0,
          "monthlyBoxPos": 0.7668323542702215,
          "monthlyBoxRangePct": 0.14838406866031917,
          "monthlyBoxState": "box_upper",
          "monthlyBoxWild": false,
          "monthlyBreakoutDownProb": 0.3480134972868985,
          "monthlyBreakoutUpProb": 0.6071939201076342,
          "monthlyRangePos": 0.8702577468867652,
          "monthlyRangeProb": 0.4484421420033064,
          "monthlyRangeWidth": 0.20241514742950936,
          "monthlyRegimeAligned": null,
          "weeklyBreakoutDownProb": 0.4246248073334956,
          "weeklyBreakoutUpProb": 0.7822300640869636,
          "weeklyRangeProb": 0.4714082907438955,
          "weeklyRegimeAligned": null
        },
        "frameState": "BULLISH",
        "revRisk": 0.4246248073334956,
        "ticker": "1001",
        "upProb": 0.7822300640869636
      }
    ]
  },
  "stage": {
    "goal20Reached": false,
    "goal30Reached": false,
    "stage2Active": false
  }
}