{
  "actions": [],
  "asOf": "2011-02-10",
  "checks": {
    "exposureOk": true,
    "lossLimitOk": true,
    "maxHoldingsOk": true,
    "noFutureLeakOk": true,
    "unitRuleOk": true
  },
  "mode": "BACKTEST",
  "policyVersion": "toredex.v8",
  "seasonId": "toredex_multiframe_20260318",
  "signals": {
    "buy": [
      {
        "frameSignals": {
          "effectiveRevRisk": 0.3933693630579946,
          "effectiveUpProb": 0.7486935028248587,
          "frameState": "BULLISH",
          "monthlyBoxMonths": 9.0,
          "monthlyBoxPos": 1.0,
          "monthlyBoxRangePct": 0.18935643564356436,
          "monthlyBoxState": "box_upper",
          "monthlyBoxWild": false,
          "monthlyBreakoutDownProb": 0.3933693630579946,
          "monthlyBreakoutUpProb": 0.5745251419524668,
          "monthlyRangePos": 0.7587939698492462,
          "monthlyRangeProb": 0.5339637013389822,
          "monthlyRangeWidth": 0.19722497522299307,
          "monthlyRegimeAligned": null,
          "weeklyBreakoutDownProb": 0.39074858757062153,
          "weeklyBreakoutUpProb": 0.7486935028248587,
          "weeklyRangeProb": 0.4300141242937853,
          "weeklyRegimeAligned": null
        },
        "frameState": "BULLISH",
        "revRisk": 0.3933693630579946,
        "ticker": "1306",
        "upProb": 0.7486935028248587
      },
      {
        "frameSignals": {
          "effectiveRevRisk": 0.38949288362636053,
          "effectiveUpProb": 0.7421839492883627,
          "frameState": "BULLISH",
          "monthlyBoxMonths": 9.0,
          "monthlyBoxPos": 1.0,
          "monthlyBoxRangePct": 0.1889168765743073,
          "monthlyBoxState": "box_upper",
          "monthlyBoxWild": false,
          "monthlyBreakoutDownProb": 0.38898343987088335,
          "monthlyBreakoutUpProb": 0.5830248906480854,
          "monthlyRangePos": 0.7772020725388601,
          "monthlyRangeProb": 0.5235089263476431,
          "monthlyRangeWidth": 0.1955420466058764,
          "monthlyRegimeAligned": null,
          "weeklyBreakoutDownProb": 0.38949288362636053,
          "weeklyBreakoutUpProb": 0.7421839492883627,
          "weeklyRangeProb": 0.44954550891041745,
          "weeklyRegimeAligned": null
        },
        "frameState": "BULLISH",
        "revRisk": 0.38949288362636053,
        "ticker": "1308",
        "upProb": 0.7421839492883627
      },
      {
        "frameSignals": {
          "effectiveRevRisk": 0.39474380461478464,
          "effectiveUpProb": 0.7449809737638217,
          "frameState": "BULLISH",
          "monthlyBoxMonths": 5.0,
          "monthlyBoxPos": 1.0,
          "monthlyBoxRangePct": 0.15699323587169975,
          "monthlyBoxState": "box_upper",
          "monthlyBoxWild": false,
          "monthlyBreakoutDownProb": 0.3751434898494362,
          "monthlyBreakoutUpProb": 0.5755629158980013,
          "monthlyRangePos": 0.7863134657836645,
          "monthlyRangeProb": 0.5045434500749206,
          "monthlyRangeWidth": 0.20425647037604833,
          "monthlyRegimeAligned": null,
          "weeklyBreakoutDownProb": 0.39474380461478464,
          "weeklyBreakoutUpProb": 0.7449809737638217,
          "weeklyRangeProb": 0.465566728857688,
          "weeklyRegimeAligned": null
        },
        "frameState": "BULLISH",
        "revRisk": 0.39474380461478464,
        "ticker": "1001",
        "upProb": 0.7449809737638217
      }
    ],
    "sell": [
      {
        "frameSignals": {
          "effectiveRevRisk": 0.39474380461478464,
          "effectiveUpProb": 0.7449809737638217,
          "frameState": "BULLISH",
          "monthlyBoxMonths": 5.0,
          "monthlyBoxPos": 1.0,
          "monthlyBoxRangePct": 0.15699323587169975,
          "monthlyBoxState": "box_upper",
          "monthlyBoxWild": false,
          "monthlyBreakoutDownProb": 0.3751434898494362,
          "monthlyBreakoutUpProb": 0.5755629158980013,
          "monthlyRangePos": 0.7863134657836645,
          "monthlyRangeProb": 0.5045434500749206,
          "monthlyRangeWidth": 0.20425647037604833,
          "monthlyRegimeAligned": null,
          "weeklyBreakoutDownProb": 0.39474380461478464,
          "weeklyBreakoutUpProb": 0.7449809737638217,
          "weeklyRangeProb": 0.465566728857688,
          "weeklyRegimeAligned": null
        },
        "frameState": "BULLISH",
        "revRisk": 0.39474380461478464,
        "ticker": "1001",
        "upProb": 0.7449809737638217
      },
      {
        "frameSignals": {
          "effectiveRevRisk": 0.3933693630579946,
          "effectiveUpProb": 0.7486935028248587,
          "frameState": "BULLISH",
          "monthlyBoxMonths": 9.0,
          "monthlyBoxPos": 1.0,
          "monthlyBoxRangePct": 0.18935643564356436,
          "monthlyBoxState": "box_upper",
          "monthlyBoxWild": false,
          "monthlyBreakoutDownProb": 0.3933693630579946,
          "monthlyBreakoutUpProb": 0.5745251419524668,
          "monthlyRangePos": 0.7587939698492462,
          "monthlyRangeProb": 0.5339637013389822,
          "monthlyRangeWidth": 0.19722497522299307,
          "monthlyRegimeAligned": null,
          "weeklyBreakoutDownProb": 0.39074858757062153,
          "weeklyBreakoutUpProb": 0.7486935028248587,
          "weeklyRangeProb": 0.4300141242937853,
          "weeklyRegimeAligned": null
        },
        "frameState": "BULLISH",
        "revRisk": 0.3933693630579946,
        "ticker": "1306",
        "upProb": 0.7486935028248587
      },
      {
        "frameSignals": {
          "effectiveRevRisk": 0.38949288362636053,
          "effectiveUpProb": 0.7421839492883627,
          "frameState": "BULLISH",
          "monthlyBoxMonths": 9.0,
          "monthlyBoxPos": 1.0,
          "monthlyBoxRangePct": 0.1889168765743073,
          "monthlyBoxState": "box_upper",
          "monthlyBoxWild": false,
          "monthlyBreakoutDownProb": 0.38898343987088335,
          "monthlyBreakoutUpProb": 0.5830248906480854,
          "monthlyRangePos": 0.7772020725388601,
          "monthlyRangeProb": 0.5235089263476431,
          "monthlyRangeWidth": 0.1955420466058764,
          "monthlyRegimeAligned": null,
          "weeklyBreakoutDownProb": 0.38949288362636053,
          "weeklyBreakoutUpProb": 0.7421839492883627,
          "weeklyRangeProb": 0.44954550891041745,
          "weeklyRegimeAligned": null
        },
        "frameState": "BULLISH",
        "revRisk": 0.38949288362636053,
        "ticker": "1308",
        "upProb": 0.7421839492883627
      }
    ]
  },
  "stage": {
    "goal20Reached": false,
    "goal30Reached": false,
    "stage2Active": false
  }
}