{
  "actions": [],
  "asOf": "2014-07-29",
  "checks": {
    "exposureOk": true,
    "lossLimitOk": true,
    "maxHoldingsOk": true,
    "noFutureLeakOk": true,
    "unitRuleOk": true
  },
  "mode": "BACKTEST",
  "policyVersion": "toredex.v8",
  "seasonId": "toredex_multiframe_20260318",
  "signals": {
    "buy": [
      {
        "frameSignals": {
          "effectiveRevRisk": 0.43305874054400323,
          "effectiveUpProb": 0.7846782261953604,
          "frameState": "BULLISH",
          "monthlyBoxMonths": 10.0,
          "monthlyBoxPos": 0.6612984398590841,
          "monthlyBoxRangePct": 0.138912192393736,
          "monthlyBoxState": "box_mid",
          "monthlyBoxWild": false,
          "monthlyBreakoutDownProb": 0.41334441616363765,
          "monthlyBreakoutUpProb": 0.6010640165770031,
          "monthlyRangePos": 0.7681708577333792,
          "monthlyRangeProb": 0.5548853825697404,
          "monthlyRangeWidth": 0.17819655024246517,
          "monthlyRegimeAligned": null,
          "weeklyBreakoutDownProb": 0.43305874054400323,
          "weeklyBreakoutUpProb": 0.7846782261953604,
          "weeklyRangeProb": 0.5053187507647571,
          "weeklyRegimeAligned": null
        },
        "frameState": "BULLISH",
        "revRisk": 0.43305874054400323,
        "ticker": "1001",
        "upProb": 0.7846782261953604
      },
      {
        "frameSignals": {
          "effectiveRevRisk": 0.44349197030112236,
          "effectiveUpProb": 0.7475065688412683,
          "frameState": "BULLISH",
          "monthlyBoxMonths": 14.0,
          "monthlyBoxPos": 0.9182692307692307,
          "monthlyBoxRangePct": 0.18823529411764706,
          "monthlyBoxState": "box_upper",
          "monthlyBoxWild": false,
          "monthlyBreakoutDownProb": 0.38498640729457567,
          "monthlyBreakoutUpProb": 0.6777748688330372,
          "monthlyRangePos": 0.9182692307692307,
          "monthlyRangeProb": 0.47838865617330967,
          "monthlyRangeWidth": 0.15841584158415842,
          "monthlyRegimeAligned": null,
          "weeklyBreakoutDownProb": 0.44349197030112236,
          "weeklyBreakoutUpProb": 0.7475065688412683,
          "weeklyRangeProb": 0.5429390836803576,
          "weeklyRegimeAligned": null
        },
        "frameState": "BULLISH",
        "revRisk": 0.44349197030112236,
        "ticker": "1308",
        "upProb": 0.7475065688412683
      },
      {
        "frameSignals": {
          "effectiveRevRisk": 0.4600034738923628,
          "effectiveUpProb": 0.7054580193469082,
          "frameState": "BULLISH",
          "monthlyBoxMonths": 14.0,
          "monthlyBoxPos": 0.9146919431279621,
          "monthlyBoxRangePct": 0.18889883616830797,
          "monthlyBoxState": "box_upper",
          "monthlyBoxWild": false,
          "monthlyBreakoutDownProb": 0.3856643794768331,
          "monthlyBreakoutUpProb": 0.6759487396664066,
          "monthlyRangePos": 0.9146919431279621,
          "monthlyRangeProb": 0.48021430112234087,
          "monthlyRangeWidth": 0.1588855421686747,
          "monthlyRegimeAligned": null,
          "weeklyBreakoutDownProb": 0.4600034738923628,
          "weeklyBreakoutUpProb": 0.7054580193469082,
          "weeklyRangeProb": 0.586409064186842,
          "weeklyRegimeAligned": null
        },
        "frameState": "BULLISH",
        "revRisk": 0.4600034738923628,
        "ticker": "1306",
        "upProb": 0.7054580193469082
      }
    ],
    "sell": [
      {
        "frameSignals": {
          "effectiveRevRisk": 0.4600034738923628,
          "effectiveUpProb": 0.7054580193469082,
          "frameState": "BULLISH",
          "monthlyBoxMonths": 14.0,
          "monthlyBoxPos": 0.9146919431279621,
          "monthlyBoxRangePct": 0.18889883616830797,
          "monthlyBoxState": "box_upper",
          "monthlyBoxWild": false,
          "monthlyBreakoutDownProb": 0.3856643794768331,
          "monthlyBreakoutUpProb": 0.6759487396664066,
          "monthlyRangePos": 0.9146919431279621,
          "monthlyRangeProb": 0.48021430112234087,
          "monthlyRangeWidth": 0.1588855421686747,
          "monthlyRegimeAligned": null,
          "weeklyBreakoutDownProb": 0.4600034738923628,
          "weeklyBreakoutUpProb": 0.7054580193469082,
          "weeklyRangeProb": 0.586409064186842,
          "weeklyRegimeAligned": null
        },
        "frameState": "BULLISH",
        "revRisk": 0.4600034738923628,
        "ticker": "1306",
        "upProb": 0.7054580193469082
      },
      {
        "frameSignals": {
          "effectiveRevRisk": 0.44349197030112236,
          "effectiveUpProb": 0.7475065688412683,
          "frameState": "BULLISH",
          "monthlyBoxMonths": 14.0,
          "monthlyBoxPos": 0.9182692307692307,
          "monthlyBoxRangePct": 0.18823529411764706,
          "monthlyBoxState": "box_upper",
          "monthlyBoxWild": false,
          "monthlyBreakoutDownProb": 0.38498640729457567,
          "monthlyBreakoutUpProb": 0.6777748688330372,
          "monthlyRangePos": 0.9182692307692307,
          "monthlyRangeProb": 0.47838865617330967,
          "monthlyRangeWidth": 0.15841584158415842,
          "monthlyRegimeAligned": null,
          "weeklyBreakoutDownProb": 0.44349197030112236,
          "weeklyBreakoutUpProb": 0.7475065688412683,
          "weeklyRangeProb": 0.5429390836803576,
          "weeklyRegimeAligned": null
        },
        "frameState": "BULLISH",
        "revRisk": 0.44349197030112236,
        "ticker": "1308",
        "upProb": 0.7475065688412683
      },
      {
        "frameSignals": {
          "effectiveRevRisk": 0.43305874054400323,
          "effectiveUpProb": 0.7846782261953604,
          "frameState": "BULLISH",
          "monthlyBoxMonths": 10.0,
          "monthlyBoxPos": 0.6612984398590841,
          "monthlyBoxRangePct": 0.138912192393736,
          "monthlyBoxState": "box_mid",
          "monthlyBoxWild": false,
          "monthlyBreakoutDownProb": 0.41334441616363765,
          "monthlyBreakoutUpProb": 0.6010640165770031,
          "monthlyRangePos": 0.7681708577333792,
          "monthlyRangeProb": 0.5548853825697404,
          "monthlyRangeWidth": 0.17819655024246517,
          "monthlyRegimeAligned": null,
          "weeklyBreakoutDownProb": 0.43305874054400323,
          "weeklyBreakoutUpProb": 0.7846782261953604,
          "weeklyRangeProb": 0.5053187507647571,
          "weeklyRegimeAligned": null
        },
        "frameState": "BULLISH",
        "revRisk": 0.43305874054400323,
        "ticker": "1001",
        "upProb": 0.7846782261953604
      }
    ]
  },
  "stage": {
    "goal20Reached": false,
    "goal30Reached": false,
    "stage2Active": false
  }
}