{
  "actions": [],
  "asOf": "2024-02-20",
  "checks": {
    "exposureOk": true,
    "lossLimitOk": true,
    "maxHoldingsOk": true,
    "noFutureLeakOk": true,
    "unitRuleOk": true
  },
  "mode": "BACKTEST",
  "policyVersion": "toredex.v8",
  "seasonId": "toredex_multiframe_20260318",
  "signals": {
    "buy": [
      {
        "frameSignals": {
          "effectiveRevRisk": 0.35436229383298257,
          "effectiveUpProb": 0.9203389737088684,
          "frameState": "BULLISH",
          "monthlyBoxMonths": 3.0,
          "monthlyBoxPos": 1.0,
          "monthlyBoxRangePct": 0.15575573163016299,
          "monthlyBoxState": "box_upper",
          "monthlyBoxWild": false,
          "monthlyBreakoutDownProb": 0.25220838156130004,
          "monthlyBreakoutUpProb": 0.9203389737088684,
          "monthlyRangePos": 1.0,
          "monthlyRangeProb": 0.011865917066269827,
          "monthlyRangeWidth": 0.24364768781348178,
          "monthlyRegimeAligned": null,
          "weeklyBreakoutDownProb": 0.35436229383298257,
          "weeklyBreakoutUpProb": 0.8708252703471826,
          "weeklyRangeProb": 0.20332712987806909,
          "weeklyRegimeAligned": null
        },
        "frameState": "BULLISH",
        "revRisk": 0.35436229383298257,
        "ticker": "1001",
        "upProb": 0.9203389737088684
      },
      {
        "frameSignals": {
          "effectiveRevRisk": 0.40407324364723474,
          "effectiveUpProb": 0.84125468164794,
          "frameState": "BULLISH",
          "monthlyBoxMonths": 8.0,
          "monthlyBoxPos": 1.0,
          "monthlyBoxRangePct": 0.17228941226395078,
          "monthlyBoxState": "box_upper",
          "monthlyBoxWild": false,
          "monthlyBreakoutDownProb": 0.2799209321681232,
          "monthlyBreakoutUpProb": 0.84125468164794,
          "monthlyRangePos": 1.0,
          "monthlyRangeProb": 0.15759467332501037,
          "monthlyRangeWidth": 0.2209737827715356,
          "monthlyRegimeAligned": null,
          "weeklyBreakoutDownProb": 0.40407324364723474,
          "weeklyBreakoutUpProb": 0.8167862481315395,
          "weeklyRangeProb": 0.33927503736920783,
          "weeklyRegimeAligned": null
        },
        "frameState": "BULLISH",
        "revRisk": 0.40407324364723474,
        "ticker": "1306",
        "upProb": 0.84125468164794
      },
      {
        "frameSignals": {
          "effectiveRevRisk": 0.4043872919818457,
          "effectiveUpProb": 0.8328175957527493,
          "frameState": "BULLISH",
          "monthlyBoxMonths": 8.0,
          "monthlyBoxPos": 1.0,
          "monthlyBoxRangePct": 0.16974645466265578,
          "monthlyBoxState": "box_upper",
          "monthlyBoxWild": false,
          "monthlyBreakoutDownProb": 0.2811759996629167,
          "monthlyBreakoutUpProb": 0.8328175957527493,
          "monthlyRangePos": 1.0,
          "monthlyRangeProb": 0.1711309147600388,
          "monthlyRangeWidth": 0.21994690936670458,
          "monthlyRegimeAligned": null,
          "weeklyBreakoutDownProb": 0.4043872919818457,
          "weeklyBreakoutUpProb": 0.8126626323751891,
          "weeklyRangeProb": 0.3455370650529501,
          "weeklyRegimeAligned": null
        },
        "frameState": "BULLISH",
        "revRisk": 0.4043872919818457,
        "ticker": "1308",
        "upProb": 0.8328175957527493
      }
    ],
    "sell": [
      {
        "frameSignals": {
          "effectiveRevRisk": 0.4043872919818457,
          "effectiveUpProb": 0.8328175957527493,
          "frameState": "BULLISH",
          "monthlyBoxMonths": 8.0,
          "monthlyBoxPos": 1.0,
          "monthlyBoxRangePct": 0.16974645466265578,
          "monthlyBoxState": "box_upper",
          "monthlyBoxWild": false,
          "monthlyBreakoutDownProb": 0.2811759996629167,
          "monthlyBreakoutUpProb": 0.8328175957527493,
          "monthlyRangePos": 1.0,
          "monthlyRangeProb": 0.1711309147600388,
          "monthlyRangeWidth": 0.21994690936670458,
          "monthlyRegimeAligned": null,
          "weeklyBreakoutDownProb": 0.4043872919818457,
          "weeklyBreakoutUpProb": 0.8126626323751891,
          "weeklyRangeProb": 0.3455370650529501,
          "weeklyRegimeAligned": null
        },
        "frameState": "BULLISH",
        "revRisk": 0.4043872919818457,
        "ticker": "1308",
        "upProb": 0.8328175957527493
      },
      {
        "frameSignals": {
          "effectiveRevRisk": 0.40407324364723474,
          "effectiveUpProb": 0.84125468164794,
          "frameState": "BULLISH",
          "monthlyBoxMonths": 8.0,
          "monthlyBoxPos": 1.0,
          "monthlyBoxRangePct": 0.17228941226395078,
          "monthlyBoxState": "box_upper",
          "monthlyBoxWild": false,
          "monthlyBreakoutDownProb": 0.2799209321681232,
          "monthlyBreakoutUpProb": 0.84125468164794,
          "monthlyRangePos": 1.0,
          "monthlyRangeProb": 0.15759467332501037,
          "monthlyRangeWidth": 0.2209737827715356,
          "monthlyRegimeAligned": null,
          "weeklyBreakoutDownProb": 0.40407324364723474,
          "weeklyBreakoutUpProb": 0.8167862481315395,
          "weeklyRangeProb": 0.33927503736920783,
          "weeklyRegimeAligned": null
        },
        "frameState": "BULLISH",
        "revRisk": 0.40407324364723474,
        "ticker": "1306",
        "upProb": 0.84125468164794
      },
      {
        "frameSignals": {
          "effectiveRevRisk": 0.35436229383298257,
          "effectiveUpProb": 0.9203389737088684,
          "frameState": "BULLISH",
          "monthlyBoxMonths": 3.0,
          "monthlyBoxPos": 1.0,
          "monthlyBoxRangePct": 0.15575573163016299,
          "monthlyBoxState": "box_upper",
          "monthlyBoxWild": false,
          "monthlyBreakoutDownProb": 0.25220838156130004,
          "monthlyBreakoutUpProb": 0.9203389737088684,
          "monthlyRangePos": 1.0,
          "monthlyRangeProb": 0.011865917066269827,
          "monthlyRangeWidth": 0.24364768781348178,
          "monthlyRegimeAligned": null,
          "weeklyBreakoutDownProb": 0.35436229383298257,
          "weeklyBreakoutUpProb": 0.8708252703471826,
          "weeklyRangeProb": 0.20332712987806909,
          "weeklyRegimeAligned": null
        },
        "frameState": "BULLISH",
        "revRisk": 0.35436229383298257,
        "ticker": "1001",
        "upProb": 0.9203389737088684
      }
    ]
  },
  "stage": {
    "goal20Reached": false,
    "goal30Reached": false,
    "stage2Active": false
  }
}