{
  "actions": [],
  "asOf": "2012-11-02",
  "checks": {
    "exposureOk": true,
    "lossLimitOk": true,
    "maxHoldingsOk": true,
    "noFutureLeakOk": true,
    "unitRuleOk": true
  },
  "mode": "BACKTEST",
  "policyVersion": "toredex.v8",
  "seasonId": "toredex_multiframe_20260318",
  "signals": {
    "buy": [
      {
        "frameSignals": {
          "effectiveRevRisk": 0.5691564478810778,
          "effectiveUpProb": 0.7543609597505188,
          "frameState": "BULLISH",
          "monthlyBoxMonths": 7.0,
          "monthlyBoxPos": 0.5825049701789264,
          "monthlyBoxRangePct": 0.11884229178972239,
          "monthlyBoxState": "box_mid",
          "monthlyBoxWild": false,
          "monthlyBreakoutDownProb": 0.5691564478810778,
          "monthlyBreakoutUpProb": 0.4810727607979971,
          "monthlyRangePos": 0.3741661613098848,
          "monthlyRangeProb": 0.6756881180454637,
          "monthlyRangeWidth": 0.1635425964494694,
          "monthlyRegimeAligned": null,
          "weeklyBreakoutDownProb": 0.5280870744002004,
          "weeklyBreakoutUpProb": 0.7543609597505188,
          "weeklyRangeProb": 0.6747181348296519,
          "weeklyRegimeAligned": null
        },
        "frameState": "BULLISH",
        "revRisk": 0.5691564478810778,
        "ticker": "1001",
        "upProb": 0.7543609597505188
      },
      {
        "frameSignals": {
          "effectiveRevRisk": 0.6333198568166252,
          "effectiveUpProb": 0.6650582982190215,
          "frameState": "MIXED",
          "monthlyBoxMonths": 7.0,
          "monthlyBoxPos": 0.38823529411764707,
          "monthlyBoxRangePct": 0.11772853185595568,
          "monthlyBoxState": "box_mid",
          "monthlyBoxWild": false,
          "monthlyBreakoutDownProb": 0.6333198568166252,
          "monthlyBreakoutUpProb": 0.42432705106122953,
          "monthlyRangePos": 0.2014388489208633,
          "monthlyRangeProb": 0.5591621852633366,
          "monthlyRangeWidth": 0.1605080831408776,
          "monthlyRegimeAligned": null,
          "weeklyBreakoutDownProb": 0.5998040609308859,
          "weeklyBreakoutUpProb": 0.6650582982190215,
          "weeklyRangeProb": 0.8253462476640825,
          "weeklyRegimeAligned": null
        },
        "frameState": "MIXED",
        "revRisk": 0.6333198568166252,
        "ticker": "1308",
        "upProb": 0.6650582982190215
      },
      {
        "frameSignals": {
          "effectiveRevRisk": 0.6300795519191055,
          "effectiveUpProb": 0.6482341144738686,
          "frameState": "MIXED",
          "monthlyBoxMonths": 7.0,
          "monthlyBoxPos": 0.3645833333333333,
          "monthlyBoxRangePct": 0.13150684931506848,
          "monthlyBoxState": "box_mid",
          "monthlyBoxWild": false,
          "monthlyBreakoutDownProb": 0.6300795519191055,
          "monthlyBreakoutUpProb": 0.4311586886097529,
          "monthlyRangePos": 0.2158273381294964,
          "monthlyRangeProb": 0.5713562788213365,
          "monthlyRangeWidth": 0.15903890160183065,
          "monthlyRegimeAligned": null,
          "weeklyBreakoutDownProb": 0.6044841144738686,
          "weeklyBreakoutUpProb": 0.6482341144738686,
          "weeklyRangeProb": 0.8396744080145719,
          "weeklyRegimeAligned": null
        },
        "frameState": "MIXED",
        "revRisk": 0.6300795519191055,
        "ticker": "1306",
        "upProb": 0.6482341144738686
      }
    ],
    "sell": [
      {
        "frameSignals": {
          "effectiveRevRisk": 0.6300795519191055,
          "effectiveUpProb": 0.6482341144738686,
          "frameState": "MIXED",
          "monthlyBoxMonths": 7.0,
          "monthlyBoxPos": 0.3645833333333333,
          "monthlyBoxRangePct": 0.13150684931506848,
          "monthlyBoxState": "box_mid",
          "monthlyBoxWild": false,
          "monthlyBreakoutDownProb": 0.6300795519191055,
          "monthlyBreakoutUpProb": 0.4311586886097529,
          "monthlyRangePos": 0.2158273381294964,
          "monthlyRangeProb": 0.5713562788213365,
          "monthlyRangeWidth": 0.15903890160183065,
          "monthlyRegimeAligned": null,
          "weeklyBreakoutDownProb": 0.6044841144738686,
          "weeklyBreakoutUpProb": 0.6482341144738686,
          "weeklyRangeProb": 0.8396744080145719,
          "weeklyRegimeAligned": null
        },
        "frameState": "MIXED",
        "revRisk": 0.6300795519191055,
        "ticker": "1306",
        "upProb": 0.6482341144738686
      },
      {
        "frameSignals": {
          "effectiveRevRisk": 0.6333198568166252,
          "effectiveUpProb": 0.6650582982190215,
          "frameState": "MIXED",
          "monthlyBoxMonths": 7.0,
          "monthlyBoxPos": 0.38823529411764707,
          "monthlyBoxRangePct": 0.11772853185595568,
          "monthlyBoxState": "box_mid",
          "monthlyBoxWild": false,
          "monthlyBreakoutDownProb": 0.6333198568166252,
          "monthlyBreakoutUpProb": 0.42432705106122953,
          "monthlyRangePos": 0.2014388489208633,
          "monthlyRangeProb": 0.5591621852633366,
          "monthlyRangeWidth": 0.1605080831408776,
          "monthlyRegimeAligned": null,
          "weeklyBreakoutDownProb": 0.5998040609308859,
          "weeklyBreakoutUpProb": 0.6650582982190215,
          "weeklyRangeProb": 0.8253462476640825,
          "weeklyRegimeAligned": null
        },
        "frameState": "MIXED",
        "revRisk": 0.6333198568166252,
        "ticker": "1308",
        "upProb": 0.6650582982190215
      },
      {
        "frameSignals": {
          "effectiveRevRisk": 0.5691564478810778,
          "effectiveUpProb": 0.7543609597505188,
          "frameState": "BULLISH",
          "monthlyBoxMonths": 7.0,
          "monthlyBoxPos": 0.5825049701789264,
          "monthlyBoxRangePct": 0.11884229178972239,
          "monthlyBoxState": "box_mid",
          "monthlyBoxWild": false,
          "monthlyBreakoutDownProb": 0.5691564478810778,
          "monthlyBreakoutUpProb": 0.4810727607979971,
          "monthlyRangePos": 0.3741661613098848,
          "monthlyRangeProb": 0.6756881180454637,
          "monthlyRangeWidth": 0.1635425964494694,
          "monthlyRegimeAligned": null,
          "weeklyBreakoutDownProb": 0.5280870744002004,
          "weeklyBreakoutUpProb": 0.7543609597505188,
          "weeklyRangeProb": 0.6747181348296519,
          "weeklyRegimeAligned": null
        },
        "frameState": "BULLISH",
        "revRisk": 0.5691564478810778,
        "ticker": "1001",
        "upProb": 0.7543609597505188
      }
    ]
  },
  "stage": {
    "goal20Reached": false,
    "goal30Reached": false,
    "stage2Active": false
  }
}