{
  "actions": [],
  "asOf": "2024-03-27",
  "checks": {
    "exposureOk": true,
    "lossLimitOk": true,
    "maxHoldingsOk": true,
    "noFutureLeakOk": true,
    "unitRuleOk": true
  },
  "mode": "BACKTEST",
  "policyVersion": "toredex.v8",
  "seasonId": "toredex_multiframe_20260318",
  "signals": {
    "buy": [
      {
        "frameSignals": {
          "effectiveRevRisk": 0.36715967107057956,
          "effectiveUpProb": 0.8747237076648842,
          "frameState": "BULLISH",
          "monthlyBoxMonths": 4.0,
          "monthlyBoxPos": 1.0,
          "monthlyBoxRangePct": 0.1889587984574792,
          "monthlyBoxState": "box_upper",
          "monthlyBoxWild": false,
          "monthlyBreakoutDownProb": 0.2510893246187364,
          "monthlyBreakoutUpProb": 0.8747237076648842,
          "monthlyRangePos": 1.0,
          "monthlyRangeProb": 0.0757080610021787,
          "monthlyRangeWidth": 0.2445632798573975,
          "monthlyRegimeAligned": null,
          "weeklyBreakoutDownProb": 0.36715967107057956,
          "weeklyBreakoutUpProb": 0.8372395650648895,
          "weeklyRangeProb": 0.26643088195175185,
          "weeklyRegimeAligned": null
        },
        "frameState": "BULLISH",
        "revRisk": 0.36715967107057956,
        "ticker": "1306",
        "upProb": 0.8747237076648842
      },
      {
        "frameSignals": {
          "effectiveRevRisk": 0.36116990005878896,
          "effectiveUpProb": 0.884616497829233,
          "frameState": "BULLISH",
          "monthlyBoxMonths": 4.0,
          "monthlyBoxPos": 1.0,
          "monthlyBoxRangePct": 0.18898931799506985,
          "monthlyBoxState": "box_upper",
          "monthlyBoxWild": false,
          "monthlyBreakoutDownProb": 0.2535094066570188,
          "monthlyBreakoutUpProb": 0.884616497829233,
          "monthlyRangePos": 1.0,
          "monthlyRangeProb": 0.06443560057887121,
          "monthlyRangeWidth": 0.24258321273516642,
          "monthlyRegimeAligned": null,
          "weeklyBreakoutDownProb": 0.36116990005878896,
          "weeklyBreakoutUpProb": 0.8125925925925925,
          "weeklyRangeProb": 0.2945620223398001,
          "weeklyRegimeAligned": null
        },
        "frameState": "BULLISH",
        "revRisk": 0.36116990005878896,
        "ticker": "1308",
        "upProb": 0.884616497829233
      },
      {
        "frameSignals": {
          "effectiveRevRisk": 0.3061986692279853,
          "effectiveUpProb": 0.8626237042332635,
          "frameState": "BULLISH",
          "monthlyBoxMonths": null,
          "monthlyBoxPos": null,
          "monthlyBoxRangePct": null,
          "monthlyBoxState": "no_box",
          "monthlyBoxWild": null,
          "monthlyBreakoutDownProb": 0.20283097017254198,
          "monthlyBreakoutUpProb": 0.8626237042332635,
          "monthlyRangePos": 1.0,
          "monthlyRangeProb": 0.03596117948106922,
          "monthlyRangeWidth": 0.2840473880406475,
          "monthlyRegimeAligned": null,
          "weeklyBreakoutDownProb": 0.3061986692279853,
          "weeklyBreakoutUpProb": 0.8057679779503883,
          "weeklyRangeProb": 0.2393454717558953,
          "weeklyRegimeAligned": null
        },
        "frameState": "BULLISH",
        "revRisk": 0.3061986692279853,
        "ticker": "1001",
        "upProb": 0.8626237042332635
      }
    ],
    "sell": [
      {
        "frameSignals": {
          "effectiveRevRisk": 0.36715967107057956,
          "effectiveUpProb": 0.8747237076648842,
          "frameState": "BULLISH",
          "monthlyBoxMonths": 4.0,
          "monthlyBoxPos": 1.0,
          "monthlyBoxRangePct": 0.1889587984574792,
          "monthlyBoxState": "box_upper",
          "monthlyBoxWild": false,
          "monthlyBreakoutDownProb": 0.2510893246187364,
          "monthlyBreakoutUpProb": 0.8747237076648842,
          "monthlyRangePos": 1.0,
          "monthlyRangeProb": 0.0757080610021787,
          "monthlyRangeWidth": 0.2445632798573975,
          "monthlyRegimeAligned": null,
          "weeklyBreakoutDownProb": 0.36715967107057956,
          "weeklyBreakoutUpProb": 0.8372395650648895,
          "weeklyRangeProb": 0.26643088195175185,
          "weeklyRegimeAligned": null
        },
        "frameState": "BULLISH",
        "revRisk": 0.36715967107057956,
        "ticker": "1306",
        "upProb": 0.8747237076648842
      },
      {
        "frameSignals": {
          "effectiveRevRisk": 0.36116990005878896,
          "effectiveUpProb": 0.884616497829233,
          "frameState": "BULLISH",
          "monthlyBoxMonths": 4.0,
          "monthlyBoxPos": 1.0,
          "monthlyBoxRangePct": 0.18898931799506985,
          "monthlyBoxState": "box_upper",
          "monthlyBoxWild": false,
          "monthlyBreakoutDownProb": 0.2535094066570188,
          "monthlyBreakoutUpProb": 0.884616497829233,
          "monthlyRangePos": 1.0,
          "monthlyRangeProb": 0.06443560057887121,
          "monthlyRangeWidth": 0.24258321273516642,
          "monthlyRegimeAligned": null,
          "weeklyBreakoutDownProb": 0.36116990005878896,
          "weeklyBreakoutUpProb": 0.8125925925925925,
          "weeklyRangeProb": 0.2945620223398001,
          "weeklyRegimeAligned": null
        },
        "frameState": "BULLISH",
        "revRisk": 0.36116990005878896,
        "ticker": "1308",
        "upProb": 0.884616497829233
      },
      {
        "frameSignals": {
          "effectiveRevRisk": 0.3061986692279853,
          "effectiveUpProb": 0.8626237042332635,
          "frameState": "BULLISH",
          "monthlyBoxMonths": null,
          "monthlyBoxPos": null,
          "monthlyBoxRangePct": null,
          "monthlyBoxState": "no_box",
          "monthlyBoxWild": null,
          "monthlyBreakoutDownProb": 0.20283097017254198,
          "monthlyBreakoutUpProb": 0.8626237042332635,
          "monthlyRangePos": 1.0,
          "monthlyRangeProb": 0.03596117948106922,
          "monthlyRangeWidth": 0.2840473880406475,
          "monthlyRegimeAligned": null,
          "weeklyBreakoutDownProb": 0.3061986692279853,
          "weeklyBreakoutUpProb": 0.8057679779503883,
          "weeklyRangeProb": 0.2393454717558953,
          "weeklyRegimeAligned": null
        },
        "frameState": "BULLISH",
        "revRisk": 0.3061986692279853,
        "ticker": "1001",
        "upProb": 0.8626237042332635
      }
    ]
  },
  "stage": {
    "goal20Reached": false,
    "goal30Reached": false,
    "stage2Active": false
  }
}