{
  "actions": [],
  "asOf": "2005-02-23",
  "checks": {
    "exposureOk": true,
    "lossLimitOk": true,
    "maxHoldingsOk": true,
    "noFutureLeakOk": true,
    "unitRuleOk": true
  },
  "mode": "BACKTEST",
  "policyVersion": "toredex.v8",
  "seasonId": "toredex_multiframe_20260318",
  "signals": {
    "buy": [
      {
        "frameSignals": {
          "effectiveRevRisk": 0.5532326342485364,
          "effectiveUpProb": 0.8272603556555777,
          "frameState": "BULLISH",
          "monthlyBoxMonths": 14.0,
          "monthlyBoxPos": 0.6397670549084858,
          "monthlyBoxRangePct": 0.11201192805889479,
          "monthlyBoxState": "box_mid",
          "monthlyBoxWild": false,
          "monthlyBreakoutDownProb": 0.5532326342485364,
          "monthlyBreakoutUpProb": 0.672689855959668,
          "monthlyRangePos": 0.6706531738730451,
          "monthlyRangeProb": 0.7481333406846256,
          "monthlyRangeWidth": 0.09166807218755271,
          "monthlyRegimeAligned": null,
          "weeklyBreakoutDownProb": 0.46568327610913957,
          "weeklyBreakoutUpProb": 0.8272603556555777,
          "weeklyRangeProb": 0.504044644488685,
          "weeklyRegimeAligned": null
        },
        "frameState": "BULLISH",
        "revRisk": 0.5532326342485364,
        "ticker": "1001",
        "upProb": 0.8272603556555777
      },
      {
        "frameSignals": {
          "effectiveRevRisk": 0.5660415869371094,
          "effectiveUpProb": 0.8249120806007033,
          "frameState": "BULLISH",
          "monthlyBoxMonths": 14.0,
          "monthlyBoxPos": 0.6792452830188679,
          "monthlyBoxRangePct": 0.150997150997151,
          "monthlyBoxState": "box_mid",
          "monthlyBoxWild": false,
          "monthlyBreakoutDownProb": 0.5660415869371094,
          "monthlyBreakoutUpProb": 0.6468108177063401,
          "monthlyRangePos": 0.6153846153846154,
          "monthlyRangeProb": 0.779098099247353,
          "monthlyRangeWidth": 0.09701492537313433,
          "monthlyRegimeAligned": null,
          "weeklyBreakoutDownProb": 0.4663577606691379,
          "weeklyBreakoutUpProb": 0.8249120806007033,
          "weeklyRangeProb": 0.5169328010645375,
          "weeklyRegimeAligned": null
        },
        "frameState": "BULLISH",
        "revRisk": 0.5660415869371094,
        "ticker": "1306",
        "upProb": 0.8249120806007033
      },
      {
        "frameSignals": {
          "effectiveRevRisk": 0.5617237933176673,
          "effectiveUpProb": 0.8192917143948071,
          "frameState": "BULLISH",
          "monthlyBoxMonths": 14.0,
          "monthlyBoxPos": 0.6625,
          "monthlyBoxRangePct": 0.1523809523809524,
          "monthlyBoxState": "box_mid",
          "monthlyBoxWild": false,
          "monthlyBreakoutDownProb": 0.5617237933176673,
          "monthlyBreakoutUpProb": 0.6385530616103503,
          "monthlyRangePos": 0.6097560975609756,
          "monthlyRangeProb": 0.775607055073873,
          "monthlyRangeWidth": 0.10215946843853821,
          "monthlyRegimeAligned": null,
          "weeklyBreakoutDownProb": 0.462848415425735,
          "weeklyBreakoutUpProb": 0.8192917143948071,
          "weeklyRangeProb": 0.52122947689958,
          "weeklyRegimeAligned": null
        },
        "frameState": "BULLISH",
        "revRisk": 0.5617237933176673,
        "ticker": "1308",
        "upProb": 0.8192917143948071
      }
    ],
    "sell": [
      {
        "frameSignals": {
          "effectiveRevRisk": 0.5660415869371094,
          "effectiveUpProb": 0.8249120806007033,
          "frameState": "BULLISH",
          "monthlyBoxMonths": 14.0,
          "monthlyBoxPos": 0.6792452830188679,
          "monthlyBoxRangePct": 0.150997150997151,
          "monthlyBoxState": "box_mid",
          "monthlyBoxWild": false,
          "monthlyBreakoutDownProb": 0.5660415869371094,
          "monthlyBreakoutUpProb": 0.6468108177063401,
          "monthlyRangePos": 0.6153846153846154,
          "monthlyRangeProb": 0.779098099247353,
          "monthlyRangeWidth": 0.09701492537313433,
          "monthlyRegimeAligned": null,
          "weeklyBreakoutDownProb": 0.4663577606691379,
          "weeklyBreakoutUpProb": 0.8249120806007033,
          "weeklyRangeProb": 0.5169328010645375,
          "weeklyRegimeAligned": null
        },
        "frameState": "BULLISH",
        "revRisk": 0.5660415869371094,
        "ticker": "1306",
        "upProb": 0.8249120806007033
      },
      {
        "frameSignals": {
          "effectiveRevRisk": 0.5617237933176673,
          "effectiveUpProb": 0.8192917143948071,
          "frameState": "BULLISH",
          "monthlyBoxMonths": 14.0,
          "monthlyBoxPos": 0.6625,
          "monthlyBoxRangePct": 0.1523809523809524,
          "monthlyBoxState": "box_mid",
          "monthlyBoxWild": false,
          "monthlyBreakoutDownProb": 0.5617237933176673,
          "monthlyBreakoutUpProb": 0.6385530616103503,
          "monthlyRangePos": 0.6097560975609756,
          "monthlyRangeProb": 0.775607055073873,
          "monthlyRangeWidth": 0.10215946843853821,
          "monthlyRegimeAligned": null,
          "weeklyBreakoutDownProb": 0.462848415425735,
          "weeklyBreakoutUpProb": 0.8192917143948071,
          "weeklyRangeProb": 0.52122947689958,
          "weeklyRegimeAligned": null
        },
        "frameState": "BULLISH",
        "revRisk": 0.5617237933176673,
        "ticker": "1308",
        "upProb": 0.8192917143948071
      },
      {
        "frameSignals": {
          "effectiveRevRisk": 0.5532326342485364,
          "effectiveUpProb": 0.8272603556555777,
          "frameState": "BULLISH",
          "monthlyBoxMonths": 14.0,
          "monthlyBoxPos": 0.6397670549084858,
          "monthlyBoxRangePct": 0.11201192805889479,
          "monthlyBoxState": "box_mid",
          "monthlyBoxWild": false,
          "monthlyBreakoutDownProb": 0.5532326342485364,
          "monthlyBreakoutUpProb": 0.672689855959668,
          "monthlyRangePos": 0.6706531738730451,
          "monthlyRangeProb": 0.7481333406846256,
          "monthlyRangeWidth": 0.09166807218755271,
          "monthlyRegimeAligned": null,
          "weeklyBreakoutDownProb": 0.46568327610913957,
          "weeklyBreakoutUpProb": 0.8272603556555777,
          "weeklyRangeProb": 0.504044644488685,
          "weeklyRegimeAligned": null
        },
        "frameState": "BULLISH",
        "revRisk": 0.5532326342485364,
        "ticker": "1001",
        "upProb": 0.8272603556555777
      }
    ]
  },
  "stage": {
    "goal20Reached": false,
    "goal30Reached": false,
    "stage2Active": false
  }
}