{
  "actions": [],
  "asOf": "2025-08-13",
  "checks": {
    "exposureOk": true,
    "lossLimitOk": true,
    "maxHoldingsOk": true,
    "noFutureLeakOk": true,
    "unitRuleOk": true
  },
  "mode": "BACKTEST",
  "policyVersion": "toredex.v8",
  "seasonId": "toredex_multiframe_20260318",
  "signals": {
    "buy": [
      {
        "frameSignals": {
          "effectiveRevRisk": 0.43441681210005817,
          "effectiveUpProb": 0.8975196335078535,
          "frameState": "BULLISH",
          "monthlyBoxMonths": 14.0,
          "monthlyBoxPos": 1.0,
          "monthlyBoxRangePct": 0.16046259486808817,
          "monthlyBoxState": "box_upper",
          "monthlyBoxWild": true,
          "monthlyBreakoutDownProb": 0.43441681210005817,
          "monthlyBreakoutUpProb": 0.8975196335078535,
          "monthlyRangePos": 1.0,
          "monthlyRangeProb": 0.2598022105875509,
          "monthlyRangeWidth": 0.09456806282722513,
          "monthlyRegimeAligned": null,
          "weeklyBreakoutDownProb": 0.3716927763272411,
          "weeklyBreakoutUpProb": 0.8068146214099217,
          "weeklyRangeProb": 0.3152523933855527,
          "weeklyRegimeAligned": null
        },
        "frameState": "BULLISH",
        "revRisk": 0.43441681210005817,
        "ticker": "1306",
        "upProb": 0.8975196335078535
      },
      {
        "frameSignals": {
          "effectiveRevRisk": 0.43752804442973264,
          "effectiveUpProb": 0.8949420721615359,
          "frameState": "BULLISH",
          "monthlyBoxMonths": 14.0,
          "monthlyBoxPos": 1.0,
          "monthlyBoxRangePct": 0.15639810426540285,
          "monthlyBoxState": "box_upper",
          "monthlyBoxWild": true,
          "monthlyBreakoutDownProb": 0.43752804442973264,
          "monthlyBreakoutUpProb": 0.8949420721615359,
          "monthlyRangePos": 1.0,
          "monthlyRangeProb": 0.26716135201736,
          "monthlyRangeWidth": 0.09202250910294604,
          "monthlyRegimeAligned": null,
          "weeklyBreakoutDownProb": 0.37118743578452956,
          "weeklyBreakoutUpProb": 0.8078467635402906,
          "weeklyRangeProb": 0.31318068398649634,
          "weeklyRegimeAligned": null
        },
        "frameState": "BULLISH",
        "revRisk": 0.43752804442973264,
        "ticker": "1308",
        "upProb": 0.8949420721615359
      },
      {
        "frameSignals": {
          "effectiveRevRisk": 0.3877473141407009,
          "effectiveUpProb": 0.9079154593489006,
          "frameState": "BULLISH",
          "monthlyBoxMonths": 4.0,
          "monthlyBoxPos": 1.0,
          "monthlyBoxRangePct": 0.1955134403403597,
          "monthlyBoxState": "box_upper",
          "monthlyBoxWild": false,
          "monthlyBreakoutDownProb": 0.3877473141407009,
          "monthlyBreakoutUpProb": 0.9079154593489006,
          "monthlyRangePos": 1.0,
          "monthlyRangeProb": 0.18979616958993129,
          "monthlyRangeWidth": 0.13275219752124473,
          "monthlyRegimeAligned": null,
          "weeklyBreakoutDownProb": 0.31794405849307433,
          "weeklyBreakoutUpProb": 0.7507313778463913,
          "weeklyRangeProb": 0.33185010077619115,
          "weeklyRegimeAligned": null
        },
        "frameState": "BULLISH",
        "revRisk": 0.3877473141407009,
        "ticker": "1001",
        "upProb": 0.9079154593489006
      }
    ],
    "sell": [
      {
        "frameSignals": {
          "effectiveRevRisk": 0.43752804442973264,
          "effectiveUpProb": 0.8949420721615359,
          "frameState": "BULLISH",
          "monthlyBoxMonths": 14.0,
          "monthlyBoxPos": 1.0,
          "monthlyBoxRangePct": 0.15639810426540285,
          "monthlyBoxState": "box_upper",
          "monthlyBoxWild": true,
          "monthlyBreakoutDownProb": 0.43752804442973264,
          "monthlyBreakoutUpProb": 0.8949420721615359,
          "monthlyRangePos": 1.0,
          "monthlyRangeProb": 0.26716135201736,
          "monthlyRangeWidth": 0.09202250910294604,
          "monthlyRegimeAligned": null,
          "weeklyBreakoutDownProb": 0.37118743578452956,
          "weeklyBreakoutUpProb": 0.8078467635402906,
          "weeklyRangeProb": 0.31318068398649634,
          "weeklyRegimeAligned": null
        },
        "frameState": "BULLISH",
        "revRisk": 0.43752804442973264,
        "ticker": "1308",
        "upProb": 0.8949420721615359
      },
      {
        "frameSignals": {
          "effectiveRevRisk": 0.43441681210005817,
          "effectiveUpProb": 0.8975196335078535,
          "frameState": "BULLISH",
          "monthlyBoxMonths": 14.0,
          "monthlyBoxPos": 1.0,
          "monthlyBoxRangePct": 0.16046259486808817,
          "monthlyBoxState": "box_upper",
          "monthlyBoxWild": true,
          "monthlyBreakoutDownProb": 0.43441681210005817,
          "monthlyBreakoutUpProb": 0.8975196335078535,
          "monthlyRangePos": 1.0,
          "monthlyRangeProb": 0.2598022105875509,
          "monthlyRangeWidth": 0.09456806282722513,
          "monthlyRegimeAligned": null,
          "weeklyBreakoutDownProb": 0.3716927763272411,
          "weeklyBreakoutUpProb": 0.8068146214099217,
          "weeklyRangeProb": 0.3152523933855527,
          "weeklyRegimeAligned": null
        },
        "frameState": "BULLISH",
        "revRisk": 0.43441681210005817,
        "ticker": "1306",
        "upProb": 0.8975196335078535
      },
      {
        "frameSignals": {
          "effectiveRevRisk": 0.3877473141407009,
          "effectiveUpProb": 0.9079154593489006,
          "frameState": "BULLISH",
          "monthlyBoxMonths": 4.0,
          "monthlyBoxPos": 1.0,
          "monthlyBoxRangePct": 0.1955134403403597,
          "monthlyBoxState": "box_upper",
          "monthlyBoxWild": false,
          "monthlyBreakoutDownProb": 0.3877473141407009,
          "monthlyBreakoutUpProb": 0.9079154593489006,
          "monthlyRangePos": 1.0,
          "monthlyRangeProb": 0.18979616958993129,
          "monthlyRangeWidth": 0.13275219752124473,
          "monthlyRegimeAligned": null,
          "weeklyBreakoutDownProb": 0.31794405849307433,
          "weeklyBreakoutUpProb": 0.7507313778463913,
          "weeklyRangeProb": 0.33185010077619115,
          "weeklyRegimeAligned": null
        },
        "frameState": "BULLISH",
        "revRisk": 0.3877473141407009,
        "ticker": "1001",
        "upProb": 0.9079154593489006
      }
    ]
  },
  "stage": {
    "goal20Reached": false,
    "goal30Reached": false,
    "stage2Active": false
  }
}