{
  "actions": [],
  "asOf": "2006-01-06",
  "checks": {
    "exposureOk": true,
    "lossLimitOk": true,
    "maxHoldingsOk": true,
    "noFutureLeakOk": true,
    "unitRuleOk": true
  },
  "mode": "BACKTEST",
  "policyVersion": "toredex.v8",
  "seasonId": "toredex_multiframe_20260318",
  "signals": {
    "buy": [
      {
        "frameSignals": {
          "effectiveRevRisk": 0.25014030867909404,
          "effectiveUpProb": 0.7936620565243535,
          "frameState": "BULLISH",
          "monthlyBoxMonths": 4.0,
          "monthlyBoxPos": 1.0,
          "monthlyBoxRangePct": 0.19746121297602257,
          "monthlyBoxState": "box_upper",
          "monthlyBoxWild": false,
          "monthlyBreakoutDownProb": 0.16488608271530705,
          "monthlyBreakoutUpProb": 0.7936620565243535,
          "monthlyRangePos": 1.0,
          "monthlyRangeProb": 0.08963386116122138,
          "monthlyRangeWidth": 0.31509320505111243,
          "monthlyRegimeAligned": null,
          "weeklyBreakoutDownProb": 0.25014030867909404,
          "weeklyBreakoutUpProb": 0.7936620565243535,
          "weeklyRangeProb": 0.19038885548206053,
          "weeklyRegimeAligned": null
        },
        "frameState": "BULLISH",
        "revRisk": 0.25014030867909404,
        "ticker": "1306",
        "upProb": 0.7936620565243535
      },
      {
        "frameSignals": {
          "effectiveRevRisk": 0.24738955823293174,
          "effectiveUpProb": 0.7937951807228916,
          "frameState": "BULLISH",
          "monthlyBoxMonths": 4.0,
          "monthlyBoxPos": 1.0,
          "monthlyBoxRangePct": 0.19534555712270804,
          "monthlyBoxState": "box_upper",
          "monthlyBoxWild": false,
          "monthlyBreakoutDownProb": 0.16860776439089692,
          "monthlyBreakoutUpProb": 0.7937951807228916,
          "monthlyRangePos": 1.0,
          "monthlyRangeProb": 0.0938420348058902,
          "monthlyRangeWidth": 0.31204819277108437,
          "monthlyRegimeAligned": null,
          "weeklyBreakoutDownProb": 0.24738955823293174,
          "weeklyBreakoutUpProb": 0.7937951807228916,
          "weeklyRangeProb": 0.18694779116465862,
          "weeklyRegimeAligned": null
        },
        "frameState": "BULLISH",
        "revRisk": 0.24738955823293174,
        "ticker": "1308",
        "upProb": 0.7937951807228916
      },
      {
        "frameSignals": {
          "effectiveRevRisk": 0.26020489796481355,
          "effectiveUpProb": 0.7888659921792563,
          "frameState": "BULLISH",
          "monthlyBoxMonths": null,
          "monthlyBoxPos": null,
          "monthlyBoxRangePct": null,
          "monthlyBoxState": "no_box",
          "monthlyBoxWild": null,
          "monthlyBreakoutDownProb": 0.16287319222891197,
          "monthlyBreakoutUpProb": 0.7888659921792563,
          "monthlyRangePos": 1.0,
          "monthlyRangeProb": 0.09410651107938679,
          "monthlyRangeWidth": 0.31674011544907205,
          "monthlyRegimeAligned": null,
          "weeklyBreakoutDownProb": 0.26020489796481355,
          "weeklyBreakoutUpProb": 0.7888659921792563,
          "weeklyRangeProb": 0.20913489058545232,
          "weeklyRegimeAligned": null
        },
        "frameState": "BULLISH",
        "revRisk": 0.26020489796481355,
        "ticker": "1001",
        "upProb": 0.7888659921792563
      }
    ],
    "sell": [
      {
        "frameSignals": {
          "effectiveRevRisk": 0.26020489796481355,
          "effectiveUpProb": 0.7888659921792563,
          "frameState": "BULLISH",
          "monthlyBoxMonths": null,
          "monthlyBoxPos": null,
          "monthlyBoxRangePct": null,
          "monthlyBoxState": "no_box",
          "monthlyBoxWild": null,
          "monthlyBreakoutDownProb": 0.16287319222891197,
          "monthlyBreakoutUpProb": 0.7888659921792563,
          "monthlyRangePos": 1.0,
          "monthlyRangeProb": 0.09410651107938679,
          "monthlyRangeWidth": 0.31674011544907205,
          "monthlyRegimeAligned": null,
          "weeklyBreakoutDownProb": 0.26020489796481355,
          "weeklyBreakoutUpProb": 0.7888659921792563,
          "weeklyRangeProb": 0.20913489058545232,
          "weeklyRegimeAligned": null
        },
        "frameState": "BULLISH",
        "revRisk": 0.26020489796481355,
        "ticker": "1001",
        "upProb": 0.7888659921792563
      },
      {
        "frameSignals": {
          "effectiveRevRisk": 0.24738955823293174,
          "effectiveUpProb": 0.7937951807228916,
          "frameState": "BULLISH",
          "monthlyBoxMonths": 4.0,
          "monthlyBoxPos": 1.0,
          "monthlyBoxRangePct": 0.19534555712270804,
          "monthlyBoxState": "box_upper",
          "monthlyBoxWild": false,
          "monthlyBreakoutDownProb": 0.16860776439089692,
          "monthlyBreakoutUpProb": 0.7937951807228916,
          "monthlyRangePos": 1.0,
          "monthlyRangeProb": 0.0938420348058902,
          "monthlyRangeWidth": 0.31204819277108437,
          "monthlyRegimeAligned": null,
          "weeklyBreakoutDownProb": 0.24738955823293174,
          "weeklyBreakoutUpProb": 0.7937951807228916,
          "weeklyRangeProb": 0.18694779116465862,
          "weeklyRegimeAligned": null
        },
        "frameState": "BULLISH",
        "revRisk": 0.24738955823293174,
        "ticker": "1308",
        "upProb": 0.7937951807228916
      },
      {
        "frameSignals": {
          "effectiveRevRisk": 0.25014030867909404,
          "effectiveUpProb": 0.7936620565243535,
          "frameState": "BULLISH",
          "monthlyBoxMonths": 4.0,
          "monthlyBoxPos": 1.0,
          "monthlyBoxRangePct": 0.19746121297602257,
          "monthlyBoxState": "box_upper",
          "monthlyBoxWild": false,
          "monthlyBreakoutDownProb": 0.16488608271530705,
          "monthlyBreakoutUpProb": 0.7936620565243535,
          "monthlyRangePos": 1.0,
          "monthlyRangeProb": 0.08963386116122138,
          "monthlyRangeWidth": 0.31509320505111243,
          "monthlyRegimeAligned": null,
          "weeklyBreakoutDownProb": 0.25014030867909404,
          "weeklyBreakoutUpProb": 0.7936620565243535,
          "weeklyRangeProb": 0.19038885548206053,
          "weeklyRegimeAligned": null
        },
        "frameState": "BULLISH",
        "revRisk": 0.25014030867909404,
        "ticker": "1306",
        "upProb": 0.7936620565243535
      }
    ]
  },
  "stage": {
    "goal20Reached": false,
    "goal30Reached": false,
    "stage2Active": false
  }
}