{
  "actions": [],
  "asOf": "2020-06-02",
  "checks": {
    "exposureOk": true,
    "lossLimitOk": true,
    "maxHoldingsOk": true,
    "noFutureLeakOk": true,
    "unitRuleOk": true
  },
  "mode": "BACKTEST",
  "policyVersion": "toredex.v8",
  "seasonId": "toredex_multiframe_20260318",
  "signals": {
    "buy": [
      {
        "frameSignals": {
          "effectiveRevRisk": 0.4665553810652321,
          "effectiveUpProb": 0.5532113296182868,
          "frameState": "BULLISH",
          "monthlyBoxMonths": 5.0,
          "monthlyBoxPos": 0.8146718146718147,
          "monthlyBoxRangePct": 0.17998610145934676,
          "monthlyBoxState": "box_upper",
          "monthlyBoxWild": true,
          "monthlyBreakoutDownProb": 0.4665553810652321,
          "monthlyBreakoutUpProb": 0.5532113296182868,
          "monthlyRangePos": 0.6237942122186495,
          "monthlyRangeProb": 0.6591152895781156,
          "monthlyRangeWidth": 0.17600452744765138,
          "monthlyRegimeAligned": null,
          "weeklyBreakoutDownProb": 0.3340729785511184,
          "weeklyBreakoutUpProb": 0.45025854556142764,
          "weeklyRangeProb": 0.4904648790561952,
          "weeklyRegimeAligned": null
        },
        "frameState": "BULLISH",
        "revRisk": 0.4665553810652321,
        "ticker": "1308",
        "upProb": 0.5532113296182868
      },
      {
        "frameSignals": {
          "effectiveRevRisk": 0.47072502748981326,
          "effectiveUpProb": 0.5542734145865874,
          "frameState": "BULLISH",
          "monthlyBoxMonths": 5.0,
          "monthlyBoxPos": 0.8045977011494253,
          "monthlyBoxRangePct": 0.17938144329896907,
          "monthlyBoxState": "box_upper",
          "monthlyBoxWild": true,
          "monthlyBreakoutDownProb": 0.47072502748981326,
          "monthlyBreakoutUpProb": 0.5542734145865874,
          "monthlyRangePos": 0.6193548387096774,
          "monthlyRangeProb": 0.6653143286756443,
          "monthlyRangeWidth": 0.17386427369601795,
          "monthlyRegimeAligned": null,
          "weeklyBreakoutDownProb": 0.3279282251212076,
          "weeklyBreakoutUpProb": 0.45120757734792827,
          "weeklyRangeProb": 0.48030089468685955,
          "weeklyRegimeAligned": null
        },
        "frameState": "BULLISH",
        "revRisk": 0.47072502748981326,
        "ticker": "1306",
        "upProb": 0.5542734145865874
      },
      {
        "frameSignals": {
          "effectiveRevRisk": 0.40345388641539176,
          "effectiveUpProb": 0.5568512276266178,
          "frameState": "BULLISH",
          "monthlyBoxMonths": 4.0,
          "monthlyBoxPos": 1.0,
          "monthlyBoxRangePct": 0.1947447286738735,
          "monthlyBoxState": "box_upper",
          "monthlyBoxWild": true,
          "monthlyBreakoutDownProb": 0.40345388641539176,
          "monthlyBreakoutUpProb": 0.5568512276266178,
          "monthlyRangePos": 0.71913905887318,
          "monthlyRangeProb": 0.5572374989045069,
          "monthlyRangeWidth": 0.20032972607372337,
          "monthlyRegimeAligned": null,
          "weeklyBreakoutDownProb": 0.2704011590460112,
          "weeklyBreakoutUpProb": 0.41813116305188647,
          "weeklyRangeProb": 0.402311822688337,
          "weeklyRegimeAligned": null
        },
        "frameState": "BULLISH",
        "revRisk": 0.40345388641539176,
        "ticker": "1001",
        "upProb": 0.5568512276266178
      }
    ],
    "sell": [
      {
        "frameSignals": {
          "effectiveRevRisk": 0.47072502748981326,
          "effectiveUpProb": 0.5542734145865874,
          "frameState": "BULLISH",
          "monthlyBoxMonths": 5.0,
          "monthlyBoxPos": 0.8045977011494253,
          "monthlyBoxRangePct": 0.17938144329896907,
          "monthlyBoxState": "box_upper",
          "monthlyBoxWild": true,
          "monthlyBreakoutDownProb": 0.47072502748981326,
          "monthlyBreakoutUpProb": 0.5542734145865874,
          "monthlyRangePos": 0.6193548387096774,
          "monthlyRangeProb": 0.6653143286756443,
          "monthlyRangeWidth": 0.17386427369601795,
          "monthlyRegimeAligned": null,
          "weeklyBreakoutDownProb": 0.3279282251212076,
          "weeklyBreakoutUpProb": 0.45120757734792827,
          "weeklyRangeProb": 0.48030089468685955,
          "weeklyRegimeAligned": null
        },
        "frameState": "BULLISH",
        "revRisk": 0.47072502748981326,
        "ticker": "1306",
        "upProb": 0.5542734145865874
      },
      {
        "frameSignals": {
          "effectiveRevRisk": 0.4665553810652321,
          "effectiveUpProb": 0.5532113296182868,
          "frameState": "BULLISH",
          "monthlyBoxMonths": 5.0,
          "monthlyBoxPos": 0.8146718146718147,
          "monthlyBoxRangePct": 0.17998610145934676,
          "monthlyBoxState": "box_upper",
          "monthlyBoxWild": true,
          "monthlyBreakoutDownProb": 0.4665553810652321,
          "monthlyBreakoutUpProb": 0.5532113296182868,
          "monthlyRangePos": 0.6237942122186495,
          "monthlyRangeProb": 0.6591152895781156,
          "monthlyRangeWidth": 0.17600452744765138,
          "monthlyRegimeAligned": null,
          "weeklyBreakoutDownProb": 0.3340729785511184,
          "weeklyBreakoutUpProb": 0.45025854556142764,
          "weeklyRangeProb": 0.4904648790561952,
          "weeklyRegimeAligned": null
        },
        "frameState": "BULLISH",
        "revRisk": 0.4665553810652321,
        "ticker": "1308",
        "upProb": 0.5532113296182868
      },
      {
        "frameSignals": {
          "effectiveRevRisk": 0.40345388641539176,
          "effectiveUpProb": 0.5568512276266178,
          "frameState": "BULLISH",
          "monthlyBoxMonths": 4.0,
          "monthlyBoxPos": 1.0,
          "monthlyBoxRangePct": 0.1947447286738735,
          "monthlyBoxState": "box_upper",
          "monthlyBoxWild": true,
          "monthlyBreakoutDownProb": 0.40345388641539176,
          "monthlyBreakoutUpProb": 0.5568512276266178,
          "monthlyRangePos": 0.71913905887318,
          "monthlyRangeProb": 0.5572374989045069,
          "monthlyRangeWidth": 0.20032972607372337,
          "monthlyRegimeAligned": null,
          "weeklyBreakoutDownProb": 0.2704011590460112,
          "weeklyBreakoutUpProb": 0.41813116305188647,
          "weeklyRangeProb": 0.402311822688337,
          "weeklyRegimeAligned": null
        },
        "frameState": "BULLISH",
        "revRisk": 0.40345388641539176,
        "ticker": "1001",
        "upProb": 0.5568512276266178
      }
    ]
  },
  "stage": {
    "goal20Reached": false,
    "goal30Reached": false,
    "stage2Active": false
  }
}