{
  "actions": [],
  "asOf": "2015-12-02",
  "checks": {
    "exposureOk": true,
    "lossLimitOk": true,
    "maxHoldingsOk": true,
    "noFutureLeakOk": true,
    "unitRuleOk": true
  },
  "mode": "BACKTEST",
  "policyVersion": "toredex.v8",
  "seasonId": "toredex_multiframe_20260318",
  "signals": {
    "buy": [
      {
        "frameSignals": {
          "effectiveRevRisk": 0.47127983842376964,
          "effectiveUpProb": 0.6393479823864978,
          "frameState": "BULLISH",
          "monthlyBoxMonths": 13.0,
          "monthlyBoxPos": 0.8015337423312884,
          "monthlyBoxRangePct": 0.18816738816738818,
          "monthlyBoxState": "box_upper",
          "monthlyBoxWild": false,
          "monthlyBreakoutDownProb": 0.43101204244280067,
          "monthlyBreakoutUpProb": 0.6393479823864978,
          "monthlyRangePos": 0.7976227713481389,
          "monthlyRangeProb": 0.5673313474554338,
          "monthlyRangeWidth": 0.1553072625698324,
          "monthlyRegimeAligned": null,
          "weeklyBreakoutDownProb": 0.47127983842376964,
          "weeklyBreakoutUpProb": 0.6249810721683512,
          "weeklyRangeProb": 0.637271122514399,
          "weeklyRegimeAligned": null
        },
        "frameState": "BULLISH",
        "revRisk": 0.47127983842376964,
        "ticker": "1001",
        "upProb": 0.6393479823864978
      },
      {
        "frameSignals": {
          "effectiveRevRisk": 0.48754298966073173,
          "effectiveUpProb": 0.6208065879870915,
          "frameState": "BULLISH",
          "monthlyBoxMonths": 10.0,
          "monthlyBoxPos": 0.7101449275362319,
          "monthlyBoxRangePct": 0.1908713692946058,
          "monthlyBoxState": "box_mid",
          "monthlyBoxWild": false,
          "monthlyBreakoutDownProb": 0.4512646793134598,
          "monthlyBreakoutUpProb": 0.6012646793134598,
          "monthlyRangePos": 0.7142857142857143,
          "monthlyRangeProb": 0.6151309846431797,
          "monthlyRangeWidth": 0.16260162601626016,
          "monthlyRegimeAligned": null,
          "weeklyBreakoutDownProb": 0.48754298966073173,
          "weeklyBreakoutUpProb": 0.6208065879870915,
          "weeklyRangeProb": 0.6648520611928085,
          "weeklyRegimeAligned": null
        },
        "frameState": "BULLISH",
        "revRisk": 0.48754298966073173,
        "ticker": "1306",
        "upProb": 0.6208065879870915
      },
      {
        "frameSignals": {
          "effectiveRevRisk": 0.4875708800945068,
          "effectiveUpProb": 0.6159042134278401,
          "frameState": "BULLISH",
          "monthlyBoxMonths": 10.0,
          "monthlyBoxPos": 0.7142857142857143,
          "monthlyBoxRangePct": 0.19077568134171907,
          "monthlyBoxState": "box_mid",
          "monthlyBoxWild": false,
          "monthlyBreakoutDownProb": 0.44666536254564426,
          "monthlyBreakoutUpProb": 0.6016653625456443,
          "monthlyRangePos": 0.7214285714285714,
          "monthlyRangeProb": 0.6076499739175796,
          "monthlyRangeWidth": 0.1643192488262911,
          "monthlyRegimeAligned": null,
          "weeklyBreakoutDownProb": 0.4875708800945068,
          "weeklyBreakoutUpProb": 0.6159042134278401,
          "weeklyRangeProb": 0.6669019492025989,
          "weeklyRegimeAligned": null
        },
        "frameState": "BULLISH",
        "revRisk": 0.4875708800945068,
        "ticker": "1308",
        "upProb": 0.6159042134278401
      }
    ],
    "sell": [
      {
        "frameSignals": {
          "effectiveRevRisk": 0.48754298966073173,
          "effectiveUpProb": 0.6208065879870915,
          "frameState": "BULLISH",
          "monthlyBoxMonths": 10.0,
          "monthlyBoxPos": 0.7101449275362319,
          "monthlyBoxRangePct": 0.1908713692946058,
          "monthlyBoxState": "box_mid",
          "monthlyBoxWild": false,
          "monthlyBreakoutDownProb": 0.4512646793134598,
          "monthlyBreakoutUpProb": 0.6012646793134598,
          "monthlyRangePos": 0.7142857142857143,
          "monthlyRangeProb": 0.6151309846431797,
          "monthlyRangeWidth": 0.16260162601626016,
          "monthlyRegimeAligned": null,
          "weeklyBreakoutDownProb": 0.48754298966073173,
          "weeklyBreakoutUpProb": 0.6208065879870915,
          "weeklyRangeProb": 0.6648520611928085,
          "weeklyRegimeAligned": null
        },
        "frameState": "BULLISH",
        "revRisk": 0.48754298966073173,
        "ticker": "1306",
        "upProb": 0.6208065879870915
      },
      {
        "frameSignals": {
          "effectiveRevRisk": 0.4875708800945068,
          "effectiveUpProb": 0.6159042134278401,
          "frameState": "BULLISH",
          "monthlyBoxMonths": 10.0,
          "monthlyBoxPos": 0.7142857142857143,
          "monthlyBoxRangePct": 0.19077568134171907,
          "monthlyBoxState": "box_mid",
          "monthlyBoxWild": false,
          "monthlyBreakoutDownProb": 0.44666536254564426,
          "monthlyBreakoutUpProb": 0.6016653625456443,
          "monthlyRangePos": 0.7214285714285714,
          "monthlyRangeProb": 0.6076499739175796,
          "monthlyRangeWidth": 0.1643192488262911,
          "monthlyRegimeAligned": null,
          "weeklyBreakoutDownProb": 0.4875708800945068,
          "weeklyBreakoutUpProb": 0.6159042134278401,
          "weeklyRangeProb": 0.6669019492025989,
          "weeklyRegimeAligned": null
        },
        "frameState": "BULLISH",
        "revRisk": 0.4875708800945068,
        "ticker": "1308",
        "upProb": 0.6159042134278401
      },
      {
        "frameSignals": {
          "effectiveRevRisk": 0.47127983842376964,
          "effectiveUpProb": 0.6393479823864978,
          "frameState": "BULLISH",
          "monthlyBoxMonths": 13.0,
          "monthlyBoxPos": 0.8015337423312884,
          "monthlyBoxRangePct": 0.18816738816738818,
          "monthlyBoxState": "box_upper",
          "monthlyBoxWild": false,
          "monthlyBreakoutDownProb": 0.43101204244280067,
          "monthlyBreakoutUpProb": 0.6393479823864978,
          "monthlyRangePos": 0.7976227713481389,
          "monthlyRangeProb": 0.5673313474554338,
          "monthlyRangeWidth": 0.1553072625698324,
          "monthlyRegimeAligned": null,
          "weeklyBreakoutDownProb": 0.47127983842376964,
          "weeklyBreakoutUpProb": 0.6249810721683512,
          "weeklyRangeProb": 0.637271122514399,
          "weeklyRegimeAligned": null
        },
        "frameState": "BULLISH",
        "revRisk": 0.47127983842376964,
        "ticker": "1001",
        "upProb": 0.6393479823864978
      }
    ]
  },
  "stage": {
    "goal20Reached": false,
    "goal30Reached": false,
    "stage2Active": false
  }
}