{
  "actions": [],
  "asOf": "2020-05-25",
  "checks": {
    "exposureOk": true,
    "lossLimitOk": true,
    "maxHoldingsOk": true,
    "noFutureLeakOk": true,
    "unitRuleOk": true
  },
  "mode": "BACKTEST",
  "policyVersion": "toredex.v8",
  "seasonId": "toredex_multiframe_20260318",
  "signals": {
    "buy": [
      {
        "frameSignals": {
          "effectiveRevRisk": 0.5700798661994907,
          "effectiveUpProb": 0.45491857587691004,
          "frameState": "BEARISH",
          "monthlyBoxMonths": 4.0,
          "monthlyBoxPos": 0.4674329501915709,
          "monthlyBoxRangePct": 0.17938144329896907,
          "monthlyBoxState": "box_mid",
          "monthlyBoxWild": true,
          "monthlyBreakoutDownProb": 0.5700798661994907,
          "monthlyBreakoutUpProb": 0.45491857587691004,
          "monthlyRangePos": 0.33548387096774196,
          "monthlyRangeProb": 0.6337014254498379,
          "monthlyRangeWidth": 0.17386427369601795,
          "monthlyRegimeAligned": null,
          "weeklyBreakoutDownProb": 0.3916934073074424,
          "weeklyBreakoutUpProb": 0.38744239516169343,
          "weeklyRangeProb": 0.5993292347678313,
          "weeklyRegimeAligned": null
        },
        "frameState": "BEARISH",
        "revRisk": 0.5700798661994907,
        "ticker": "1306",
        "upProb": 0.45491857587691004
      },
      {
        "frameSignals": {
          "effectiveRevRisk": 0.5678415546986726,
          "effectiveUpProb": 0.4519251559848463,
          "frameState": "BEARISH",
          "monthlyBoxMonths": 4.0,
          "monthlyBoxPos": 0.4671814671814672,
          "monthlyBoxRangePct": 0.17998610145934676,
          "monthlyBoxState": "box_mid",
          "monthlyBoxWild": true,
          "monthlyBreakoutDownProb": 0.5678415546986726,
          "monthlyBreakoutUpProb": 0.4519251559848463,
          "monthlyRangePos": 0.33440514469453375,
          "monthlyRangeProb": 0.6298548394173439,
          "monthlyRangeWidth": 0.17600452744765138,
          "monthlyRegimeAligned": null,
          "weeklyBreakoutDownProb": 0.3946915352521493,
          "weeklyBreakoutUpProb": 0.38963998886039675,
          "weeklyRangeProb": 0.6015988996747519,
          "weeklyRegimeAligned": null
        },
        "frameState": "BEARISH",
        "revRisk": 0.5678415546986726,
        "ticker": "1308",
        "upProb": 0.4519251559848463
      },
      {
        "frameSignals": {
          "effectiveRevRisk": 0.5204405924715217,
          "effectiveUpProb": 0.4398645215704877,
          "frameState": "BEARISH",
          "monthlyBoxMonths": 3.0,
          "monthlyBoxPos": 0.9500693481276006,
          "monthlyBoxRangePct": 0.11575511077812266,
          "monthlyBoxState": "box_upper",
          "monthlyBoxWild": true,
          "monthlyBreakoutDownProb": 0.5204405924715217,
          "monthlyBreakoutUpProb": 0.4398645215704877,
          "monthlyRangePos": 0.3848913272842372,
          "monthlyRangeProb": 0.6300587692146988,
          "monthlyRangeWidth": 0.20032972607372337,
          "monthlyRegimeAligned": null,
          "weeklyBreakoutDownProb": 0.3399898891835462,
          "weeklyBreakoutUpProb": 0.3485424329143514,
          "weeklyRangeProb": 0.541489282963407,
          "weeklyRegimeAligned": null
        },
        "frameState": "BEARISH",
        "revRisk": 0.5204405924715217,
        "ticker": "1001",
        "upProb": 0.4398645215704877
      }
    ],
    "sell": [
      {
        "frameSignals": {
          "effectiveRevRisk": 0.5678415546986726,
          "effectiveUpProb": 0.4519251559848463,
          "frameState": "BEARISH",
          "monthlyBoxMonths": 4.0,
          "monthlyBoxPos": 0.4671814671814672,
          "monthlyBoxRangePct": 0.17998610145934676,
          "monthlyBoxState": "box_mid",
          "monthlyBoxWild": true,
          "monthlyBreakoutDownProb": 0.5678415546986726,
          "monthlyBreakoutUpProb": 0.4519251559848463,
          "monthlyRangePos": 0.33440514469453375,
          "monthlyRangeProb": 0.6298548394173439,
          "monthlyRangeWidth": 0.17600452744765138,
          "monthlyRegimeAligned": null,
          "weeklyBreakoutDownProb": 0.3946915352521493,
          "weeklyBreakoutUpProb": 0.38963998886039675,
          "weeklyRangeProb": 0.6015988996747519,
          "weeklyRegimeAligned": null
        },
        "frameState": "BEARISH",
        "revRisk": 0.5678415546986726,
        "ticker": "1308",
        "upProb": 0.4519251559848463
      },
      {
        "frameSignals": {
          "effectiveRevRisk": 0.5700798661994907,
          "effectiveUpProb": 0.45491857587691004,
          "frameState": "BEARISH",
          "monthlyBoxMonths": 4.0,
          "monthlyBoxPos": 0.4674329501915709,
          "monthlyBoxRangePct": 0.17938144329896907,
          "monthlyBoxState": "box_mid",
          "monthlyBoxWild": true,
          "monthlyBreakoutDownProb": 0.5700798661994907,
          "monthlyBreakoutUpProb": 0.45491857587691004,
          "monthlyRangePos": 0.33548387096774196,
          "monthlyRangeProb": 0.6337014254498379,
          "monthlyRangeWidth": 0.17386427369601795,
          "monthlyRegimeAligned": null,
          "weeklyBreakoutDownProb": 0.3916934073074424,
          "weeklyBreakoutUpProb": 0.38744239516169343,
          "weeklyRangeProb": 0.5993292347678313,
          "weeklyRegimeAligned": null
        },
        "frameState": "BEARISH",
        "revRisk": 0.5700798661994907,
        "ticker": "1306",
        "upProb": 0.45491857587691004
      },
      {
        "frameSignals": {
          "effectiveRevRisk": 0.5204405924715217,
          "effectiveUpProb": 0.4398645215704877,
          "frameState": "BEARISH",
          "monthlyBoxMonths": 3.0,
          "monthlyBoxPos": 0.9500693481276006,
          "monthlyBoxRangePct": 0.11575511077812266,
          "monthlyBoxState": "box_upper",
          "monthlyBoxWild": true,
          "monthlyBreakoutDownProb": 0.5204405924715217,
          "monthlyBreakoutUpProb": 0.4398645215704877,
          "monthlyRangePos": 0.3848913272842372,
          "monthlyRangeProb": 0.6300587692146988,
          "monthlyRangeWidth": 0.20032972607372337,
          "monthlyRegimeAligned": null,
          "weeklyBreakoutDownProb": 0.3399898891835462,
          "weeklyBreakoutUpProb": 0.3485424329143514,
          "weeklyRangeProb": 0.541489282963407,
          "weeklyRegimeAligned": null
        },
        "frameState": "BEARISH",
        "revRisk": 0.5204405924715217,
        "ticker": "1001",
        "upProb": 0.4398645215704877
      }
    ]
  },
  "stage": {
    "goal20Reached": false,
    "goal30Reached": false,
    "stage2Active": false
  }
}