{
  "asOf": "2025-11-06",
  "cash": 8393472.932408,
  "cum_pnl": 393472.932408,
  "cum_return_pct": 3.934729,
  "daily_pnl": -1821109.123435,
  "equity": 10393472.932408,
  "game_over": false,
  "goal20_reached": false,
  "goal30_reached": false,
  "holdings_count": 1,
  "max_drawdown_pct": -14.909304,
  "season_id": "tradex_demo_202511_v5"
}