{
  "actions": [],
  "asOf": "2019-12-05",
  "checks": {
    "exposureOk": true,
    "lossLimitOk": true,
    "maxHoldingsOk": true,
    "noFutureLeakOk": true,
    "unitRuleOk": true
  },
  "mode": "BACKTEST",
  "policyVersion": "toredex.v8",
  "seasonId": "toredex_multiframe_20260318",
  "signals": {
    "buy": [
      {
        "frameSignals": {
          "effectiveRevRisk": 0.4030239099859353,
          "effectiveUpProb": 0.7638121723564761,
          "frameState": "BULLISH",
          "monthlyBoxMonths": 14.0,
          "monthlyBoxPos": 1.0,
          "monthlyBoxRangePct": 0.17730020147750167,
          "monthlyBoxState": "box_upper",
          "monthlyBoxWild": false,
          "monthlyBreakoutDownProb": 0.4030239099859353,
          "monthlyBreakoutUpProb": 0.7638121723564761,
          "monthlyRangePos": 1.0,
          "monthlyRangeProb": 0.4331479350466692,
          "monthlyRangeWidth": 0.12025316455696203,
          "monthlyRegimeAligned": null,
          "weeklyBreakoutDownProb": 0.392660679869088,
          "weeklyBreakoutUpProb": 0.7277670628478115,
          "weeklyRangeProb": 0.4701463740812626,
          "weeklyRegimeAligned": null
        },
        "frameState": "BULLISH",
        "revRisk": 0.4030239099859353,
        "ticker": "1308",
        "upProb": 0.7638121723564761
      },
      {
        "frameSignals": {
          "effectiveRevRisk": 0.403917662682603,
          "effectiveUpProb": 0.7645892619996206,
          "frameState": "BULLISH",
          "monthlyBoxMonths": 14.0,
          "monthlyBoxPos": 1.0,
          "monthlyBoxRangePct": 0.17584605175846052,
          "monthlyBoxState": "box_upper",
          "monthlyBoxWild": false,
          "monthlyBreakoutDownProb": 0.403917662682603,
          "monthlyBreakoutUpProb": 0.7645892619996206,
          "monthlyRangePos": 1.0,
          "monthlyRangeProb": 0.43467084044773285,
          "monthlyRangeWidth": 0.11952191235059761,
          "monthlyRegimeAligned": null,
          "weeklyBreakoutDownProb": 0.39391959561602424,
          "weeklyBreakoutUpProb": 0.7235029289493575,
          "weeklyRangeProb": 0.47389361300075594,
          "weeklyRegimeAligned": null
        },
        "frameState": "BULLISH",
        "revRisk": 0.403917662682603,
        "ticker": "1306",
        "upProb": 0.7645892619996206
      },
      {
        "frameSignals": {
          "effectiveRevRisk": 0.4061925196174028,
          "effectiveUpProb": 0.7331181839295455,
          "frameState": "BULLISH",
          "monthlyBoxMonths": 14.0,
          "monthlyBoxPos": 0.976426466648808,
          "monthlyBoxRangePct": 0.18992622742304757,
          "monthlyBoxState": "box_upper",
          "monthlyBoxWild": false,
          "monthlyBreakoutDownProb": 0.3779454485610842,
          "monthlyBreakoutUpProb": 0.7283210978977948,
          "monthlyRangePos": 1.0,
          "monthlyRangeProb": 0.4451602054980753,
          "monthlyRangeWidth": 0.14077190572274934,
          "monthlyRegimeAligned": null,
          "weeklyBreakoutDownProb": 0.4061925196174028,
          "weeklyBreakoutUpProb": 0.7331181839295455,
          "weeklyRangeProb": 0.48948520596559947,
          "weeklyRegimeAligned": null
        },
        "frameState": "BULLISH",
        "revRisk": 0.4061925196174028,
        "ticker": "1001",
        "upProb": 0.7331181839295455
      }
    ],
    "sell": [
      {
        "frameSignals": {
          "effectiveRevRisk": 0.4061925196174028,
          "effectiveUpProb": 0.7331181839295455,
          "frameState": "BULLISH",
          "monthlyBoxMonths": 14.0,
          "monthlyBoxPos": 0.976426466648808,
          "monthlyBoxRangePct": 0.18992622742304757,
          "monthlyBoxState": "box_upper",
          "monthlyBoxWild": false,
          "monthlyBreakoutDownProb": 0.3779454485610842,
          "monthlyBreakoutUpProb": 0.7283210978977948,
          "monthlyRangePos": 1.0,
          "monthlyRangeProb": 0.4451602054980753,
          "monthlyRangeWidth": 0.14077190572274934,
          "monthlyRegimeAligned": null,
          "weeklyBreakoutDownProb": 0.4061925196174028,
          "weeklyBreakoutUpProb": 0.7331181839295455,
          "weeklyRangeProb": 0.48948520596559947,
          "weeklyRegimeAligned": null
        },
        "frameState": "BULLISH",
        "revRisk": 0.4061925196174028,
        "ticker": "1001",
        "upProb": 0.7331181839295455
      },
      {
        "frameSignals": {
          "effectiveRevRisk": 0.403917662682603,
          "effectiveUpProb": 0.7645892619996206,
          "frameState": "BULLISH",
          "monthlyBoxMonths": 14.0,
          "monthlyBoxPos": 1.0,
          "monthlyBoxRangePct": 0.17584605175846052,
          "monthlyBoxState": "box_upper",
          "monthlyBoxWild": false,
          "monthlyBreakoutDownProb": 0.403917662682603,
          "monthlyBreakoutUpProb": 0.7645892619996206,
          "monthlyRangePos": 1.0,
          "monthlyRangeProb": 0.43467084044773285,
          "monthlyRangeWidth": 0.11952191235059761,
          "monthlyRegimeAligned": null,
          "weeklyBreakoutDownProb": 0.39391959561602424,
          "weeklyBreakoutUpProb": 0.7235029289493575,
          "weeklyRangeProb": 0.47389361300075594,
          "weeklyRegimeAligned": null
        },
        "frameState": "BULLISH",
        "revRisk": 0.403917662682603,
        "ticker": "1306",
        "upProb": 0.7645892619996206
      },
      {
        "frameSignals": {
          "effectiveRevRisk": 0.4030239099859353,
          "effectiveUpProb": 0.7638121723564761,
          "frameState": "BULLISH",
          "monthlyBoxMonths": 14.0,
          "monthlyBoxPos": 1.0,
          "monthlyBoxRangePct": 0.17730020147750167,
          "monthlyBoxState": "box_upper",
          "monthlyBoxWild": false,
          "monthlyBreakoutDownProb": 0.4030239099859353,
          "monthlyBreakoutUpProb": 0.7638121723564761,
          "monthlyRangePos": 1.0,
          "monthlyRangeProb": 0.4331479350466692,
          "monthlyRangeWidth": 0.12025316455696203,
          "monthlyRegimeAligned": null,
          "weeklyBreakoutDownProb": 0.392660679869088,
          "weeklyBreakoutUpProb": 0.7277670628478115,
          "weeklyRangeProb": 0.4701463740812626,
          "weeklyRegimeAligned": null
        },
        "frameState": "BULLISH",
        "revRisk": 0.4030239099859353,
        "ticker": "1308",
        "upProb": 0.7638121723564761
      }
    ]
  },
  "stage": {
    "goal20Reached": false,
    "goal30Reached": false,
    "stage2Active": false
  }
}