{
  "actions": [],
  "asOf": "2022-07-13",
  "checks": {
    "exposureOk": true,
    "lossLimitOk": true,
    "maxHoldingsOk": true,
    "noFutureLeakOk": true,
    "unitRuleOk": true
  },
  "mode": "BACKTEST",
  "policyVersion": "toredex.v8",
  "seasonId": "toredex_multiframe_20260318",
  "signals": {
    "buy": [
      {
        "frameSignals": {
          "effectiveRevRisk": 0.7633298155623742,
          "effectiveUpProb": 0.5790765832465483,
          "frameState": "BEARISH",
          "monthlyBoxMonths": 14.0,
          "monthlyBoxPos": 0.02778685845047401,
          "monthlyBoxRangePct": 0.11590194369719244,
          "monthlyBoxState": "box_lower",
          "monthlyBoxWild": false,
          "monthlyBreakoutDownProb": 0.7633298155623742,
          "monthlyBreakoutUpProb": 0.4327806164777061,
          "monthlyRangePos": 0.02778685845047401,
          "monthlyRangeProb": 0.5194251471208339,
          "monthlyRangeWidth": 0.1038639141654217,
          "monthlyRegimeAligned": null,
          "weeklyBreakoutDownProb": 0.6115338982783529,
          "weeklyBreakoutUpProb": 0.5790765832465483,
          "weeklyRangeProb": 0.814267060414728,
          "weeklyRegimeAligned": null
        },
        "frameState": "BEARISH",
        "revRisk": 0.7633298155623742,
        "ticker": "1001",
        "upProb": 0.5790765832465483
      },
      {
        "frameSignals": {
          "effectiveRevRisk": 0.8248651239797338,
          "effectiveUpProb": 0.5787229436373558,
          "frameState": "BEARISH",
          "monthlyBoxMonths": 14.0,
          "monthlyBoxPos": 0.0,
          "monthlyBoxRangePct": 0.08788351534061363,
          "monthlyBoxState": "box_lower",
          "monthlyBoxWild": false,
          "monthlyBreakoutDownProb": 0.8248651239797338,
          "monthlyBreakoutUpProb": 0.46391151573231115,
          "monthlyRangePos": 0.0,
          "monthlyRangeProb": 0.5044446310575861,
          "monthlyRangeWidth": 0.07043603258265453,
          "monthlyRegimeAligned": null,
          "weeklyBreakoutDownProb": 0.6483465995513343,
          "weeklyBreakoutUpProb": 0.5787229436373558,
          "weeklyRangeProb": 0.798644710515702,
          "weeklyRegimeAligned": null
        },
        "frameState": "BEARISH",
        "revRisk": 0.8248651239797338,
        "ticker": "1308",
        "upProb": 0.5787229436373558
      },
      {
        "frameSignals": {
          "effectiveRevRisk": 0.8198662892836229,
          "effectiveUpProb": 0.5672292221594717,
          "frameState": "BEARISH",
          "monthlyBoxMonths": 14.0,
          "monthlyBoxPos": 0.0,
          "monthlyBoxRangePct": 0.086198050282196,
          "monthlyBoxState": "box_lower",
          "monthlyBoxWild": false,
          "monthlyBreakoutDownProb": 0.8198662892836229,
          "monthlyBreakoutUpProb": 0.4615839243498818,
          "monthlyRangePos": 0.0,
          "monthlyRangeProb": 0.5123788144967142,
          "monthlyRangeWidth": 0.07234042553191489,
          "monthlyRegimeAligned": null,
          "weeklyBreakoutDownProb": 0.6620013401219381,
          "weeklyBreakoutUpProb": 0.5672292221594717,
          "weeklyRangeProb": 0.7747732142947301,
          "weeklyRegimeAligned": null
        },
        "frameState": "BEARISH",
        "revRisk": 0.8198662892836229,
        "ticker": "1306",
        "upProb": 0.5672292221594717
      }
    ],
    "sell": [
      {
        "frameSignals": {
          "effectiveRevRisk": 0.8198662892836229,
          "effectiveUpProb": 0.6620013401219381,
          "frameState": "BEARISH",
          "monthlyBoxMonths": 14.0,
          "monthlyBoxPos": 0.0,
          "monthlyBoxRangePct": 0.086198050282196,
          "monthlyBoxState": "box_lower",
          "monthlyBoxWild": false,
          "monthlyBreakoutDownProb": 0.8198662892836229,
          "monthlyBreakoutUpProb": 0.4615839243498818,
          "monthlyRangePos": 0.0,
          "monthlyRangeProb": 0.5123788144967142,
          "monthlyRangeWidth": 0.07234042553191489,
          "monthlyRegimeAligned": null,
          "weeklyBreakoutDownProb": 0.6620013401219381,
          "weeklyBreakoutUpProb": 0.5672292221594717,
          "weeklyRangeProb": 0.7747732142947301,
          "weeklyRegimeAligned": null
        },
        "frameState": "BEARISH",
        "revRisk": 0.8198662892836229,
        "ticker": "1306",
        "upProb": 0.6620013401219381
      },
      {
        "frameSignals": {
          "effectiveRevRisk": 0.8248651239797338,
          "effectiveUpProb": 0.6483465995513343,
          "frameState": "BEARISH",
          "monthlyBoxMonths": 14.0,
          "monthlyBoxPos": 0.0,
          "monthlyBoxRangePct": 0.08788351534061363,
          "monthlyBoxState": "box_lower",
          "monthlyBoxWild": false,
          "monthlyBreakoutDownProb": 0.8248651239797338,
          "monthlyBreakoutUpProb": 0.46391151573231115,
          "monthlyRangePos": 0.0,
          "monthlyRangeProb": 0.5044446310575861,
          "monthlyRangeWidth": 0.07043603258265453,
          "monthlyRegimeAligned": null,
          "weeklyBreakoutDownProb": 0.6483465995513343,
          "weeklyBreakoutUpProb": 0.5787229436373558,
          "weeklyRangeProb": 0.798644710515702,
          "weeklyRegimeAligned": null
        },
        "frameState": "BEARISH",
        "revRisk": 0.8248651239797338,
        "ticker": "1308",
        "upProb": 0.6483465995513343
      },
      {
        "frameSignals": {
          "effectiveRevRisk": 0.7633298155623742,
          "effectiveUpProb": 0.6115338982783529,
          "frameState": "BEARISH",
          "monthlyBoxMonths": 14.0,
          "monthlyBoxPos": 0.02778685845047401,
          "monthlyBoxRangePct": 0.11590194369719244,
          "monthlyBoxState": "box_lower",
          "monthlyBoxWild": false,
          "monthlyBreakoutDownProb": 0.7633298155623742,
          "monthlyBreakoutUpProb": 0.4327806164777061,
          "monthlyRangePos": 0.02778685845047401,
          "monthlyRangeProb": 0.5194251471208339,
          "monthlyRangeWidth": 0.1038639141654217,
          "monthlyRegimeAligned": null,
          "weeklyBreakoutDownProb": 0.6115338982783529,
          "weeklyBreakoutUpProb": 0.5790765832465483,
          "weeklyRangeProb": 0.814267060414728,
          "weeklyRegimeAligned": null
        },
        "frameState": "BEARISH",
        "revRisk": 0.7633298155623742,
        "ticker": "1001",
        "upProb": 0.6115338982783529
      }
    ]
  },
  "stage": {
    "goal20Reached": false,
    "goal30Reached": false,
    "stage2Active": false
  }
}