{
  "asOf": "2025-12-12",
  "cash": 24667261.48933,
  "cum_pnl": 14667261.48933,
  "cum_return_pct": 146.672615,
  "daily_pnl": 105675.146771,
  "equity": 24667261.48933,
  "game_over": false,
  "goal20_reached": true,
  "goal30_reached": true,
  "holdings_count": 0,
  "max_drawdown_pct": -6.512792,
  "season_id": "tradex_bt3y_v8_fast_baseline_20260217"
}