{
  "actions": [
    {
      "deltaUnits": -2,
      "reasonId": "X_EXIT_EV_DROP",
      "side": "SHORT",
      "ticker": "1001"
    }
  ],
  "asOf": "2018-10-23",
  "checks": {
    "exposureOk": true,
    "lossLimitOk": true,
    "maxHoldingsOk": true,
    "noFutureLeakOk": true,
    "unitRuleOk": true
  },
  "mode": "BACKTEST",
  "policyVersion": "toredex.v8",
  "seasonId": "toredex_multiframe_20260318",
  "signals": {
    "buy": [
      {
        "frameSignals": {
          "effectiveRevRisk": 0.6919136984356649,
          "effectiveUpProb": 0.5434953907168307,
          "frameState": "BEARISH",
          "monthlyBoxMonths": 13.0,
          "monthlyBoxPos": 0.4267161410018553,
          "monthlyBoxRangePct": 0.18495098039215685,
          "monthlyBoxState": "box_mid",
          "monthlyBoxWild": false,
          "monthlyBreakoutDownProb": 0.6919136984356649,
          "monthlyBreakoutUpProb": 0.48790019505982085,
          "monthlyRangePos": 0.20855213803450862,
          "monthlyRangeProb": 0.6363310700533066,
          "monthlyRangeWidth": 0.11053067993366501,
          "monthlyRegimeAligned": null,
          "weeklyBreakoutDownProb": 0.6701677749363847,
          "weeklyBreakoutUpProb": 0.5434953907168307,
          "weeklyRangeProb": 0.7336740318482551,
          "weeklyRegimeAligned": null
        },
        "frameState": "BEARISH",
        "revRisk": 0.6919136984356649,
        "ticker": "1001",
        "upProb": 0.5434953907168307
      },
      {
        "frameSignals": {
          "effectiveRevRisk": 0.8741928976329497,
          "effectiveUpProb": 0.503557641621024,
          "frameState": "BEARISH",
          "monthlyBoxMonths": 14.0,
          "monthlyBoxPos": 0.17551020408163265,
          "monthlyBoxRangePct": 0.1492082825822168,
          "monthlyBoxState": "box_lower",
          "monthlyBoxWild": false,
          "monthlyBreakoutDownProb": 0.8741928976329497,
          "monthlyBreakoutUpProb": 0.4736518953550454,
          "monthlyRangePos": 0.0,
          "monthlyRangeProb": 0.35760641267161813,
          "monthlyRangeWidth": 0.062466631073144686,
          "monthlyRegimeAligned": null,
          "weeklyBreakoutDownProb": 0.7502019369230374,
          "weeklyBreakoutUpProb": 0.503557641621024,
          "weeklyRangeProb": 0.637395455655841,
          "weeklyRegimeAligned": null
        },
        "frameState": "BEARISH",
        "revRisk": 0.8741928976329497,
        "ticker": "1308",
        "upProb": 0.503557641621024
      },
      {
        "frameSignals": {
          "effectiveRevRisk": 0.8758270553553882,
          "effectiveUpProb": 0.502616215673446,
          "frameState": "BEARISH",
          "monthlyBoxMonths": 14.0,
          "monthlyBoxPos": 0.1814516129032258,
          "monthlyBoxRangePct": 0.1496680748340374,
          "monthlyBoxState": "box_lower",
          "monthlyBoxWild": false,
          "monthlyBreakoutDownProb": 0.8758270553553882,
          "monthlyBreakoutUpProb": 0.4744186046511628,
          "monthlyRangePos": 0.0,
          "monthlyRangeProb": 0.3550427299526547,
          "monthlyRangeWidth": 0.06183932346723044,
          "monthlyRegimeAligned": null,
          "weeklyBreakoutDownProb": 0.7506294607065587,
          "weeklyBreakoutUpProb": 0.502616215673446,
          "weeklyRangeProb": 0.6357228364641628,
          "weeklyRegimeAligned": null
        },
        "frameState": "BEARISH",
        "revRisk": 0.8758270553553882,
        "ticker": "1306",
        "upProb": 0.502616215673446
      }
    ],
    "sell": [
      {
        "frameSignals": {
          "effectiveRevRisk": 0.8758270553553882,
          "effectiveUpProb": 0.7506294607065587,
          "frameState": "BEARISH",
          "monthlyBoxMonths": 14.0,
          "monthlyBoxPos": 0.1814516129032258,
          "monthlyBoxRangePct": 0.1496680748340374,
          "monthlyBoxState": "box_lower",
          "monthlyBoxWild": false,
          "monthlyBreakoutDownProb": 0.8758270553553882,
          "monthlyBreakoutUpProb": 0.4744186046511628,
          "monthlyRangePos": 0.0,
          "monthlyRangeProb": 0.3550427299526547,
          "monthlyRangeWidth": 0.06183932346723044,
          "monthlyRegimeAligned": null,
          "weeklyBreakoutDownProb": 0.7506294607065587,
          "weeklyBreakoutUpProb": 0.502616215673446,
          "weeklyRangeProb": 0.6357228364641628,
          "weeklyRegimeAligned": null
        },
        "frameState": "BEARISH",
        "revRisk": 0.8758270553553882,
        "ticker": "1306",
        "upProb": 0.7506294607065587
      },
      {
        "frameSignals": {
          "effectiveRevRisk": 0.8741928976329497,
          "effectiveUpProb": 0.7502019369230374,
          "frameState": "BEARISH",
          "monthlyBoxMonths": 14.0,
          "monthlyBoxPos": 0.17551020408163265,
          "monthlyBoxRangePct": 0.1492082825822168,
          "monthlyBoxState": "box_lower",
          "monthlyBoxWild": false,
          "monthlyBreakoutDownProb": 0.8741928976329497,
          "monthlyBreakoutUpProb": 0.4736518953550454,
          "monthlyRangePos": 0.0,
          "monthlyRangeProb": 0.35760641267161813,
          "monthlyRangeWidth": 0.062466631073144686,
          "monthlyRegimeAligned": null,
          "weeklyBreakoutDownProb": 0.7502019369230374,
          "weeklyBreakoutUpProb": 0.503557641621024,
          "weeklyRangeProb": 0.637395455655841,
          "weeklyRegimeAligned": null
        },
        "frameState": "BEARISH",
        "revRisk": 0.8741928976329497,
        "ticker": "1308",
        "upProb": 0.7502019369230374
      },
      {
        "frameSignals": {
          "effectiveRevRisk": 0.6919136984356649,
          "effectiveUpProb": 0.6701677749363847,
          "frameState": "BEARISH",
          "monthlyBoxMonths": 13.0,
          "monthlyBoxPos": 0.4267161410018553,
          "monthlyBoxRangePct": 0.18495098039215685,
          "monthlyBoxState": "box_mid",
          "monthlyBoxWild": false,
          "monthlyBreakoutDownProb": 0.6919136984356649,
          "monthlyBreakoutUpProb": 0.48790019505982085,
          "monthlyRangePos": 0.20855213803450862,
          "monthlyRangeProb": 0.6363310700533066,
          "monthlyRangeWidth": 0.11053067993366501,
          "monthlyRegimeAligned": null,
          "weeklyBreakoutDownProb": 0.6701677749363847,
          "weeklyBreakoutUpProb": 0.5434953907168307,
          "weeklyRangeProb": 0.7336740318482551,
          "weeklyRegimeAligned": null
        },
        "frameState": "BEARISH",
        "revRisk": 0.6919136984356649,
        "ticker": "1001",
        "upProb": 0.6701677749363847
      }
    ]
  },
  "stage": {
    "goal20Reached": false,
    "goal30Reached": false,
    "stage2Active": false
  }
}