{
  "actions": [],
  "asOf": "2024-12-26",
  "checks": {
    "exposureOk": true,
    "lossLimitOk": true,
    "maxHoldingsOk": true,
    "noFutureLeakOk": true,
    "unitRuleOk": true
  },
  "mode": "BACKTEST",
  "policyVersion": "toredex.v8",
  "seasonId": "toredex_multiframe_20260318",
  "signals": {
    "buy": [
      {
        "frameSignals": {
          "effectiveRevRisk": 0.4813501570036865,
          "effectiveUpProb": 0.7144887212774762,
          "frameState": "BULLISH",
          "monthlyBoxMonths": 11.0,
          "monthlyBoxPos": 0.7293777134587555,
          "monthlyBoxRangePct": 0.13040196263445933,
          "monthlyBoxState": "box_mid",
          "monthlyBoxWild": true,
          "monthlyBreakoutDownProb": 0.39407472985768777,
          "monthlyBreakoutUpProb": 0.649135458602627,
          "monthlyRangePos": 0.8643724696356275,
          "monthlyRangeProb": 0.5045634735270649,
          "monthlyRangeWidth": 0.1664140138116894,
          "monthlyRegimeAligned": null,
          "weeklyBreakoutDownProb": 0.4813501570036865,
          "weeklyBreakoutUpProb": 0.7144887212774762,
          "weeklyRangeProb": 0.6166753183468974,
          "weeklyRegimeAligned": null
        },
        "frameState": "BULLISH",
        "revRisk": 0.4813501570036865,
        "ticker": "1306",
        "upProb": 0.7144887212774762
      },
      {
        "frameSignals": {
          "effectiveRevRisk": 0.47789292352327845,
          "effectiveUpProb": 0.7139394351511854,
          "frameState": "BULLISH",
          "monthlyBoxMonths": 11.0,
          "monthlyBoxPos": 0.7280701754385965,
          "monthlyBoxRangePct": 0.13068398930072603,
          "monthlyBoxState": "box_mid",
          "monthlyBoxWild": true,
          "monthlyBreakoutDownProb": 0.39680495367338114,
          "monthlyBreakoutUpProb": 0.6431538380547199,
          "monthlyRangePos": 0.8519269776876268,
          "monthlyRangeProb": 0.5113540380034481,
          "monthlyRangeWidth": 0.16774413065668595,
          "monthlyRegimeAligned": null,
          "weeklyBreakoutDownProb": 0.47789292352327845,
          "weeklyBreakoutUpProb": 0.7139394351511854,
          "weeklyRangeProb": 0.6113998821342762,
          "weeklyRegimeAligned": null
        },
        "frameState": "BULLISH",
        "revRisk": 0.47789292352327845,
        "ticker": "1308",
        "upProb": 0.7139394351511854
      },
      {
        "frameSignals": {
          "effectiveRevRisk": 0.48476240983865015,
          "effectiveUpProb": 0.6703993790309899,
          "frameState": "BULLISH",
          "monthlyBoxMonths": 11.0,
          "monthlyBoxPos": 0.7675722294092281,
          "monthlyBoxRangePct": 0.12880471006443012,
          "monthlyBoxState": "box_upper",
          "monthlyBoxWild": true,
          "monthlyBreakoutDownProb": 0.38154345859342964,
          "monthlyBreakoutUpProb": 0.6503414310771372,
          "monthlyRangePos": 0.8839971035481535,
          "monthlyRangeProb": 0.4841340077761729,
          "monthlyRangeWidth": 0.17104709058931358,
          "monthlyRegimeAligned": null,
          "weeklyBreakoutDownProb": 0.48476240983865015,
          "weeklyBreakoutUpProb": 0.6703993790309899,
          "weeklyRangeProb": 0.6401404515033566,
          "weeklyRegimeAligned": null
        },
        "frameState": "BULLISH",
        "revRisk": 0.48476240983865015,
        "ticker": "1001",
        "upProb": 0.6703993790309899
      }
    ],
    "sell": [
      {
        "frameSignals": {
          "effectiveRevRisk": 0.48476240983865015,
          "effectiveUpProb": 0.6703993790309899,
          "frameState": "BULLISH",
          "monthlyBoxMonths": 11.0,
          "monthlyBoxPos": 0.7675722294092281,
          "monthlyBoxRangePct": 0.12880471006443012,
          "monthlyBoxState": "box_upper",
          "monthlyBoxWild": true,
          "monthlyBreakoutDownProb": 0.38154345859342964,
          "monthlyBreakoutUpProb": 0.6503414310771372,
          "monthlyRangePos": 0.8839971035481535,
          "monthlyRangeProb": 0.4841340077761729,
          "monthlyRangeWidth": 0.17104709058931358,
          "monthlyRegimeAligned": null,
          "weeklyBreakoutDownProb": 0.48476240983865015,
          "weeklyBreakoutUpProb": 0.6703993790309899,
          "weeklyRangeProb": 0.6401404515033566,
          "weeklyRegimeAligned": null
        },
        "frameState": "BULLISH",
        "revRisk": 0.48476240983865015,
        "ticker": "1001",
        "upProb": 0.6703993790309899
      },
      {
        "frameSignals": {
          "effectiveRevRisk": 0.47789292352327845,
          "effectiveUpProb": 0.7139394351511854,
          "frameState": "BULLISH",
          "monthlyBoxMonths": 11.0,
          "monthlyBoxPos": 0.7280701754385965,
          "monthlyBoxRangePct": 0.13068398930072603,
          "monthlyBoxState": "box_mid",
          "monthlyBoxWild": true,
          "monthlyBreakoutDownProb": 0.39680495367338114,
          "monthlyBreakoutUpProb": 0.6431538380547199,
          "monthlyRangePos": 0.8519269776876268,
          "monthlyRangeProb": 0.5113540380034481,
          "monthlyRangeWidth": 0.16774413065668595,
          "monthlyRegimeAligned": null,
          "weeklyBreakoutDownProb": 0.47789292352327845,
          "weeklyBreakoutUpProb": 0.7139394351511854,
          "weeklyRangeProb": 0.6113998821342762,
          "weeklyRegimeAligned": null
        },
        "frameState": "BULLISH",
        "revRisk": 0.47789292352327845,
        "ticker": "1308",
        "upProb": 0.7139394351511854
      },
      {
        "frameSignals": {
          "effectiveRevRisk": 0.4813501570036865,
          "effectiveUpProb": 0.7144887212774762,
          "frameState": "BULLISH",
          "monthlyBoxMonths": 11.0,
          "monthlyBoxPos": 0.7293777134587555,
          "monthlyBoxRangePct": 0.13040196263445933,
          "monthlyBoxState": "box_mid",
          "monthlyBoxWild": true,
          "monthlyBreakoutDownProb": 0.39407472985768777,
          "monthlyBreakoutUpProb": 0.649135458602627,
          "monthlyRangePos": 0.8643724696356275,
          "monthlyRangeProb": 0.5045634735270649,
          "monthlyRangeWidth": 0.1664140138116894,
          "monthlyRegimeAligned": null,
          "weeklyBreakoutDownProb": 0.4813501570036865,
          "weeklyBreakoutUpProb": 0.7144887212774762,
          "weeklyRangeProb": 0.6166753183468974,
          "weeklyRegimeAligned": null
        },
        "frameState": "BULLISH",
        "revRisk": 0.4813501570036865,
        "ticker": "1306",
        "upProb": 0.7144887212774762
      }
    ]
  },
  "stage": {
    "goal20Reached": false,
    "goal30Reached": false,
    "stage2Active": false
  }
}