{
  "asOf": "2025-10-31",
  "cash": 3530482.177864,
  "cum_pnl": -469517.822136,
  "cum_return_pct": -4.695178,
  "daily_pnl": -54372.294372,
  "equity": 9530482.177864,
  "game_over": false,
  "goal20_reached": false,
  "goal30_reached": false,
  "holdings_count": 3,
  "max_drawdown_pct": -4.912824,
  "season_id": "tradex_demo_202510_v4"
}