{
  "asOf": "2025-07-03",
  "cash": 16451035.398135,
  "cum_pnl": 10475665.940007,
  "cum_return_pct": 104.756659,
  "daily_pnl": 24630.541872,
  "equity": 20475665.940007,
  "game_over": false,
  "goal20_reached": true,
  "goal30_reached": true,
  "holdings_count": 2,
  "max_drawdown_pct": -6.512792,
  "season_id": "tradex_bt3y_v8_fast_baseline_20260217"
}