{
  "actions": [],
  "asOf": "2018-04-03",
  "checks": {
    "exposureOk": true,
    "lossLimitOk": true,
    "maxHoldingsOk": true,
    "noFutureLeakOk": true,
    "unitRuleOk": true
  },
  "mode": "BACKTEST",
  "policyVersion": "toredex.v8",
  "seasonId": "toredex_multiframe_20260318",
  "signals": {
    "buy": [
      {
        "frameSignals": {
          "effectiveRevRisk": 0.6456758947499688,
          "effectiveUpProb": 0.5650706794345646,
          "frameState": "BEARISH",
          "monthlyBoxMonths": 11.0,
          "monthlyBoxPos": 0.5232974910394266,
          "monthlyBoxRangePct": 0.17158671586715868,
          "monthlyBoxState": "box_mid",
          "monthlyBoxWild": false,
          "monthlyBreakoutDownProb": 0.4895804833561332,
          "monthlyBreakoutUpProb": 0.5650706794345646,
          "monthlyRangePos": 0.6078431372549019,
          "monthlyRangeProb": 0.6908945819342537,
          "monthlyRangeWidth": 0.16173361522198731,
          "monthlyRegimeAligned": null,
          "weeklyBreakoutDownProb": 0.6456758947499688,
          "weeklyBreakoutUpProb": 0.5138577129317871,
          "weeklyRangeProb": 0.6965425863574012,
          "weeklyRegimeAligned": null
        },
        "frameState": "BEARISH",
        "revRisk": 0.6456758947499688,
        "ticker": "1306",
        "upProb": 0.5650706794345646
      },
      {
        "frameSignals": {
          "effectiveRevRisk": 0.6523523327307974,
          "effectiveUpProb": 0.5650166260248362,
          "frameState": "BEARISH",
          "monthlyBoxMonths": 12.0,
          "monthlyBoxPos": 0.5764331210191083,
          "monthlyBoxRangePct": 0.19961856325492688,
          "monthlyBoxState": "box_mid",
          "monthlyBoxWild": false,
          "monthlyBreakoutDownProb": 0.49084444059437254,
          "monthlyBreakoutUpProb": 0.5650166260248362,
          "monthlyRangePos": 0.6059602649006622,
          "monthlyRangeProb": 0.6929275357536142,
          "monthlyRangeWidth": 0.1612386545648692,
          "monthlyRegimeAligned": null,
          "weeklyBreakoutDownProb": 0.6523523327307974,
          "weeklyBreakoutUpProb": 0.5071558261805791,
          "weeklyRangeProb": 0.6831492237155949,
          "weeklyRegimeAligned": null
        },
        "frameState": "BEARISH",
        "revRisk": 0.6523523327307974,
        "ticker": "1308",
        "upProb": 0.5650166260248362
      },
      {
        "frameSignals": {
          "effectiveRevRisk": 0.6443797723852405,
          "effectiveUpProb": 0.5315332477951171,
          "frameState": "BEARISH",
          "monthlyBoxMonths": 11.0,
          "monthlyBoxPos": 0.4534435261707989,
          "monthlyBoxRangePct": 0.18477043673012317,
          "monthlyBoxState": "box_mid",
          "monthlyBoxWild": false,
          "monthlyBreakoutDownProb": 0.5055209464112115,
          "monthlyBreakoutUpProb": 0.5315332477951171,
          "monthlyRangePos": 0.5371604305484367,
          "monthlyRangeProb": 0.729974267919834,
          "monthlyRangeWidth": 0.16893237509741102,
          "monthlyRegimeAligned": null,
          "weeklyBreakoutDownProb": 0.6443797723852405,
          "weeklyBreakoutUpProb": 0.4779899259421192,
          "weeklyRangeProb": 0.6400104298412277,
          "weeklyRegimeAligned": null
        },
        "frameState": "BEARISH",
        "revRisk": 0.6443797723852405,
        "ticker": "1001",
        "upProb": 0.5315332477951171
      }
    ],
    "sell": [
      {
        "frameSignals": {
          "effectiveRevRisk": 0.6523523327307974,
          "effectiveUpProb": 0.6523523327307974,
          "frameState": "BEARISH",
          "monthlyBoxMonths": 12.0,
          "monthlyBoxPos": 0.5764331210191083,
          "monthlyBoxRangePct": 0.19961856325492688,
          "monthlyBoxState": "box_mid",
          "monthlyBoxWild": false,
          "monthlyBreakoutDownProb": 0.49084444059437254,
          "monthlyBreakoutUpProb": 0.5650166260248362,
          "monthlyRangePos": 0.6059602649006622,
          "monthlyRangeProb": 0.6929275357536142,
          "monthlyRangeWidth": 0.1612386545648692,
          "monthlyRegimeAligned": null,
          "weeklyBreakoutDownProb": 0.6523523327307974,
          "weeklyBreakoutUpProb": 0.5071558261805791,
          "weeklyRangeProb": 0.6831492237155949,
          "weeklyRegimeAligned": null
        },
        "frameState": "BEARISH",
        "revRisk": 0.6523523327307974,
        "ticker": "1308",
        "upProb": 0.6523523327307974
      },
      {
        "frameSignals": {
          "effectiveRevRisk": 0.6456758947499688,
          "effectiveUpProb": 0.6456758947499688,
          "frameState": "BEARISH",
          "monthlyBoxMonths": 11.0,
          "monthlyBoxPos": 0.5232974910394266,
          "monthlyBoxRangePct": 0.17158671586715868,
          "monthlyBoxState": "box_mid",
          "monthlyBoxWild": false,
          "monthlyBreakoutDownProb": 0.4895804833561332,
          "monthlyBreakoutUpProb": 0.5650706794345646,
          "monthlyRangePos": 0.6078431372549019,
          "monthlyRangeProb": 0.6908945819342537,
          "monthlyRangeWidth": 0.16173361522198731,
          "monthlyRegimeAligned": null,
          "weeklyBreakoutDownProb": 0.6456758947499688,
          "weeklyBreakoutUpProb": 0.5138577129317871,
          "weeklyRangeProb": 0.6965425863574012,
          "weeklyRegimeAligned": null
        },
        "frameState": "BEARISH",
        "revRisk": 0.6456758947499688,
        "ticker": "1306",
        "upProb": 0.6456758947499688
      },
      {
        "frameSignals": {
          "effectiveRevRisk": 0.6443797723852405,
          "effectiveUpProb": 0.6443797723852405,
          "frameState": "BEARISH",
          "monthlyBoxMonths": 11.0,
          "monthlyBoxPos": 0.4534435261707989,
          "monthlyBoxRangePct": 0.18477043673012317,
          "monthlyBoxState": "box_mid",
          "monthlyBoxWild": false,
          "monthlyBreakoutDownProb": 0.5055209464112115,
          "monthlyBreakoutUpProb": 0.5315332477951171,
          "monthlyRangePos": 0.5371604305484367,
          "monthlyRangeProb": 0.729974267919834,
          "monthlyRangeWidth": 0.16893237509741102,
          "monthlyRegimeAligned": null,
          "weeklyBreakoutDownProb": 0.6443797723852405,
          "weeklyBreakoutUpProb": 0.4779899259421192,
          "weeklyRangeProb": 0.6400104298412277,
          "weeklyRegimeAligned": null
        },
        "frameState": "BEARISH",
        "revRisk": 0.6443797723852405,
        "ticker": "1001",
        "upProb": 0.6443797723852405
      }
    ]
  },
  "stage": {
    "goal20Reached": false,
    "goal30Reached": false,
    "stage2Active": false
  }
}