{
  "actions": [],
  "asOf": "2005-02-25",
  "checks": {
    "exposureOk": true,
    "lossLimitOk": true,
    "maxHoldingsOk": true,
    "noFutureLeakOk": true,
    "unitRuleOk": true
  },
  "mode": "BACKTEST",
  "policyVersion": "toredex.v8",
  "seasonId": "toredex_multiframe_20260318",
  "signals": {
    "buy": [
      {
        "frameSignals": {
          "effectiveRevRisk": 0.5023586692071381,
          "effectiveUpProb": 0.8044667538635648,
          "frameState": "BULLISH",
          "monthlyBoxMonths": 14.0,
          "monthlyBoxPos": 0.7712146422628952,
          "monthlyBoxRangePct": 0.11201192805889479,
          "monthlyBoxState": "box_upper",
          "monthlyBoxWild": false,
          "monthlyBreakoutDownProb": 0.5023586692071381,
          "monthlyBreakoutUpProb": 0.7235638210010663,
          "monthlyRangePos": 0.8160073597056118,
          "monthlyRangeProb": 0.646385410601829,
          "monthlyRangeWidth": 0.09166807218755271,
          "monthlyRegimeAligned": null,
          "weeklyBreakoutDownProb": 0.4560154264299364,
          "weeklyBreakoutUpProb": 0.8044667538635648,
          "weeklyRangeProb": 0.5395608700125314,
          "weeklyRegimeAligned": null
        },
        "frameState": "BULLISH",
        "revRisk": 0.5023586692071381,
        "ticker": "1001",
        "upProb": 0.8044667538635648
      },
      {
        "frameSignals": {
          "effectiveRevRisk": 0.5105042811225454,
          "effectiveUpProb": 0.811301044634378,
          "frameState": "BULLISH",
          "monthlyBoxMonths": 14.0,
          "monthlyBoxPos": 0.775,
          "monthlyBoxRangePct": 0.1523809523809524,
          "monthlyBoxState": "box_upper",
          "monthlyBoxWild": false,
          "monthlyBreakoutDownProb": 0.5105042811225454,
          "monthlyBreakoutUpProb": 0.6897725738054722,
          "monthlyRangePos": 0.7560975609756098,
          "monthlyRangeProb": 0.673168030683629,
          "monthlyRangeWidth": 0.10215946843853821,
          "monthlyRegimeAligned": null,
          "weeklyBreakoutDownProb": 0.45702754036087373,
          "weeklyBreakoutUpProb": 0.811301044634378,
          "weeklyRangeProb": 0.5230294396961063,
          "weeklyRegimeAligned": null
        },
        "frameState": "BULLISH",
        "revRisk": 0.5105042811225454,
        "ticker": "1308",
        "upProb": 0.811301044634378
      },
      {
        "frameSignals": {
          "effectiveRevRisk": 0.5151868860824085,
          "effectiveUpProb": 0.8096809213631644,
          "frameState": "BULLISH",
          "monthlyBoxMonths": 14.0,
          "monthlyBoxPos": 0.7861635220125787,
          "monthlyBoxRangePct": 0.150997150997151,
          "monthlyBoxState": "box_upper",
          "monthlyBoxWild": false,
          "monthlyBreakoutDownProb": 0.5151868860824085,
          "monthlyBreakoutUpProb": 0.697665518561041,
          "monthlyRangePos": 0.7606837606837606,
          "monthlyRangeProb": 0.6773886975379513,
          "monthlyRangeWidth": 0.09701492537313433,
          "monthlyRegimeAligned": null,
          "weeklyBreakoutDownProb": 0.45861889927310495,
          "weeklyBreakoutUpProb": 0.8096809213631644,
          "weeklyRangeProb": 0.5377560653261588,
          "weeklyRegimeAligned": null
        },
        "frameState": "BULLISH",
        "revRisk": 0.5151868860824085,
        "ticker": "1306",
        "upProb": 0.8096809213631644
      }
    ],
    "sell": [
      {
        "frameSignals": {
          "effectiveRevRisk": 0.5151868860824085,
          "effectiveUpProb": 0.8096809213631644,
          "frameState": "BULLISH",
          "monthlyBoxMonths": 14.0,
          "monthlyBoxPos": 0.7861635220125787,
          "monthlyBoxRangePct": 0.150997150997151,
          "monthlyBoxState": "box_upper",
          "monthlyBoxWild": false,
          "monthlyBreakoutDownProb": 0.5151868860824085,
          "monthlyBreakoutUpProb": 0.697665518561041,
          "monthlyRangePos": 0.7606837606837606,
          "monthlyRangeProb": 0.6773886975379513,
          "monthlyRangeWidth": 0.09701492537313433,
          "monthlyRegimeAligned": null,
          "weeklyBreakoutDownProb": 0.45861889927310495,
          "weeklyBreakoutUpProb": 0.8096809213631644,
          "weeklyRangeProb": 0.5377560653261588,
          "weeklyRegimeAligned": null
        },
        "frameState": "BULLISH",
        "revRisk": 0.5151868860824085,
        "ticker": "1306",
        "upProb": 0.8096809213631644
      },
      {
        "frameSignals": {
          "effectiveRevRisk": 0.5105042811225454,
          "effectiveUpProb": 0.811301044634378,
          "frameState": "BULLISH",
          "monthlyBoxMonths": 14.0,
          "monthlyBoxPos": 0.775,
          "monthlyBoxRangePct": 0.1523809523809524,
          "monthlyBoxState": "box_upper",
          "monthlyBoxWild": false,
          "monthlyBreakoutDownProb": 0.5105042811225454,
          "monthlyBreakoutUpProb": 0.6897725738054722,
          "monthlyRangePos": 0.7560975609756098,
          "monthlyRangeProb": 0.673168030683629,
          "monthlyRangeWidth": 0.10215946843853821,
          "monthlyRegimeAligned": null,
          "weeklyBreakoutDownProb": 0.45702754036087373,
          "weeklyBreakoutUpProb": 0.811301044634378,
          "weeklyRangeProb": 0.5230294396961063,
          "weeklyRegimeAligned": null
        },
        "frameState": "BULLISH",
        "revRisk": 0.5105042811225454,
        "ticker": "1308",
        "upProb": 0.811301044634378
      },
      {
        "frameSignals": {
          "effectiveRevRisk": 0.5023586692071381,
          "effectiveUpProb": 0.8044667538635648,
          "frameState": "BULLISH",
          "monthlyBoxMonths": 14.0,
          "monthlyBoxPos": 0.7712146422628952,
          "monthlyBoxRangePct": 0.11201192805889479,
          "monthlyBoxState": "box_upper",
          "monthlyBoxWild": false,
          "monthlyBreakoutDownProb": 0.5023586692071381,
          "monthlyBreakoutUpProb": 0.7235638210010663,
          "monthlyRangePos": 0.8160073597056118,
          "monthlyRangeProb": 0.646385410601829,
          "monthlyRangeWidth": 0.09166807218755271,
          "monthlyRegimeAligned": null,
          "weeklyBreakoutDownProb": 0.4560154264299364,
          "weeklyBreakoutUpProb": 0.8044667538635648,
          "weeklyRangeProb": 0.5395608700125314,
          "weeklyRegimeAligned": null
        },
        "frameState": "BULLISH",
        "revRisk": 0.5023586692071381,
        "ticker": "1001",
        "upProb": 0.8044667538635648
      }
    ]
  },
  "stage": {
    "goal20Reached": false,
    "goal30Reached": false,
    "stage2Active": false
  }
}