{
  "actions": [
    {
      "deltaUnits": 2,
      "reasonId": "E_NEW_TOP1_GATE_OK",
      "side": "SHORT",
      "ticker": "1001"
    }
  ],
  "asOf": "2012-05-29",
  "checks": {
    "exposureOk": true,
    "lossLimitOk": true,
    "maxHoldingsOk": true,
    "noFutureLeakOk": true,
    "unitRuleOk": true
  },
  "mode": "BACKTEST",
  "policyVersion": "toredex.v8",
  "seasonId": "toredex_multiframe_20260318",
  "signals": {
    "buy": [
      {
        "frameSignals": {
          "effectiveRevRisk": 0.6527828881479061,
          "effectiveUpProb": 0.39744632053116874,
          "frameState": "BEARISH",
          "monthlyBoxMonths": 5.0,
          "monthlyBoxPos": 0.06699751861042183,
          "monthlyBoxRangePct": 0.1885600655047374,
          "monthlyBoxState": "box_lower",
          "monthlyBoxWild": false,
          "monthlyBreakoutDownProb": 0.6527828881479061,
          "monthlyBreakoutUpProb": 0.39744632053116874,
          "monthlyRangePos": 0.13523347483323225,
          "monthlyRangeProb": 0.5084352375118069,
          "monthlyRangeWidth": 0.1635425964494694,
          "monthlyRegimeAligned": null,
          "weeklyBreakoutDownProb": 0.6519220917962261,
          "weeklyBreakoutUpProb": 0.37840282785143026,
          "weeklyRangeProb": 0.4784909158470011,
          "weeklyRegimeAligned": null
        },
        "frameState": "BEARISH",
        "revRisk": 0.6527828881479061,
        "ticker": "1001",
        "upProb": 0.39744632053116874
      },
      {
        "frameSignals": {
          "effectiveRevRisk": 0.7055555555555555,
          "effectiveUpProb": 0.3782828800315737,
          "frameState": "BEARISH",
          "monthlyBoxMonths": 13.0,
          "monthlyBoxPos": 0.0410958904109589,
          "monthlyBoxRangePct": 0.1972972972972973,
          "monthlyBoxState": "box_lower",
          "monthlyBoxWild": false,
          "monthlyBreakoutDownProb": 0.696939596449484,
          "monthlyBreakoutUpProb": 0.3782828800315737,
          "monthlyRangePos": 0.04477611940298507,
          "monthlyRangeProb": 0.45988383786635095,
          "monthlyRangeWidth": 0.15331807780320367,
          "monthlyRegimeAligned": null,
          "weeklyBreakoutDownProb": 0.7055555555555555,
          "weeklyBreakoutUpProb": 0.35555555555555557,
          "weeklyRangeProb": 0.4202020202020202,
          "weeklyRegimeAligned": null
        },
        "frameState": "BEARISH",
        "revRisk": 0.7055555555555555,
        "ticker": "1306",
        "upProb": 0.3782828800315737
      },
      {
        "frameSignals": {
          "effectiveRevRisk": 0.7042754736303123,
          "effectiveUpProb": 0.3790033100540353,
          "frameState": "BEARISH",
          "monthlyBoxMonths": 13.0,
          "monthlyBoxPos": 0.06993006993006994,
          "monthlyBoxRangePct": 0.19669876203576342,
          "monthlyBoxState": "box_lower",
          "monthlyBoxWild": false,
          "monthlyBreakoutDownProb": 0.6786435978238194,
          "monthlyBreakoutUpProb": 0.3790033100540353,
          "monthlyRangePos": 0.07194244604316546,
          "monthlyRangeProb": 0.46851470324894817,
          "monthlyRangeWidth": 0.1605080831408776,
          "monthlyRegimeAligned": null,
          "weeklyBreakoutDownProb": 0.7042754736303123,
          "weeklyBreakoutUpProb": 0.35427547363031237,
          "weeklyRangeProb": 0.418689196108551,
          "weeklyRegimeAligned": null
        },
        "frameState": "BEARISH",
        "revRisk": 0.7042754736303123,
        "ticker": "1308",
        "upProb": 0.3790033100540353
      }
    ],
    "sell": [
      {
        "frameSignals": {
          "effectiveRevRisk": 0.7055555555555555,
          "effectiveUpProb": 0.7055555555555555,
          "frameState": "BEARISH",
          "monthlyBoxMonths": 13.0,
          "monthlyBoxPos": 0.0410958904109589,
          "monthlyBoxRangePct": 0.1972972972972973,
          "monthlyBoxState": "box_lower",
          "monthlyBoxWild": false,
          "monthlyBreakoutDownProb": 0.696939596449484,
          "monthlyBreakoutUpProb": 0.3782828800315737,
          "monthlyRangePos": 0.04477611940298507,
          "monthlyRangeProb": 0.45988383786635095,
          "monthlyRangeWidth": 0.15331807780320367,
          "monthlyRegimeAligned": null,
          "weeklyBreakoutDownProb": 0.7055555555555555,
          "weeklyBreakoutUpProb": 0.35555555555555557,
          "weeklyRangeProb": 0.4202020202020202,
          "weeklyRegimeAligned": null
        },
        "frameState": "BEARISH",
        "revRisk": 0.7055555555555555,
        "ticker": "1306",
        "upProb": 0.7055555555555555
      },
      {
        "frameSignals": {
          "effectiveRevRisk": 0.7042754736303123,
          "effectiveUpProb": 0.7042754736303123,
          "frameState": "BEARISH",
          "monthlyBoxMonths": 13.0,
          "monthlyBoxPos": 0.06993006993006994,
          "monthlyBoxRangePct": 0.19669876203576342,
          "monthlyBoxState": "box_lower",
          "monthlyBoxWild": false,
          "monthlyBreakoutDownProb": 0.6786435978238194,
          "monthlyBreakoutUpProb": 0.3790033100540353,
          "monthlyRangePos": 0.07194244604316546,
          "monthlyRangeProb": 0.46851470324894817,
          "monthlyRangeWidth": 0.1605080831408776,
          "monthlyRegimeAligned": null,
          "weeklyBreakoutDownProb": 0.7042754736303123,
          "weeklyBreakoutUpProb": 0.35427547363031237,
          "weeklyRangeProb": 0.418689196108551,
          "weeklyRegimeAligned": null
        },
        "frameState": "BEARISH",
        "revRisk": 0.7042754736303123,
        "ticker": "1308",
        "upProb": 0.7042754736303123
      },
      {
        "frameSignals": {
          "effectiveRevRisk": 0.6527828881479061,
          "effectiveUpProb": 0.6519220917962261,
          "frameState": "BEARISH",
          "monthlyBoxMonths": 5.0,
          "monthlyBoxPos": 0.06699751861042183,
          "monthlyBoxRangePct": 0.1885600655047374,
          "monthlyBoxState": "box_lower",
          "monthlyBoxWild": false,
          "monthlyBreakoutDownProb": 0.6527828881479061,
          "monthlyBreakoutUpProb": 0.39744632053116874,
          "monthlyRangePos": 0.13523347483323225,
          "monthlyRangeProb": 0.5084352375118069,
          "monthlyRangeWidth": 0.1635425964494694,
          "monthlyRegimeAligned": null,
          "weeklyBreakoutDownProb": 0.6519220917962261,
          "weeklyBreakoutUpProb": 0.37840282785143026,
          "weeklyRangeProb": 0.4784909158470011,
          "weeklyRegimeAligned": null
        },
        "frameState": "BEARISH",
        "revRisk": 0.6527828881479061,
        "ticker": "1001",
        "upProb": 0.6519220917962261
      }
    ]
  },
  "stage": {
    "goal20Reached": false,
    "goal30Reached": false,
    "stage2Active": false
  }
}