{
  "actions": [],
  "asOf": "2023-03-31",
  "checks": {
    "exposureOk": true,
    "lossLimitOk": true,
    "maxHoldingsOk": true,
    "noFutureLeakOk": true,
    "unitRuleOk": true
  },
  "mode": "BACKTEST",
  "policyVersion": "toredex.v8",
  "seasonId": "toredex_multiframe_20260318",
  "signals": {
    "buy": [
      {
        "frameSignals": {
          "effectiveRevRisk": 0.46066737589509876,
          "effectiveUpProb": 0.8244257478632478,
          "frameState": "BULLISH",
          "monthlyBoxMonths": 14.0,
          "monthlyBoxPos": 1.0,
          "monthlyBoxRangePct": 0.11204408291786933,
          "monthlyBoxState": "box_upper",
          "monthlyBoxWild": false,
          "monthlyBreakoutDownProb": 0.45098824786324787,
          "monthlyBreakoutUpProb": 0.8244257478632478,
          "monthlyRangePos": 1.0,
          "monthlyRangeProb": 0.43923611111111116,
          "monthlyRangeWidth": 0.08100961538461539,
          "monthlyRegimeAligned": null,
          "weeklyBreakoutDownProb": 0.46066737589509876,
          "weeklyBreakoutUpProb": 0.802051991279714,
          "weeklyRangeProb": 0.5479495561277741,
          "weeklyRegimeAligned": null
        },
        "frameState": "BULLISH",
        "revRisk": 0.46066737589509876,
        "ticker": "1306",
        "upProb": 0.8244257478632478
      },
      {
        "frameSignals": {
          "effectiveRevRisk": 0.4596353876236998,
          "effectiveUpProb": 0.8226557013990169,
          "frameState": "BULLISH",
          "monthlyBoxMonths": 14.0,
          "monthlyBoxPos": 1.0,
          "monthlyBoxRangePct": 0.11238044633368757,
          "monthlyBoxState": "box_upper",
          "monthlyBoxWild": false,
          "monthlyBreakoutDownProb": 0.4504753416518123,
          "monthlyBreakoutUpProb": 0.8226557013990169,
          "monthlyRangePos": 1.0,
          "monthlyRangeProb": 0.4436585102360504,
          "monthlyRangeWidth": 0.08142926592124453,
          "monthlyRegimeAligned": null,
          "weeklyBreakoutDownProb": 0.4596353876236998,
          "weeklyBreakoutUpProb": 0.8030933315489335,
          "weeklyRangeProb": 0.545881753767686,
          "weeklyRegimeAligned": null
        },
        "frameState": "BULLISH",
        "revRisk": 0.4596353876236998,
        "ticker": "1308",
        "upProb": 0.8226557013990169
      },
      {
        "frameSignals": {
          "effectiveRevRisk": 0.48684227274334413,
          "effectiveUpProb": 0.7981563582635517,
          "frameState": "BULLISH",
          "monthlyBoxMonths": 14.0,
          "monthlyBoxPos": 0.9070140280561122,
          "monthlyBoxRangePct": 0.09678795872449375,
          "monthlyBoxState": "box_upper",
          "monthlyBoxWild": false,
          "monthlyBreakoutDownProb": 0.46440519763216825,
          "monthlyBreakoutUpProb": 0.7981563582635517,
          "monthlyRangePos": 0.9767873723305478,
          "monthlyRangeProb": 0.5554897587615419,
          "monthlyRangeWidth": 0.07667936349720551,
          "monthlyRegimeAligned": null,
          "weeklyBreakoutDownProb": 0.48684227274334413,
          "weeklyBreakoutUpProb": 0.7635089394100107,
          "weeklyRangeProb": 0.6053590496057704,
          "weeklyRegimeAligned": null
        },
        "frameState": "BULLISH",
        "revRisk": 0.48684227274334413,
        "ticker": "1001",
        "upProb": 0.7981563582635517
      }
    ],
    "sell": [
      {
        "frameSignals": {
          "effectiveRevRisk": 0.48684227274334413,
          "effectiveUpProb": 0.7981563582635517,
          "frameState": "BULLISH",
          "monthlyBoxMonths": 14.0,
          "monthlyBoxPos": 0.9070140280561122,
          "monthlyBoxRangePct": 0.09678795872449375,
          "monthlyBoxState": "box_upper",
          "monthlyBoxWild": false,
          "monthlyBreakoutDownProb": 0.46440519763216825,
          "monthlyBreakoutUpProb": 0.7981563582635517,
          "monthlyRangePos": 0.9767873723305478,
          "monthlyRangeProb": 0.5554897587615419,
          "monthlyRangeWidth": 0.07667936349720551,
          "monthlyRegimeAligned": null,
          "weeklyBreakoutDownProb": 0.48684227274334413,
          "weeklyBreakoutUpProb": 0.7635089394100107,
          "weeklyRangeProb": 0.6053590496057704,
          "weeklyRegimeAligned": null
        },
        "frameState": "BULLISH",
        "revRisk": 0.48684227274334413,
        "ticker": "1001",
        "upProb": 0.7981563582635517
      },
      {
        "frameSignals": {
          "effectiveRevRisk": 0.46066737589509876,
          "effectiveUpProb": 0.8244257478632478,
          "frameState": "BULLISH",
          "monthlyBoxMonths": 14.0,
          "monthlyBoxPos": 1.0,
          "monthlyBoxRangePct": 0.11204408291786933,
          "monthlyBoxState": "box_upper",
          "monthlyBoxWild": false,
          "monthlyBreakoutDownProb": 0.45098824786324787,
          "monthlyBreakoutUpProb": 0.8244257478632478,
          "monthlyRangePos": 1.0,
          "monthlyRangeProb": 0.43923611111111116,
          "monthlyRangeWidth": 0.08100961538461539,
          "monthlyRegimeAligned": null,
          "weeklyBreakoutDownProb": 0.46066737589509876,
          "weeklyBreakoutUpProb": 0.802051991279714,
          "weeklyRangeProb": 0.5479495561277741,
          "weeklyRegimeAligned": null
        },
        "frameState": "BULLISH",
        "revRisk": 0.46066737589509876,
        "ticker": "1306",
        "upProb": 0.8244257478632478
      },
      {
        "frameSignals": {
          "effectiveRevRisk": 0.4596353876236998,
          "effectiveUpProb": 0.8226557013990169,
          "frameState": "BULLISH",
          "monthlyBoxMonths": 14.0,
          "monthlyBoxPos": 1.0,
          "monthlyBoxRangePct": 0.11238044633368757,
          "monthlyBoxState": "box_upper",
          "monthlyBoxWild": false,
          "monthlyBreakoutDownProb": 0.4504753416518123,
          "monthlyBreakoutUpProb": 0.8226557013990169,
          "monthlyRangePos": 1.0,
          "monthlyRangeProb": 0.4436585102360504,
          "monthlyRangeWidth": 0.08142926592124453,
          "monthlyRegimeAligned": null,
          "weeklyBreakoutDownProb": 0.4596353876236998,
          "weeklyBreakoutUpProb": 0.8030933315489335,
          "weeklyRangeProb": 0.545881753767686,
          "weeklyRegimeAligned": null
        },
        "frameState": "BULLISH",
        "revRisk": 0.4596353876236998,
        "ticker": "1308",
        "upProb": 0.8226557013990169
      }
    ]
  },
  "stage": {
    "goal20Reached": false,
    "goal30Reached": false,
    "stage2Active": false
  }
}