{
  "actions": [
    {
      "deltaUnits": 2,
      "reasonId": "E_NEW_TOP1_GATE_OK",
      "side": "LONG",
      "ticker": "1001"
    }
  ],
  "asOf": "2016-07-15",
  "checks": {
    "exposureOk": true,
    "lossLimitOk": true,
    "maxHoldingsOk": true,
    "noFutureLeakOk": true,
    "unitRuleOk": true
  },
  "mode": "BACKTEST",
  "policyVersion": "toredex.v8",
  "seasonId": "toredex_multiframe_20260318",
  "signals": {
    "buy": [
      {
        "frameSignals": {
          "effectiveRevRisk": 0.5381230301117464,
          "effectiveUpProb": 0.5741587670221748,
          "frameState": "MIXED",
          "monthlyBoxMonths": 6.0,
          "monthlyBoxPos": 0.4340866290018832,
          "monthlyBoxRangePct": 0.13637239165329054,
          "monthlyBoxState": "box_mid",
          "monthlyBoxWild": false,
          "monthlyBreakoutDownProb": 0.5381230301117464,
          "monthlyBreakoutUpProb": 0.31694538540116757,
          "monthlyRangePos": 0.18403193612774452,
          "monthlyRangeProb": 0.4272718735470521,
          "monthlyRangeWidth": 0.24338110274471703,
          "monthlyRegimeAligned": null,
          "weeklyBreakoutDownProb": 0.51137250748019,
          "weeklyBreakoutUpProb": 0.5741587670221748,
          "weeklyRangeProb": 0.7218458572094126,
          "weeklyRegimeAligned": null
        },
        "frameState": "MIXED",
        "revRisk": 0.5381230301117464,
        "ticker": "1001",
        "upProb": 0.5741587670221748
      },
      {
        "frameSignals": {
          "effectiveRevRisk": 0.5766335768594426,
          "effectiveUpProb": 0.528715860899067,
          "frameState": "MIXED",
          "monthlyBoxMonths": 6.0,
          "monthlyBoxPos": 0.21890547263681592,
          "monthlyBoxRangePct": 0.15690866510538642,
          "monthlyBoxState": "box_lower",
          "monthlyBoxWild": false,
          "monthlyBreakoutDownProb": 0.5766335768594426,
          "monthlyBreakoutUpProb": 0.30622014016693627,
          "monthlyRangePos": 0.11369509043927649,
          "monthlyRangeProb": 0.39445466882308106,
          "monthlyRangeWidth": 0.23201438848920863,
          "monthlyRegimeAligned": null,
          "weeklyBreakoutDownProb": 0.5396047497879559,
          "weeklyBreakoutUpProb": 0.528715860899067,
          "weeklyRangeProb": 0.7635732901534428,
          "weeklyRegimeAligned": null
        },
        "frameState": "MIXED",
        "revRisk": 0.5766335768594426,
        "ticker": "1308",
        "upProb": 0.528715860899067
      },
      {
        "frameSignals": {
          "effectiveRevRisk": 0.5793910129750379,
          "effectiveUpProb": 0.522931259719031,
          "frameState": "MIXED",
          "monthlyBoxMonths": 6.0,
          "monthlyBoxPos": 0.20297029702970298,
          "monthlyBoxRangePct": 0.155984555984556,
          "monthlyBoxState": "box_lower",
          "monthlyBoxWild": false,
          "monthlyBreakoutDownProb": 0.5793910129750379,
          "monthlyBreakoutUpProb": 0.30260529868932357,
          "monthlyRangePos": 0.10459183673469388,
          "monthlyRangeProb": 0.3875757426068629,
          "monthlyRangeWidth": 0.23236514522821577,
          "monthlyRegimeAligned": null,
          "weeklyBreakoutDownProb": 0.5411921292842483,
          "weeklyBreakoutUpProb": 0.522931259719031,
          "weeklyRangeProb": 0.7537211330276294,
          "weeklyRegimeAligned": null
        },
        "frameState": "MIXED",
        "revRisk": 0.5793910129750379,
        "ticker": "1306",
        "upProb": 0.522931259719031
      }
    ],
    "sell": [
      {
        "frameSignals": {
          "effectiveRevRisk": 0.5793910129750379,
          "effectiveUpProb": 0.5411921292842483,
          "frameState": "MIXED",
          "monthlyBoxMonths": 6.0,
          "monthlyBoxPos": 0.20297029702970298,
          "monthlyBoxRangePct": 0.155984555984556,
          "monthlyBoxState": "box_lower",
          "monthlyBoxWild": false,
          "monthlyBreakoutDownProb": 0.5793910129750379,
          "monthlyBreakoutUpProb": 0.30260529868932357,
          "monthlyRangePos": 0.10459183673469388,
          "monthlyRangeProb": 0.3875757426068629,
          "monthlyRangeWidth": 0.23236514522821577,
          "monthlyRegimeAligned": null,
          "weeklyBreakoutDownProb": 0.5411921292842483,
          "weeklyBreakoutUpProb": 0.522931259719031,
          "weeklyRangeProb": 0.7537211330276294,
          "weeklyRegimeAligned": null
        },
        "frameState": "MIXED",
        "revRisk": 0.5793910129750379,
        "ticker": "1306",
        "upProb": 0.5411921292842483
      },
      {
        "frameSignals": {
          "effectiveRevRisk": 0.5766335768594426,
          "effectiveUpProb": 0.5396047497879559,
          "frameState": "MIXED",
          "monthlyBoxMonths": 6.0,
          "monthlyBoxPos": 0.21890547263681592,
          "monthlyBoxRangePct": 0.15690866510538642,
          "monthlyBoxState": "box_lower",
          "monthlyBoxWild": false,
          "monthlyBreakoutDownProb": 0.5766335768594426,
          "monthlyBreakoutUpProb": 0.30622014016693627,
          "monthlyRangePos": 0.11369509043927649,
          "monthlyRangeProb": 0.39445466882308106,
          "monthlyRangeWidth": 0.23201438848920863,
          "monthlyRegimeAligned": null,
          "weeklyBreakoutDownProb": 0.5396047497879559,
          "weeklyBreakoutUpProb": 0.528715860899067,
          "weeklyRangeProb": 0.7635732901534428,
          "weeklyRegimeAligned": null
        },
        "frameState": "MIXED",
        "revRisk": 0.5766335768594426,
        "ticker": "1308",
        "upProb": 0.5396047497879559
      },
      {
        "frameSignals": {
          "effectiveRevRisk": 0.5381230301117464,
          "effectiveUpProb": 0.5741587670221748,
          "frameState": "MIXED",
          "monthlyBoxMonths": 6.0,
          "monthlyBoxPos": 0.4340866290018832,
          "monthlyBoxRangePct": 0.13637239165329054,
          "monthlyBoxState": "box_mid",
          "monthlyBoxWild": false,
          "monthlyBreakoutDownProb": 0.5381230301117464,
          "monthlyBreakoutUpProb": 0.31694538540116757,
          "monthlyRangePos": 0.18403193612774452,
          "monthlyRangeProb": 0.4272718735470521,
          "monthlyRangeWidth": 0.24338110274471703,
          "monthlyRegimeAligned": null,
          "weeklyBreakoutDownProb": 0.51137250748019,
          "weeklyBreakoutUpProb": 0.5741587670221748,
          "weeklyRangeProb": 0.7218458572094126,
          "weeklyRegimeAligned": null
        },
        "frameState": "MIXED",
        "revRisk": 0.5381230301117464,
        "ticker": "1001",
        "upProb": 0.5741587670221748
      }
    ]
  },
  "stage": {
    "goal20Reached": false,
    "goal30Reached": false,
    "stage2Active": false
  }
}