{
  "actions": [],
  "asOf": "2021-04-19",
  "checks": {
    "exposureOk": true,
    "lossLimitOk": true,
    "maxHoldingsOk": true,
    "noFutureLeakOk": true,
    "unitRuleOk": true
  },
  "mode": "BACKTEST",
  "policyVersion": "toredex.v8",
  "seasonId": "toredex_multiframe_20260318",
  "signals": {
    "buy": [
      {
        "frameSignals": {
          "effectiveRevRisk": 0.4473168827328623,
          "effectiveUpProb": 0.7808163684968127,
          "frameState": "BULLISH",
          "monthlyBoxMonths": 5.0,
          "monthlyBoxPos": 1.0,
          "monthlyBoxRangePct": 0.11497145432692307,
          "monthlyBoxState": "box_upper",
          "monthlyBoxWild": false,
          "monthlyBreakoutDownProb": 0.1736319601526264,
          "monthlyBreakoutUpProb": 0.7808163684968127,
          "monthlyRangePos": 1.0,
          "monthlyRangeProb": 0.11832088102908582,
          "monthlyRangeWidth": 0.30793748714785113,
          "monthlyRegimeAligned": null,
          "weeklyBreakoutDownProb": 0.4473168827328623,
          "weeklyBreakoutUpProb": 0.7280017330145107,
          "weeklyRangeProb": 0.557003422659981,
          "weeklyRegimeAligned": null
        },
        "frameState": "BULLISH",
        "revRisk": 0.4473168827328623,
        "ticker": "1001",
        "upProb": 0.7808163684968127
      },
      {
        "frameSignals": {
          "effectiveRevRisk": 0.46023303542560345,
          "effectiveUpProb": 0.7217232890201871,
          "frameState": "BULLISH",
          "monthlyBoxMonths": 5.0,
          "monthlyBoxPos": 0.9444444444444444,
          "monthlyBoxRangePct": 0.12921038100496962,
          "monthlyBoxState": "box_upper",
          "monthlyBoxWild": false,
          "monthlyBreakoutDownProb": 0.24248864817550195,
          "monthlyBreakoutUpProb": 0.7217232890201871,
          "monthlyRangePos": 1.0,
          "monthlyRangeProb": 0.2841156518409103,
          "monthlyRangeWidth": 0.2516001969473166,
          "monthlyRegimeAligned": null,
          "weeklyBreakoutDownProb": 0.46023303542560345,
          "weeklyBreakoutUpProb": 0.6973298096191518,
          "weeklyRangeProb": 0.590099452423807,
          "weeklyRegimeAligned": null
        },
        "frameState": "BULLISH",
        "revRisk": 0.46023303542560345,
        "ticker": "1308",
        "upProb": 0.7217232890201871
      },
      {
        "frameSignals": {
          "effectiveRevRisk": 0.4551603186828396,
          "effectiveUpProb": 0.7217056530214425,
          "frameState": "BULLISH",
          "monthlyBoxMonths": 5.0,
          "monthlyBoxPos": 0.9288702928870293,
          "monthlyBoxRangePct": 0.13052976515565265,
          "monthlyBoxState": "box_upper",
          "monthlyBoxWild": false,
          "monthlyBreakoutDownProb": 0.2408706952566602,
          "monthlyBreakoutUpProb": 0.7217056530214425,
          "monthlyRangePos": 1.0,
          "monthlyRangeProb": 0.2822287199480182,
          "monthlyRangeWidth": 0.25292397660818716,
          "monthlyRegimeAligned": null,
          "weeklyBreakoutDownProb": 0.4551603186828396,
          "weeklyBreakoutUpProb": 0.7019730676868237,
          "weeklyRangeProb": 0.5801297065780897,
          "weeklyRegimeAligned": null
        },
        "frameState": "BULLISH",
        "revRisk": 0.4551603186828396,
        "ticker": "1306",
        "upProb": 0.7217056530214425
      }
    ],
    "sell": [
      {
        "frameSignals": {
          "effectiveRevRisk": 0.4551603186828396,
          "effectiveUpProb": 0.7217056530214425,
          "frameState": "BULLISH",
          "monthlyBoxMonths": 5.0,
          "monthlyBoxPos": 0.9288702928870293,
          "monthlyBoxRangePct": 0.13052976515565265,
          "monthlyBoxState": "box_upper",
          "monthlyBoxWild": false,
          "monthlyBreakoutDownProb": 0.2408706952566602,
          "monthlyBreakoutUpProb": 0.7217056530214425,
          "monthlyRangePos": 1.0,
          "monthlyRangeProb": 0.2822287199480182,
          "monthlyRangeWidth": 0.25292397660818716,
          "monthlyRegimeAligned": null,
          "weeklyBreakoutDownProb": 0.4551603186828396,
          "weeklyBreakoutUpProb": 0.7019730676868237,
          "weeklyRangeProb": 0.5801297065780897,
          "weeklyRegimeAligned": null
        },
        "frameState": "BULLISH",
        "revRisk": 0.4551603186828396,
        "ticker": "1306",
        "upProb": 0.7217056530214425
      },
      {
        "frameSignals": {
          "effectiveRevRisk": 0.46023303542560345,
          "effectiveUpProb": 0.7217232890201871,
          "frameState": "BULLISH",
          "monthlyBoxMonths": 5.0,
          "monthlyBoxPos": 0.9444444444444444,
          "monthlyBoxRangePct": 0.12921038100496962,
          "monthlyBoxState": "box_upper",
          "monthlyBoxWild": false,
          "monthlyBreakoutDownProb": 0.24248864817550195,
          "monthlyBreakoutUpProb": 0.7217232890201871,
          "monthlyRangePos": 1.0,
          "monthlyRangeProb": 0.2841156518409103,
          "monthlyRangeWidth": 0.2516001969473166,
          "monthlyRegimeAligned": null,
          "weeklyBreakoutDownProb": 0.46023303542560345,
          "weeklyBreakoutUpProb": 0.6973298096191518,
          "weeklyRangeProb": 0.590099452423807,
          "weeklyRegimeAligned": null
        },
        "frameState": "BULLISH",
        "revRisk": 0.46023303542560345,
        "ticker": "1308",
        "upProb": 0.7217232890201871
      },
      {
        "frameSignals": {
          "effectiveRevRisk": 0.4473168827328623,
          "effectiveUpProb": 0.7808163684968127,
          "frameState": "BULLISH",
          "monthlyBoxMonths": 5.0,
          "monthlyBoxPos": 1.0,
          "monthlyBoxRangePct": 0.11497145432692307,
          "monthlyBoxState": "box_upper",
          "monthlyBoxWild": false,
          "monthlyBreakoutDownProb": 0.1736319601526264,
          "monthlyBreakoutUpProb": 0.7808163684968127,
          "monthlyRangePos": 1.0,
          "monthlyRangeProb": 0.11832088102908582,
          "monthlyRangeWidth": 0.30793748714785113,
          "monthlyRegimeAligned": null,
          "weeklyBreakoutDownProb": 0.4473168827328623,
          "weeklyBreakoutUpProb": 0.7280017330145107,
          "weeklyRangeProb": 0.557003422659981,
          "weeklyRegimeAligned": null
        },
        "frameState": "BULLISH",
        "revRisk": 0.4473168827328623,
        "ticker": "1001",
        "upProb": 0.7808163684968127
      }
    ]
  },
  "stage": {
    "goal20Reached": false,
    "goal30Reached": false,
    "stage2Active": false
  }
}