{
  "actions": [],
  "asOf": "2017-07-27",
  "checks": {
    "exposureOk": true,
    "lossLimitOk": true,
    "maxHoldingsOk": true,
    "noFutureLeakOk": true,
    "unitRuleOk": true
  },
  "mode": "BACKTEST",
  "policyVersion": "toredex.v8",
  "seasonId": "toredex_multiframe_20260318",
  "signals": {
    "buy": [
      {
        "frameSignals": {
          "effectiveRevRisk": 0.4532416560776973,
          "effectiveUpProb": 0.7735999622666223,
          "frameState": "BULLISH",
          "monthlyBoxMonths": 9.0,
          "monthlyBoxPos": 1.0,
          "monthlyBoxRangePct": 0.15529344073647872,
          "monthlyBoxState": "box_upper",
          "monthlyBoxWild": false,
          "monthlyBreakoutDownProb": 0.3313385691386989,
          "monthlyBreakoutUpProb": 0.7280367393800229,
          "monthlyRangePos": 1.0,
          "monthlyRangeProb": 0.3801008890885594,
          "monthlyRangeWidth": 0.17890480706833725,
          "monthlyRegimeAligned": null,
          "weeklyBreakoutDownProb": 0.4532416560776973,
          "weeklyBreakoutUpProb": 0.7735999622666223,
          "weeklyRangeProb": 0.5477753773781728,
          "weeklyRegimeAligned": null
        },
        "frameState": "BULLISH",
        "revRisk": 0.4532416560776973,
        "ticker": "1001",
        "upProb": 0.7735999622666223
      },
      {
        "frameSignals": {
          "effectiveRevRisk": 0.45035929235112543,
          "effectiveUpProb": 0.768949035940869,
          "frameState": "BULLISH",
          "monthlyBoxMonths": 9.0,
          "monthlyBoxPos": 0.9392712550607287,
          "monthlyBoxRangePct": 0.17505315379163713,
          "monthlyBoxState": "box_upper",
          "monthlyBoxWild": false,
          "monthlyBreakoutDownProb": 0.3220108813842133,
          "monthlyBreakoutUpProb": 0.6503390547588263,
          "monthlyRangePos": 0.9690402476780186,
          "monthlyRangeProb": 0.38942406161900134,
          "monthlyRangeWidth": 0.19540229885057472,
          "monthlyRegimeAligned": null,
          "weeklyBreakoutDownProb": 0.45035929235112543,
          "weeklyBreakoutUpProb": 0.768949035940869,
          "weeklyRangeProb": 0.5450924504009804,
          "weeklyRegimeAligned": null
        },
        "frameState": "BULLISH",
        "revRisk": 0.45035929235112543,
        "ticker": "1308",
        "upProb": 0.768949035940869
      },
      {
        "frameSignals": {
          "effectiveRevRisk": 0.452086123112425,
          "effectiveUpProb": 0.7666430851377414,
          "frameState": "BULLISH",
          "monthlyBoxMonths": 9.0,
          "monthlyBoxPos": 0.951417004048583,
          "monthlyBoxRangePct": 0.17333333333333334,
          "monthlyBoxState": "box_upper",
          "monthlyBoxWild": false,
          "monthlyBreakoutDownProb": 0.32061750482774287,
          "monthlyBreakoutUpProb": 0.6492760414131087,
          "monthlyRangePos": 0.9695121951219512,
          "monthlyRangeProb": 0.3876421952842283,
          "monthlyRangeWidth": 0.19640718562874251,
          "monthlyRegimeAligned": null,
          "weeklyBreakoutDownProb": 0.452086123112425,
          "weeklyBreakoutUpProb": 0.7666430851377414,
          "weeklyRangeProb": 0.5487830246679637,
          "weeklyRegimeAligned": null
        },
        "frameState": "BULLISH",
        "revRisk": 0.452086123112425,
        "ticker": "1306",
        "upProb": 0.7666430851377414
      }
    ],
    "sell": [
      {
        "frameSignals": {
          "effectiveRevRisk": 0.4532416560776973,
          "effectiveUpProb": 0.7735999622666223,
          "frameState": "BULLISH",
          "monthlyBoxMonths": 9.0,
          "monthlyBoxPos": 1.0,
          "monthlyBoxRangePct": 0.15529344073647872,
          "monthlyBoxState": "box_upper",
          "monthlyBoxWild": false,
          "monthlyBreakoutDownProb": 0.3313385691386989,
          "monthlyBreakoutUpProb": 0.7280367393800229,
          "monthlyRangePos": 1.0,
          "monthlyRangeProb": 0.3801008890885594,
          "monthlyRangeWidth": 0.17890480706833725,
          "monthlyRegimeAligned": null,
          "weeklyBreakoutDownProb": 0.4532416560776973,
          "weeklyBreakoutUpProb": 0.7735999622666223,
          "weeklyRangeProb": 0.5477753773781728,
          "weeklyRegimeAligned": null
        },
        "frameState": "BULLISH",
        "revRisk": 0.4532416560776973,
        "ticker": "1001",
        "upProb": 0.7735999622666223
      },
      {
        "frameSignals": {
          "effectiveRevRisk": 0.452086123112425,
          "effectiveUpProb": 0.7666430851377414,
          "frameState": "BULLISH",
          "monthlyBoxMonths": 9.0,
          "monthlyBoxPos": 0.951417004048583,
          "monthlyBoxRangePct": 0.17333333333333334,
          "monthlyBoxState": "box_upper",
          "monthlyBoxWild": false,
          "monthlyBreakoutDownProb": 0.32061750482774287,
          "monthlyBreakoutUpProb": 0.6492760414131087,
          "monthlyRangePos": 0.9695121951219512,
          "monthlyRangeProb": 0.3876421952842283,
          "monthlyRangeWidth": 0.19640718562874251,
          "monthlyRegimeAligned": null,
          "weeklyBreakoutDownProb": 0.452086123112425,
          "weeklyBreakoutUpProb": 0.7666430851377414,
          "weeklyRangeProb": 0.5487830246679637,
          "weeklyRegimeAligned": null
        },
        "frameState": "BULLISH",
        "revRisk": 0.452086123112425,
        "ticker": "1306",
        "upProb": 0.7666430851377414
      },
      {
        "frameSignals": {
          "effectiveRevRisk": 0.45035929235112543,
          "effectiveUpProb": 0.768949035940869,
          "frameState": "BULLISH",
          "monthlyBoxMonths": 9.0,
          "monthlyBoxPos": 0.9392712550607287,
          "monthlyBoxRangePct": 0.17505315379163713,
          "monthlyBoxState": "box_upper",
          "monthlyBoxWild": false,
          "monthlyBreakoutDownProb": 0.3220108813842133,
          "monthlyBreakoutUpProb": 0.6503390547588263,
          "monthlyRangePos": 0.9690402476780186,
          "monthlyRangeProb": 0.38942406161900134,
          "monthlyRangeWidth": 0.19540229885057472,
          "monthlyRegimeAligned": null,
          "weeklyBreakoutDownProb": 0.45035929235112543,
          "weeklyBreakoutUpProb": 0.768949035940869,
          "weeklyRangeProb": 0.5450924504009804,
          "weeklyRegimeAligned": null
        },
        "frameState": "BULLISH",
        "revRisk": 0.45035929235112543,
        "ticker": "1308",
        "upProb": 0.768949035940869
      }
    ]
  },
  "stage": {
    "goal20Reached": false,
    "goal30Reached": false,
    "stage2Active": false
  }
}