{
  "actions": [],
  "asOf": "2023-02-02",
  "checks": {
    "exposureOk": true,
    "lossLimitOk": true,
    "maxHoldingsOk": true,
    "noFutureLeakOk": true,
    "unitRuleOk": true
  },
  "mode": "BACKTEST",
  "policyVersion": "toredex.v8",
  "seasonId": "toredex_multiframe_20260318",
  "signals": {
    "buy": [
      {
        "frameSignals": {
          "effectiveRevRisk": 0.5008991972487282,
          "effectiveUpProb": 0.7742961559526804,
          "frameState": "BULLISH",
          "monthlyBoxMonths": 14.0,
          "monthlyBoxPos": 0.7379134860050891,
          "monthlyBoxRangePct": 0.10441020191285866,
          "monthlyBoxState": "box_mid",
          "monthlyBoxWild": false,
          "monthlyBreakoutDownProb": 0.4931486149690739,
          "monthlyBreakoutUpProb": 0.7742961559526804,
          "monthlyRangePos": 0.9016393442622951,
          "monthlyRangeProb": 0.6109789145610665,
          "monthlyRangeWidth": 0.0746816846229187,
          "monthlyRegimeAligned": null,
          "weeklyBreakoutDownProb": 0.5008991972487282,
          "weeklyBreakoutUpProb": 0.7268251231746541,
          "weeklyRangeProb": 0.6427293543242545,
          "weeklyRegimeAligned": null
        },
        "frameState": "BULLISH",
        "revRisk": 0.5008991972487282,
        "ticker": "1308",
        "upProb": 0.7742961559526804
      },
      {
        "frameSignals": {
          "effectiveRevRisk": 0.5022903842726466,
          "effectiveUpProb": 0.7710678757478708,
          "frameState": "BULLISH",
          "monthlyBoxMonths": 14.0,
          "monthlyBoxPos": 0.7410256410256411,
          "monthlyBoxRangePct": 0.10233534505379166,
          "monthlyBoxState": "box_mid",
          "monthlyBoxWild": false,
          "monthlyBreakoutDownProb": 0.4955840047801289,
          "monthlyBreakoutUpProb": 0.7710678757478708,
          "monthlyRangePos": 0.8935483870967742,
          "monthlyRangeProb": 0.6161740584351669,
          "monthlyRangeWidth": 0.07500604887490926,
          "monthlyRegimeAligned": null,
          "weeklyBreakoutDownProb": 0.5022903842726466,
          "weeklyBreakoutUpProb": 0.7235339075887087,
          "weeklyRangeProb": 0.6462890127838297,
          "weeklyRegimeAligned": null
        },
        "frameState": "BULLISH",
        "revRisk": 0.5022903842726466,
        "ticker": "1306",
        "upProb": 0.7710678757478708
      },
      {
        "frameSignals": {
          "effectiveRevRisk": 0.5830401910913864,
          "effectiveUpProb": 0.694326274698092,
          "frameState": "BULLISH",
          "monthlyBoxMonths": 14.0,
          "monthlyBoxPos": 0.4891566265060241,
          "monthlyBoxRangePct": 0.12879199317247264,
          "monthlyBoxState": "box_mid",
          "monthlyBoxWild": false,
          "monthlyBreakoutDownProb": 0.5682352811976279,
          "monthlyBreakoutUpProb": 0.694326274698092,
          "monthlyRangePos": 0.680129990714949,
          "monthlyRangeProb": 0.7631499258924611,
          "monthlyRangeWidth": 0.07667936349720551,
          "monthlyRegimeAligned": null,
          "weeklyBreakoutDownProb": 0.5830401910913864,
          "weeklyBreakoutUpProb": 0.6641996113812415,
          "weeklyRangeProb": 0.7990277357166977,
          "weeklyRegimeAligned": null
        },
        "frameState": "BULLISH",
        "revRisk": 0.5830401910913864,
        "ticker": "1001",
        "upProb": 0.694326274698092
      }
    ],
    "sell": [
      {
        "frameSignals": {
          "effectiveRevRisk": 0.5830401910913864,
          "effectiveUpProb": 0.694326274698092,
          "frameState": "BULLISH",
          "monthlyBoxMonths": 14.0,
          "monthlyBoxPos": 0.4891566265060241,
          "monthlyBoxRangePct": 0.12879199317247264,
          "monthlyBoxState": "box_mid",
          "monthlyBoxWild": false,
          "monthlyBreakoutDownProb": 0.5682352811976279,
          "monthlyBreakoutUpProb": 0.694326274698092,
          "monthlyRangePos": 0.680129990714949,
          "monthlyRangeProb": 0.7631499258924611,
          "monthlyRangeWidth": 0.07667936349720551,
          "monthlyRegimeAligned": null,
          "weeklyBreakoutDownProb": 0.5830401910913864,
          "weeklyBreakoutUpProb": 0.6641996113812415,
          "weeklyRangeProb": 0.7990277357166977,
          "weeklyRegimeAligned": null
        },
        "frameState": "BULLISH",
        "revRisk": 0.5830401910913864,
        "ticker": "1001",
        "upProb": 0.694326274698092
      },
      {
        "frameSignals": {
          "effectiveRevRisk": 0.5022903842726466,
          "effectiveUpProb": 0.7710678757478708,
          "frameState": "BULLISH",
          "monthlyBoxMonths": 14.0,
          "monthlyBoxPos": 0.7410256410256411,
          "monthlyBoxRangePct": 0.10233534505379166,
          "monthlyBoxState": "box_mid",
          "monthlyBoxWild": false,
          "monthlyBreakoutDownProb": 0.4955840047801289,
          "monthlyBreakoutUpProb": 0.7710678757478708,
          "monthlyRangePos": 0.8935483870967742,
          "monthlyRangeProb": 0.6161740584351669,
          "monthlyRangeWidth": 0.07500604887490926,
          "monthlyRegimeAligned": null,
          "weeklyBreakoutDownProb": 0.5022903842726466,
          "weeklyBreakoutUpProb": 0.7235339075887087,
          "weeklyRangeProb": 0.6462890127838297,
          "weeklyRegimeAligned": null
        },
        "frameState": "BULLISH",
        "revRisk": 0.5022903842726466,
        "ticker": "1306",
        "upProb": 0.7710678757478708
      },
      {
        "frameSignals": {
          "effectiveRevRisk": 0.5008991972487282,
          "effectiveUpProb": 0.7742961559526804,
          "frameState": "BULLISH",
          "monthlyBoxMonths": 14.0,
          "monthlyBoxPos": 0.7379134860050891,
          "monthlyBoxRangePct": 0.10441020191285866,
          "monthlyBoxState": "box_mid",
          "monthlyBoxWild": false,
          "monthlyBreakoutDownProb": 0.4931486149690739,
          "monthlyBreakoutUpProb": 0.7742961559526804,
          "monthlyRangePos": 0.9016393442622951,
          "monthlyRangeProb": 0.6109789145610665,
          "monthlyRangeWidth": 0.0746816846229187,
          "monthlyRegimeAligned": null,
          "weeklyBreakoutDownProb": 0.5008991972487282,
          "weeklyBreakoutUpProb": 0.7268251231746541,
          "weeklyRangeProb": 0.6427293543242545,
          "weeklyRegimeAligned": null
        },
        "frameState": "BULLISH",
        "revRisk": 0.5008991972487282,
        "ticker": "1308",
        "upProb": 0.7742961559526804
      }
    ]
  },
  "stage": {
    "goal20Reached": false,
    "goal30Reached": false,
    "stage2Active": false
  }
}