{
  "asOf": "2023-08-24",
  "cash": 10582194.016274,
  "cum_pnl": 2582194.016274,
  "cum_return_pct": 25.82194,
  "daily_pnl": -555946.918573,
  "equity": 12582194.016274,
  "game_over": false,
  "goal20_reached": true,
  "goal30_reached": false,
  "holdings_count": 1,
  "max_drawdown_pct": -6.512792,
  "season_id": "tradex_bt3y_v8_fast_baseline_20260217"
}