{
  "asOf": "2025-12-17",
  "cash": 4021797.132318,
  "cum_pnl": 21797.132318,
  "cum_return_pct": 0.217971,
  "daily_pnl": -558322.411534,
  "equity": 10021797.132318,
  "game_over": false,
  "goal20_reached": false,
  "goal30_reached": false,
  "holdings_count": 3,
  "max_drawdown_pct": -5.27709,
  "season_id": "tradex_demo_202512_v4"
}