{
  "actions": [],
  "asOf": "2013-06-26",
  "checks": {
    "exposureOk": true,
    "lossLimitOk": true,
    "maxHoldingsOk": true,
    "noFutureLeakOk": true,
    "unitRuleOk": true
  },
  "mode": "BACKTEST",
  "policyVersion": "toredex.v8",
  "seasonId": "toredex_multiframe_20260318",
  "signals": {
    "buy": [
      {
        "frameSignals": {
          "effectiveRevRisk": 0.40811753647417437,
          "effectiveUpProb": 0.41780984416648204,
          "frameState": "MIXED",
          "monthlyBoxMonths": 3.0,
          "monthlyBoxPos": 0.2932330827067669,
          "monthlyBoxRangePct": 0.12678741658722592,
          "monthlyBoxState": "box_mid",
          "monthlyBoxWild": true,
          "monthlyBreakoutDownProb": 0.15306568004933085,
          "monthlyBreakoutUpProb": 0.36058780394313616,
          "monthlyRangePos": 0.7964601769911505,
          "monthlyRangeProb": 0.23918220755628883,
          "monthlyRangeWidth": 0.38305084745762713,
          "monthlyRegimeAligned": null,
          "weeklyBreakoutDownProb": 0.40811753647417437,
          "weeklyBreakoutUpProb": 0.41780984416648204,
          "weeklyRangeProb": 0.6215375081408074,
          "weeklyRegimeAligned": null
        },
        "frameState": "MIXED",
        "revRisk": 0.40811753647417437,
        "ticker": "1308",
        "upProb": 0.41780984416648204
      },
      {
        "frameSignals": {
          "effectiveRevRisk": 0.40865696239390636,
          "effectiveUpProb": 0.41932769410122345,
          "frameState": "MIXED",
          "monthlyBoxMonths": 3.0,
          "monthlyBoxPos": 0.2857142857142857,
          "monthlyBoxRangePct": 0.1320754716981132,
          "monthlyBoxState": "box_mid",
          "monthlyBoxWild": true,
          "monthlyBreakoutDownProb": 0.1540198784097273,
          "monthlyBreakoutUpProb": 0.3528319734421247,
          "monthlyRangePos": 0.7840172786177105,
          "monthlyRangeProb": 0.24387309015278785,
          "monthlyRangeWidth": 0.3858333333333333,
          "monthlyRegimeAligned": null,
          "weeklyBreakoutDownProb": 0.40865696239390636,
          "weeklyBreakoutUpProb": 0.41932769410122345,
          "weeklyRangeProb": 0.6217747471307141,
          "weeklyRegimeAligned": null
        },
        "frameState": "MIXED",
        "revRisk": 0.40865696239390636,
        "ticker": "1306",
        "upProb": 0.41932769410122345
      },
      {
        "frameSignals": {
          "effectiveRevRisk": 0.39583475705833576,
          "effectiveUpProb": 0.41067791891529937,
          "frameState": "MIXED",
          "monthlyBoxMonths": 3.0,
          "monthlyBoxPos": 0.3109469442578912,
          "monthlyBoxRangePct": 0.12036213725648695,
          "monthlyBoxState": "box_mid",
          "monthlyBoxWild": true,
          "monthlyBreakoutDownProb": 0.16405828130255368,
          "monthlyBreakoutUpProb": 0.3750069744293688,
          "monthlyRangePos": 0.8013552758954502,
          "monthlyRangeProb": 0.25077168526022997,
          "monthlyRangeWidth": 0.37265512265512263,
          "monthlyRegimeAligned": null,
          "weeklyBreakoutDownProb": 0.39583475705833576,
          "weeklyBreakoutUpProb": 0.41067791891529937,
          "weeklyRangeProb": 0.6049143284910935,
          "weeklyRegimeAligned": null
        },
        "frameState": "MIXED",
        "revRisk": 0.39583475705833576,
        "ticker": "1001",
        "upProb": 0.41067791891529937
      }
    ],
    "sell": [
      {
        "frameSignals": {
          "effectiveRevRisk": 0.39583475705833576,
          "effectiveUpProb": 0.41067791891529937,
          "frameState": "MIXED",
          "monthlyBoxMonths": 3.0,
          "monthlyBoxPos": 0.3109469442578912,
          "monthlyBoxRangePct": 0.12036213725648695,
          "monthlyBoxState": "box_mid",
          "monthlyBoxWild": true,
          "monthlyBreakoutDownProb": 0.16405828130255368,
          "monthlyBreakoutUpProb": 0.3750069744293688,
          "monthlyRangePos": 0.8013552758954502,
          "monthlyRangeProb": 0.25077168526022997,
          "monthlyRangeWidth": 0.37265512265512263,
          "monthlyRegimeAligned": null,
          "weeklyBreakoutDownProb": 0.39583475705833576,
          "weeklyBreakoutUpProb": 0.41067791891529937,
          "weeklyRangeProb": 0.6049143284910935,
          "weeklyRegimeAligned": null
        },
        "frameState": "MIXED",
        "revRisk": 0.39583475705833576,
        "ticker": "1001",
        "upProb": 0.41067791891529937
      },
      {
        "frameSignals": {
          "effectiveRevRisk": 0.40865696239390636,
          "effectiveUpProb": 0.41932769410122345,
          "frameState": "MIXED",
          "monthlyBoxMonths": 3.0,
          "monthlyBoxPos": 0.2857142857142857,
          "monthlyBoxRangePct": 0.1320754716981132,
          "monthlyBoxState": "box_mid",
          "monthlyBoxWild": true,
          "monthlyBreakoutDownProb": 0.1540198784097273,
          "monthlyBreakoutUpProb": 0.3528319734421247,
          "monthlyRangePos": 0.7840172786177105,
          "monthlyRangeProb": 0.24387309015278785,
          "monthlyRangeWidth": 0.3858333333333333,
          "monthlyRegimeAligned": null,
          "weeklyBreakoutDownProb": 0.40865696239390636,
          "weeklyBreakoutUpProb": 0.41932769410122345,
          "weeklyRangeProb": 0.6217747471307141,
          "weeklyRegimeAligned": null
        },
        "frameState": "MIXED",
        "revRisk": 0.40865696239390636,
        "ticker": "1306",
        "upProb": 0.41932769410122345
      },
      {
        "frameSignals": {
          "effectiveRevRisk": 0.40811753647417437,
          "effectiveUpProb": 0.41780984416648204,
          "frameState": "MIXED",
          "monthlyBoxMonths": 3.0,
          "monthlyBoxPos": 0.2932330827067669,
          "monthlyBoxRangePct": 0.12678741658722592,
          "monthlyBoxState": "box_mid",
          "monthlyBoxWild": true,
          "monthlyBreakoutDownProb": 0.15306568004933085,
          "monthlyBreakoutUpProb": 0.36058780394313616,
          "monthlyRangePos": 0.7964601769911505,
          "monthlyRangeProb": 0.23918220755628883,
          "monthlyRangeWidth": 0.38305084745762713,
          "monthlyRegimeAligned": null,
          "weeklyBreakoutDownProb": 0.40811753647417437,
          "weeklyBreakoutUpProb": 0.41780984416648204,
          "weeklyRangeProb": 0.6215375081408074,
          "weeklyRegimeAligned": null
        },
        "frameState": "MIXED",
        "revRisk": 0.40811753647417437,
        "ticker": "1308",
        "upProb": 0.41780984416648204
      }
    ]
  },
  "stage": {
    "goal20Reached": false,
    "goal30Reached": false,
    "stage2Active": false
  }
}