{
  "asOf": "2025-11-20",
  "cash": 11384070.452533,
  "cum_pnl": 3384070.452533,
  "cum_return_pct": 33.840705,
  "daily_pnl": -51756.007394,
  "equity": 13384070.452533,
  "game_over": false,
  "goal20_reached": true,
  "goal30_reached": true,
  "holdings_count": 1,
  "max_drawdown_pct": -20.282117,
  "season_id": "tradex_demo_202511_v6a"
}