{
  "actions": [],
  "asOf": "2019-01-22",
  "checks": {
    "exposureOk": true,
    "lossLimitOk": true,
    "maxHoldingsOk": true,
    "noFutureLeakOk": true,
    "unitRuleOk": true
  },
  "mode": "BACKTEST",
  "policyVersion": "toredex.v8",
  "seasonId": "toredex_multiframe_20260318",
  "signals": {
    "buy": [
      {
        "frameSignals": {
          "effectiveRevRisk": 0.6401118606423064,
          "effectiveUpProb": 0.40381598482367403,
          "frameState": "BEARISH",
          "monthlyBoxMonths": 3.0,
          "monthlyBoxPos": 0.3251513113651648,
          "monthlyBoxRangePct": 0.1513100992113966,
          "monthlyBoxState": "box_mid",
          "monthlyBoxWild": false,
          "monthlyBreakoutDownProb": 0.6401118606423064,
          "monthlyBreakoutUpProb": 0.39376505109530197,
          "monthlyRangePos": 0.1480759863614223,
          "monthlyRangeProb": 0.5077622746615824,
          "monthlyRangeWidth": 0.17023217247097844,
          "monthlyRegimeAligned": null,
          "weeklyBreakoutDownProb": 0.5841515847359355,
          "weeklyBreakoutUpProb": 0.40381598482367403,
          "weeklyRangeProb": 0.5466452366456895,
          "weeklyRegimeAligned": null
        },
        "frameState": "BEARISH",
        "revRisk": 0.6401118606423064,
        "ticker": "1001",
        "upProb": 0.40381598482367403
      },
      {
        "frameSignals": {
          "effectiveRevRisk": 0.6134595678974024,
          "effectiveUpProb": 0.4076041973671285,
          "frameState": "BEARISH",
          "monthlyBoxMonths": 3.0,
          "monthlyBoxPos": 0.4297872340425532,
          "monthlyBoxRangePct": 0.15782404298186703,
          "monthlyBoxState": "box_mid",
          "monthlyBoxWild": false,
          "monthlyBreakoutDownProb": 0.6134595678974024,
          "monthlyBreakoutUpProb": 0.3875874748741465,
          "monthlyRangePos": 0.17732558139534885,
          "monthlyRangeProb": 0.5088375231599321,
          "monthlyRangeWidth": 0.18366257341163908,
          "monthlyRegimeAligned": null,
          "weeklyBreakoutDownProb": 0.5801113198742509,
          "weeklyBreakoutUpProb": 0.4076041973671285,
          "weeklyRangeProb": 0.5543247740446017,
          "weeklyRegimeAligned": null
        },
        "frameState": "BEARISH",
        "revRisk": 0.6134595678974024,
        "ticker": "1308",
        "upProb": 0.4076041973671285
      },
      {
        "frameSignals": {
          "effectiveRevRisk": 0.6162622177283452,
          "effectiveUpProb": 0.4056482294410302,
          "frameState": "BEARISH",
          "monthlyBoxMonths": 3.0,
          "monthlyBoxPos": 0.423728813559322,
          "monthlyBoxRangePct": 0.15660252156602522,
          "monthlyBoxState": "box_mid",
          "monthlyBoxWild": false,
          "monthlyBreakoutDownProb": 0.6162622177283452,
          "monthlyBreakoutUpProb": 0.38800134816312776,
          "monthlyRangePos": 0.17391304347826086,
          "monthlyRangeProb": 0.5083494193706529,
          "monthlyRangeWidth": 0.18234672304439747,
          "monthlyRegimeAligned": null,
          "weeklyBreakoutDownProb": 0.5791776412057361,
          "weeklyBreakoutUpProb": 0.4056482294410302,
          "weeklyRangeProb": 0.5515949663447468,
          "weeklyRegimeAligned": null
        },
        "frameState": "BEARISH",
        "revRisk": 0.6162622177283452,
        "ticker": "1306",
        "upProb": 0.4056482294410302
      }
    ],
    "sell": [
      {
        "frameSignals": {
          "effectiveRevRisk": 0.6162622177283452,
          "effectiveUpProb": 0.5791776412057361,
          "frameState": "BEARISH",
          "monthlyBoxMonths": 3.0,
          "monthlyBoxPos": 0.423728813559322,
          "monthlyBoxRangePct": 0.15660252156602522,
          "monthlyBoxState": "box_mid",
          "monthlyBoxWild": false,
          "monthlyBreakoutDownProb": 0.6162622177283452,
          "monthlyBreakoutUpProb": 0.38800134816312776,
          "monthlyRangePos": 0.17391304347826086,
          "monthlyRangeProb": 0.5083494193706529,
          "monthlyRangeWidth": 0.18234672304439747,
          "monthlyRegimeAligned": null,
          "weeklyBreakoutDownProb": 0.5791776412057361,
          "weeklyBreakoutUpProb": 0.4056482294410302,
          "weeklyRangeProb": 0.5515949663447468,
          "weeklyRegimeAligned": null
        },
        "frameState": "BEARISH",
        "revRisk": 0.6162622177283452,
        "ticker": "1306",
        "upProb": 0.5791776412057361
      },
      {
        "frameSignals": {
          "effectiveRevRisk": 0.6401118606423064,
          "effectiveUpProb": 0.5841515847359355,
          "frameState": "BEARISH",
          "monthlyBoxMonths": 3.0,
          "monthlyBoxPos": 0.3251513113651648,
          "monthlyBoxRangePct": 0.1513100992113966,
          "monthlyBoxState": "box_mid",
          "monthlyBoxWild": false,
          "monthlyBreakoutDownProb": 0.6401118606423064,
          "monthlyBreakoutUpProb": 0.39376505109530197,
          "monthlyRangePos": 0.1480759863614223,
          "monthlyRangeProb": 0.5077622746615824,
          "monthlyRangeWidth": 0.17023217247097844,
          "monthlyRegimeAligned": null,
          "weeklyBreakoutDownProb": 0.5841515847359355,
          "weeklyBreakoutUpProb": 0.40381598482367403,
          "weeklyRangeProb": 0.5466452366456895,
          "weeklyRegimeAligned": null
        },
        "frameState": "BEARISH",
        "revRisk": 0.6401118606423064,
        "ticker": "1001",
        "upProb": 0.5841515847359355
      },
      {
        "frameSignals": {
          "effectiveRevRisk": 0.6134595678974024,
          "effectiveUpProb": 0.5801113198742509,
          "frameState": "BEARISH",
          "monthlyBoxMonths": 3.0,
          "monthlyBoxPos": 0.4297872340425532,
          "monthlyBoxRangePct": 0.15782404298186703,
          "monthlyBoxState": "box_mid",
          "monthlyBoxWild": false,
          "monthlyBreakoutDownProb": 0.6134595678974024,
          "monthlyBreakoutUpProb": 0.3875874748741465,
          "monthlyRangePos": 0.17732558139534885,
          "monthlyRangeProb": 0.5088375231599321,
          "monthlyRangeWidth": 0.18366257341163908,
          "monthlyRegimeAligned": null,
          "weeklyBreakoutDownProb": 0.5801113198742509,
          "weeklyBreakoutUpProb": 0.4076041973671285,
          "weeklyRangeProb": 0.5543247740446017,
          "weeklyRegimeAligned": null
        },
        "frameState": "BEARISH",
        "revRisk": 0.6134595678974024,
        "ticker": "1308",
        "upProb": 0.5801113198742509
      }
    ]
  },
  "stage": {
    "goal20Reached": false,
    "goal30Reached": false,
    "stage2Active": false
  }
}