{
  "asOf": "2023-07-10",
  "cash": 6845785.346284,
  "cum_pnl": 1953726.749522,
  "cum_return_pct": 19.537267,
  "daily_pnl": 75987.881088,
  "equity": 11953726.749522,
  "game_over": false,
  "goal20_reached": false,
  "goal30_reached": false,
  "holdings_count": 1,
  "max_drawdown_pct": -6.512792,
  "season_id": "tradex_bt3y_v8_fast_baseline_20260217"
}