{
  "asOf": "2023-04-12",
  "cash": 9037594.799135,
  "cum_pnl": 1037594.799135,
  "cum_return_pct": 10.375948,
  "daily_pnl": -47923.322684,
  "equity": 11037594.799135,
  "game_over": false,
  "goal20_reached": false,
  "goal30_reached": false,
  "holdings_count": 1,
  "max_drawdown_pct": -4.474989,
  "season_id": "tradex_bt3y_v8_baseline_20260217"
}