{
  "actions": [],
  "asOf": "2016-07-05",
  "checks": {
    "exposureOk": true,
    "lossLimitOk": true,
    "maxHoldingsOk": true,
    "noFutureLeakOk": true,
    "unitRuleOk": true
  },
  "mode": "BACKTEST",
  "policyVersion": "toredex.v8",
  "seasonId": "toredex_multiframe_20260318",
  "signals": {
    "buy": [
      {
        "frameSignals": {
          "effectiveRevRisk": 0.6082873236294686,
          "effectiveUpProb": 0.46782098176420694,
          "frameState": "BEARISH",
          "monthlyBoxMonths": 6.0,
          "monthlyBoxPos": 0.04477611940298507,
          "monthlyBoxRangePct": 0.15690866510538642,
          "monthlyBoxState": "box_lower",
          "monthlyBoxWild": false,
          "monthlyBreakoutDownProb": 0.6082873236294686,
          "monthlyBreakoutUpProb": 0.2745663933969104,
          "monthlyRangePos": 0.023255813953488372,
          "monthlyRangeProb": 0.3311471752830294,
          "monthlyRangeWidth": 0.23201438848920863,
          "monthlyRegimeAligned": null,
          "weeklyBreakoutDownProb": 0.602195981764207,
          "weeklyBreakoutUpProb": 0.46782098176420694,
          "weeklyRangeProb": 0.6410895693576992,
          "weeklyRegimeAligned": null
        },
        "frameState": "BEARISH",
        "revRisk": 0.6082873236294686,
        "ticker": "1308",
        "upProb": 0.46782098176420694
      },
      {
        "frameSignals": {
          "effectiveRevRisk": 0.6088552986893235,
          "effectiveUpProb": 0.47080082240604954,
          "frameState": "BEARISH",
          "monthlyBoxMonths": 6.0,
          "monthlyBoxPos": 0.039603960396039604,
          "monthlyBoxRangePct": 0.155984555984556,
          "monthlyBoxState": "box_lower",
          "monthlyBoxWild": false,
          "monthlyBreakoutDownProb": 0.6088552986893235,
          "monthlyBreakoutUpProb": 0.27314101297503784,
          "monthlyRangePos": 0.02040816326530612,
          "monthlyRangeProb": 0.3286471711782915,
          "monthlyRangeWidth": 0.23236514522821577,
          "monthlyRegimeAligned": null,
          "weeklyBreakoutDownProb": 0.5966780153885056,
          "weeklyBreakoutUpProb": 0.47080082240604954,
          "weeklyRangeProb": 0.6480875748052355,
          "weeklyRegimeAligned": null
        },
        "frameState": "BEARISH",
        "revRisk": 0.6088552986893235,
        "ticker": "1306",
        "upProb": 0.47080082240604954
      },
      {
        "frameSignals": {
          "effectiveRevRisk": 0.6202465532817167,
          "effectiveUpProb": 0.4652847212206481,
          "frameState": "BEARISH",
          "monthlyBoxMonths": 6.0,
          "monthlyBoxPos": 0.044256120527306965,
          "monthlyBoxRangePct": 0.13637239165329054,
          "monthlyBoxState": "box_lower",
          "monthlyBoxWild": false,
          "monthlyBreakoutDownProb": 0.5959673414889919,
          "monthlyBreakoutUpProb": 0.2591010740239221,
          "monthlyRangePos": 0.0187624750499002,
          "monthlyRangeProb": 0.3115832507925611,
          "monthlyRangeWidth": 0.24338110274471703,
          "monthlyRegimeAligned": null,
          "weeklyBreakoutDownProb": 0.6202465532817167,
          "weeklyBreakoutUpProb": 0.4652847212206481,
          "weeklyRangeProb": 0.6296702846903287,
          "weeklyRegimeAligned": null
        },
        "frameState": "BEARISH",
        "revRisk": 0.6202465532817167,
        "ticker": "1001",
        "upProb": 0.4652847212206481
      }
    ],
    "sell": [
      {
        "frameSignals": {
          "effectiveRevRisk": 0.6202465532817167,
          "effectiveUpProb": 0.6202465532817167,
          "frameState": "BEARISH",
          "monthlyBoxMonths": 6.0,
          "monthlyBoxPos": 0.044256120527306965,
          "monthlyBoxRangePct": 0.13637239165329054,
          "monthlyBoxState": "box_lower",
          "monthlyBoxWild": false,
          "monthlyBreakoutDownProb": 0.5959673414889919,
          "monthlyBreakoutUpProb": 0.2591010740239221,
          "monthlyRangePos": 0.0187624750499002,
          "monthlyRangeProb": 0.3115832507925611,
          "monthlyRangeWidth": 0.24338110274471703,
          "monthlyRegimeAligned": null,
          "weeklyBreakoutDownProb": 0.6202465532817167,
          "weeklyBreakoutUpProb": 0.4652847212206481,
          "weeklyRangeProb": 0.6296702846903287,
          "weeklyRegimeAligned": null
        },
        "frameState": "BEARISH",
        "revRisk": 0.6202465532817167,
        "ticker": "1001",
        "upProb": 0.6202465532817167
      },
      {
        "frameSignals": {
          "effectiveRevRisk": 0.6082873236294686,
          "effectiveUpProb": 0.602195981764207,
          "frameState": "BEARISH",
          "monthlyBoxMonths": 6.0,
          "monthlyBoxPos": 0.04477611940298507,
          "monthlyBoxRangePct": 0.15690866510538642,
          "monthlyBoxState": "box_lower",
          "monthlyBoxWild": false,
          "monthlyBreakoutDownProb": 0.6082873236294686,
          "monthlyBreakoutUpProb": 0.2745663933969104,
          "monthlyRangePos": 0.023255813953488372,
          "monthlyRangeProb": 0.3311471752830294,
          "monthlyRangeWidth": 0.23201438848920863,
          "monthlyRegimeAligned": null,
          "weeklyBreakoutDownProb": 0.602195981764207,
          "weeklyBreakoutUpProb": 0.46782098176420694,
          "weeklyRangeProb": 0.6410895693576992,
          "weeklyRegimeAligned": null
        },
        "frameState": "BEARISH",
        "revRisk": 0.6082873236294686,
        "ticker": "1308",
        "upProb": 0.602195981764207
      },
      {
        "frameSignals": {
          "effectiveRevRisk": 0.6088552986893235,
          "effectiveUpProb": 0.5966780153885056,
          "frameState": "BEARISH",
          "monthlyBoxMonths": 6.0,
          "monthlyBoxPos": 0.039603960396039604,
          "monthlyBoxRangePct": 0.155984555984556,
          "monthlyBoxState": "box_lower",
          "monthlyBoxWild": false,
          "monthlyBreakoutDownProb": 0.6088552986893235,
          "monthlyBreakoutUpProb": 0.27314101297503784,
          "monthlyRangePos": 0.02040816326530612,
          "monthlyRangeProb": 0.3286471711782915,
          "monthlyRangeWidth": 0.23236514522821577,
          "monthlyRegimeAligned": null,
          "weeklyBreakoutDownProb": 0.5966780153885056,
          "weeklyBreakoutUpProb": 0.47080082240604954,
          "weeklyRangeProb": 0.6480875748052355,
          "weeklyRegimeAligned": null
        },
        "frameState": "BEARISH",
        "revRisk": 0.6088552986893235,
        "ticker": "1306",
        "upProb": 0.5966780153885056
      }
    ]
  },
  "stage": {
    "goal20Reached": false,
    "goal30Reached": false,
    "stage2Active": false
  }
}