{
  "actions": [],
  "asOf": "2016-03-31",
  "checks": {
    "exposureOk": true,
    "lossLimitOk": true,
    "maxHoldingsOk": true,
    "noFutureLeakOk": true,
    "unitRuleOk": true
  },
  "mode": "BACKTEST",
  "policyVersion": "toredex.v8",
  "seasonId": "toredex_multiframe_20260318",
  "signals": {
    "buy": [
      {
        "frameSignals": {
          "effectiveRevRisk": 0.5731155321716352,
          "effectiveUpProb": 0.3923959159029805,
          "frameState": "BEARISH",
          "monthlyBoxMonths": 3.0,
          "monthlyBoxPos": 0.26559714795008915,
          "monthlyBoxRangePct": 0.17517017423343534,
          "monthlyBoxState": "box_mid",
          "monthlyBoxWild": false,
          "monthlyBreakoutDownProb": 0.5731155321716352,
          "monthlyBreakoutUpProb": 0.3355086008270422,
          "monthlyRangePos": 0.16056152665058127,
          "monthlyRangeProb": 0.4424891472455345,
          "monthlyRangeWidth": 0.2214719455914501,
          "monthlyRegimeAligned": null,
          "weeklyBreakoutDownProb": 0.4513798948119239,
          "weeklyBreakoutUpProb": 0.3923959159029805,
          "weeklyRangeProb": 0.5827926365135001,
          "weeklyRegimeAligned": null
        },
        "frameState": "BEARISH",
        "revRisk": 0.5731155321716352,
        "ticker": "1001",
        "upProb": 0.3923959159029805
      },
      {
        "frameSignals": {
          "effectiveRevRisk": 0.5677797301414349,
          "effectiveUpProb": 0.3891937396634026,
          "frameState": "BEARISH",
          "monthlyBoxMonths": 3.0,
          "monthlyBoxPos": 0.2757201646090535,
          "monthlyBoxRangePct": 0.18270676691729323,
          "monthlyBoxState": "box_mid",
          "monthlyBoxWild": false,
          "monthlyBreakoutDownProb": 0.5677797301414349,
          "monthlyBreakoutUpProb": 0.33143952395586795,
          "monthlyRangePos": 0.16237113402061856,
          "monthlyRangeProb": 0.4381984439628392,
          "monthlyRangeWidth": 0.22531939605110338,
          "monthlyRegimeAligned": null,
          "weeklyBreakoutDownProb": 0.44597340068035174,
          "weeklyBreakoutUpProb": 0.3891937396634026,
          "weeklyRangeProb": 0.5799100128225421,
          "weeklyRegimeAligned": null
        },
        "frameState": "BEARISH",
        "revRisk": 0.5677797301414349,
        "ticker": "1306",
        "upProb": 0.3891937396634026
      },
      {
        "frameSignals": {
          "effectiveRevRisk": 0.5674887371366244,
          "effectiveUpProb": 0.3871862858807888,
          "frameState": "BEARISH",
          "monthlyBoxMonths": 3.0,
          "monthlyBoxPos": 0.26859504132231404,
          "monthlyBoxRangePct": 0.1838905775075988,
          "monthlyBoxState": "box_mid",
          "monthlyBoxWild": false,
          "monthlyBreakoutDownProb": 0.5674887371366244,
          "monthlyBreakoutUpProb": 0.33021600986389715,
          "monthlyRangePos": 0.16103896103896104,
          "monthlyRangeProb": 0.4363709868639446,
          "monthlyRangeWidth": 0.22593896713615025,
          "monthlyRegimeAligned": null,
          "weeklyBreakoutDownProb": 0.4479442320910577,
          "weeklyBreakoutUpProb": 0.3871862858807888,
          "weeklyRangeProb": 0.5759100871367313,
          "weeklyRegimeAligned": null
        },
        "frameState": "BEARISH",
        "revRisk": 0.5674887371366244,
        "ticker": "1308",
        "upProb": 0.3871862858807888
      }
    ],
    "sell": [
      {
        "frameSignals": {
          "effectiveRevRisk": 0.5731155321716352,
          "effectiveUpProb": 0.4513798948119239,
          "frameState": "BEARISH",
          "monthlyBoxMonths": 3.0,
          "monthlyBoxPos": 0.26559714795008915,
          "monthlyBoxRangePct": 0.17517017423343534,
          "monthlyBoxState": "box_mid",
          "monthlyBoxWild": false,
          "monthlyBreakoutDownProb": 0.5731155321716352,
          "monthlyBreakoutUpProb": 0.3355086008270422,
          "monthlyRangePos": 0.16056152665058127,
          "monthlyRangeProb": 0.4424891472455345,
          "monthlyRangeWidth": 0.2214719455914501,
          "monthlyRegimeAligned": null,
          "weeklyBreakoutDownProb": 0.4513798948119239,
          "weeklyBreakoutUpProb": 0.3923959159029805,
          "weeklyRangeProb": 0.5827926365135001,
          "weeklyRegimeAligned": null
        },
        "frameState": "BEARISH",
        "revRisk": 0.5731155321716352,
        "ticker": "1001",
        "upProb": 0.4513798948119239
      },
      {
        "frameSignals": {
          "effectiveRevRisk": 0.5674887371366244,
          "effectiveUpProb": 0.4479442320910577,
          "frameState": "BEARISH",
          "monthlyBoxMonths": 3.0,
          "monthlyBoxPos": 0.26859504132231404,
          "monthlyBoxRangePct": 0.1838905775075988,
          "monthlyBoxState": "box_mid",
          "monthlyBoxWild": false,
          "monthlyBreakoutDownProb": 0.5674887371366244,
          "monthlyBreakoutUpProb": 0.33021600986389715,
          "monthlyRangePos": 0.16103896103896104,
          "monthlyRangeProb": 0.4363709868639446,
          "monthlyRangeWidth": 0.22593896713615025,
          "monthlyRegimeAligned": null,
          "weeklyBreakoutDownProb": 0.4479442320910577,
          "weeklyBreakoutUpProb": 0.3871862858807888,
          "weeklyRangeProb": 0.5759100871367313,
          "weeklyRegimeAligned": null
        },
        "frameState": "BEARISH",
        "revRisk": 0.5674887371366244,
        "ticker": "1308",
        "upProb": 0.4479442320910577
      },
      {
        "frameSignals": {
          "effectiveRevRisk": 0.5677797301414349,
          "effectiveUpProb": 0.44597340068035174,
          "frameState": "BEARISH",
          "monthlyBoxMonths": 3.0,
          "monthlyBoxPos": 0.2757201646090535,
          "monthlyBoxRangePct": 0.18270676691729323,
          "monthlyBoxState": "box_mid",
          "monthlyBoxWild": false,
          "monthlyBreakoutDownProb": 0.5677797301414349,
          "monthlyBreakoutUpProb": 0.33143952395586795,
          "monthlyRangePos": 0.16237113402061856,
          "monthlyRangeProb": 0.4381984439628392,
          "monthlyRangeWidth": 0.22531939605110338,
          "monthlyRegimeAligned": null,
          "weeklyBreakoutDownProb": 0.44597340068035174,
          "weeklyBreakoutUpProb": 0.3891937396634026,
          "weeklyRangeProb": 0.5799100128225421,
          "weeklyRegimeAligned": null
        },
        "frameState": "BEARISH",
        "revRisk": 0.5677797301414349,
        "ticker": "1306",
        "upProb": 0.44597340068035174
      }
    ]
  },
  "stage": {
    "goal20Reached": false,
    "goal30Reached": false,
    "stage2Active": false
  }
}