{
  "actions": [],
  "asOf": "2023-02-09",
  "checks": {
    "exposureOk": true,
    "lossLimitOk": true,
    "maxHoldingsOk": true,
    "noFutureLeakOk": true,
    "unitRuleOk": true
  },
  "mode": "BACKTEST",
  "policyVersion": "toredex.v8",
  "seasonId": "toredex_multiframe_20260318",
  "signals": {
    "buy": [
      {
        "frameSignals": {
          "effectiveRevRisk": 0.5258991972487282,
          "effectiveUpProb": 0.8120891827184678,
          "frameState": "BULLISH",
          "monthlyBoxMonths": 14.0,
          "monthlyBoxPos": 0.8422391857506362,
          "monthlyBoxRangePct": 0.10441020191285866,
          "monthlyBoxState": "box_upper",
          "monthlyBoxWild": false,
          "monthlyBreakoutDownProb": 0.4587223854608772,
          "monthlyBreakoutUpProb": 0.8120891827184678,
          "monthlyRangePos": 1.0,
          "monthlyRangeProb": 0.5286592665143106,
          "monthlyRangeWidth": 0.0746816846229187,
          "monthlyRegimeAligned": null,
          "weeklyBreakoutDownProb": 0.5258991972487282,
          "weeklyBreakoutUpProb": 0.7018251231746542,
          "weeklyRangeProb": 0.6927293543242545,
          "weeklyRegimeAligned": null
        },
        "frameState": "BULLISH",
        "revRisk": 0.5258991972487282,
        "ticker": "1308",
        "upProb": 0.8120891827184678
      },
      {
        "frameSignals": {
          "effectiveRevRisk": 0.5267722495576207,
          "effectiveUpProb": 0.81104793397317,
          "frameState": "BULLISH",
          "monthlyBoxMonths": 14.0,
          "monthlyBoxPos": 0.8487179487179487,
          "monthlyBoxRangePct": 0.10233534505379166,
          "monthlyBoxState": "box_upper",
          "monthlyBoxWild": false,
          "monthlyBreakoutDownProb": 0.45832594026399986,
          "monthlyBreakoutUpProb": 0.81104793397317,
          "monthlyRangePos": 1.0,
          "monthlyRangeProb": 0.5307699545662286,
          "monthlyRangeWidth": 0.07500604887490926,
          "monthlyRegimeAligned": null,
          "weeklyBreakoutDownProb": 0.5267722495576207,
          "weeklyBreakoutUpProb": 0.6990520423037346,
          "weeklyRangeProb": 0.6952527433537778,
          "weeklyRegimeAligned": null
        },
        "frameState": "BULLISH",
        "revRisk": 0.5267722495576207,
        "ticker": "1306",
        "upProb": 0.81104793397317
      },
      {
        "frameSignals": {
          "effectiveRevRisk": 0.5640930470163651,
          "effectiveUpProb": 0.7238991623489741,
          "frameState": "BULLISH",
          "monthlyBoxMonths": 14.0,
          "monthlyBoxPos": 0.5439759036144578,
          "monthlyBoxRangePct": 0.12879199317247264,
          "monthlyBoxState": "box_mid",
          "monthlyBoxWild": false,
          "monthlyBreakoutDownProb": 0.5386623935467458,
          "monthlyBreakoutUpProb": 0.7238991623489741,
          "monthlyRangePos": 0.7646239554317549,
          "monthlyRangeProb": 0.704004150590697,
          "monthlyRangeWidth": 0.07667936349720551,
          "monthlyRegimeAligned": null,
          "weeklyBreakoutDownProb": 0.5640930470163651,
          "weeklyBreakoutUpProb": 0.6831467554562628,
          "weeklyRangeProb": 0.7611334475666551,
          "weeklyRegimeAligned": null
        },
        "frameState": "BULLISH",
        "revRisk": 0.5640930470163651,
        "ticker": "1001",
        "upProb": 0.7238991623489741
      }
    ],
    "sell": [
      {
        "frameSignals": {
          "effectiveRevRisk": 0.5640930470163651,
          "effectiveUpProb": 0.7238991623489741,
          "frameState": "BULLISH",
          "monthlyBoxMonths": 14.0,
          "monthlyBoxPos": 0.5439759036144578,
          "monthlyBoxRangePct": 0.12879199317247264,
          "monthlyBoxState": "box_mid",
          "monthlyBoxWild": false,
          "monthlyBreakoutDownProb": 0.5386623935467458,
          "monthlyBreakoutUpProb": 0.7238991623489741,
          "monthlyRangePos": 0.7646239554317549,
          "monthlyRangeProb": 0.704004150590697,
          "monthlyRangeWidth": 0.07667936349720551,
          "monthlyRegimeAligned": null,
          "weeklyBreakoutDownProb": 0.5640930470163651,
          "weeklyBreakoutUpProb": 0.6831467554562628,
          "weeklyRangeProb": 0.7611334475666551,
          "weeklyRegimeAligned": null
        },
        "frameState": "BULLISH",
        "revRisk": 0.5640930470163651,
        "ticker": "1001",
        "upProb": 0.7238991623489741
      },
      {
        "frameSignals": {
          "effectiveRevRisk": 0.5267722495576207,
          "effectiveUpProb": 0.81104793397317,
          "frameState": "BULLISH",
          "monthlyBoxMonths": 14.0,
          "monthlyBoxPos": 0.8487179487179487,
          "monthlyBoxRangePct": 0.10233534505379166,
          "monthlyBoxState": "box_upper",
          "monthlyBoxWild": false,
          "monthlyBreakoutDownProb": 0.45832594026399986,
          "monthlyBreakoutUpProb": 0.81104793397317,
          "monthlyRangePos": 1.0,
          "monthlyRangeProb": 0.5307699545662286,
          "monthlyRangeWidth": 0.07500604887490926,
          "monthlyRegimeAligned": null,
          "weeklyBreakoutDownProb": 0.5267722495576207,
          "weeklyBreakoutUpProb": 0.6990520423037346,
          "weeklyRangeProb": 0.6952527433537778,
          "weeklyRegimeAligned": null
        },
        "frameState": "BULLISH",
        "revRisk": 0.5267722495576207,
        "ticker": "1306",
        "upProb": 0.81104793397317
      },
      {
        "frameSignals": {
          "effectiveRevRisk": 0.5258991972487282,
          "effectiveUpProb": 0.8120891827184678,
          "frameState": "BULLISH",
          "monthlyBoxMonths": 14.0,
          "monthlyBoxPos": 0.8422391857506362,
          "monthlyBoxRangePct": 0.10441020191285866,
          "monthlyBoxState": "box_upper",
          "monthlyBoxWild": false,
          "monthlyBreakoutDownProb": 0.4587223854608772,
          "monthlyBreakoutUpProb": 0.8120891827184678,
          "monthlyRangePos": 1.0,
          "monthlyRangeProb": 0.5286592665143106,
          "monthlyRangeWidth": 0.0746816846229187,
          "monthlyRegimeAligned": null,
          "weeklyBreakoutDownProb": 0.5258991972487282,
          "weeklyBreakoutUpProb": 0.7018251231746542,
          "weeklyRangeProb": 0.6927293543242545,
          "weeklyRegimeAligned": null
        },
        "frameState": "BULLISH",
        "revRisk": 0.5258991972487282,
        "ticker": "1308",
        "upProb": 0.8120891827184678
      }
    ]
  },
  "stage": {
    "goal20Reached": false,
    "goal30Reached": false,
    "stage2Active": false
  }
}