{
  "asOf": "2023-11-16",
  "cash": 150294.880183,
  "cum_pnl": 2554528.358132,
  "cum_return_pct": 25.545284,
  "daily_pnl": 271271.202129,
  "equity": 12554528.358132,
  "game_over": false,
  "goal20_reached": true,
  "goal30_reached": false,
  "holdings_count": 3,
  "max_drawdown_pct": -6.512792,
  "season_id": "tradex_bt3y_v8_fast_baseline_20260217"
}