{
  "actions": [],
  "asOf": "2020-12-09",
  "checks": {
    "exposureOk": true,
    "lossLimitOk": true,
    "maxHoldingsOk": true,
    "noFutureLeakOk": true,
    "unitRuleOk": true
  },
  "mode": "BACKTEST",
  "policyVersion": "toredex.v8",
  "seasonId": "toredex_multiframe_20260318",
  "signals": {
    "buy": [
      {
        "frameSignals": {
          "effectiveRevRisk": 0.32366594939031507,
          "effectiveUpProb": 0.7708455339916014,
          "frameState": "BULLISH",
          "monthlyBoxMonths": 4.0,
          "monthlyBoxPos": 1.0,
          "monthlyBoxRangePct": 0.16712364538451496,
          "monthlyBoxState": "box_upper",
          "monthlyBoxWild": false,
          "monthlyBreakoutDownProb": 0.20247144772737788,
          "monthlyBreakoutUpProb": 0.7708455339916014,
          "monthlyRangePos": 1.0,
          "monthlyRangeProb": 0.1666479610924056,
          "monthlyRangeWidth": 0.28434154276850904,
          "monthlyRegimeAligned": null,
          "weeklyBreakoutDownProb": 0.32366594939031507,
          "weeklyBreakoutUpProb": 0.7340556973427413,
          "weeklyRangeProb": 0.36243473619243016,
          "weeklyRegimeAligned": null
        },
        "frameState": "BULLISH",
        "revRisk": 0.32366594939031507,
        "ticker": "1001",
        "upProb": 0.7708455339916014
      },
      {
        "frameSignals": {
          "effectiveRevRisk": 0.35499579971028905,
          "effectiveUpProb": 0.7796809680968096,
          "frameState": "BULLISH",
          "monthlyBoxMonths": 7.0,
          "monthlyBoxPos": 1.0,
          "monthlyBoxRangePct": 0.19909208819714655,
          "monthlyBoxState": "box_upper",
          "monthlyBoxWild": false,
          "monthlyBreakoutDownProb": 0.3180601393472681,
          "monthlyBreakoutUpProb": 0.7796809680968096,
          "monthlyRangePos": 1.0,
          "monthlyRangeProb": 0.29063072973964066,
          "monthlyRangeWidth": 0.18976897689768976,
          "monthlyRegimeAligned": null,
          "weeklyBreakoutDownProb": 0.35499579971028905,
          "weeklyBreakoutUpProb": 0.6847385649836009,
          "weeklyRangeProb": 0.42782754113671395,
          "weeklyRegimeAligned": null
        },
        "frameState": "BULLISH",
        "revRisk": 0.35499579971028905,
        "ticker": "1306",
        "upProb": 0.7796809680968096
      },
      {
        "frameSignals": {
          "effectiveRevRisk": 0.35340686788234477,
          "effectiveUpProb": 0.7744142143253747,
          "frameState": "BULLISH",
          "monthlyBoxMonths": 5.0,
          "monthlyBoxPos": 1.0,
          "monthlyBoxRangePct": 0.18535320803629293,
          "monthlyBoxState": "box_upper",
          "monthlyBoxWild": false,
          "monthlyBreakoutDownProb": 0.3158708125115677,
          "monthlyBreakoutUpProb": 0.7744142143253747,
          "monthlyRangePos": 1.0,
          "monthlyRangeProb": 0.2955672774384602,
          "monthlyRangeWidth": 0.19156024430871738,
          "monthlyRegimeAligned": null,
          "weeklyBreakoutDownProb": 0.35340686788234477,
          "weeklyBreakoutUpProb": 0.6809709704464473,
          "weeklyRangeProb": 0.4268409837210927,
          "weeklyRegimeAligned": null
        },
        "frameState": "BULLISH",
        "revRisk": 0.35340686788234477,
        "ticker": "1308",
        "upProb": 0.7744142143253747
      }
    ],
    "sell": [
      {
        "frameSignals": {
          "effectiveRevRisk": 0.35499579971028905,
          "effectiveUpProb": 0.7796809680968096,
          "frameState": "BULLISH",
          "monthlyBoxMonths": 7.0,
          "monthlyBoxPos": 1.0,
          "monthlyBoxRangePct": 0.19909208819714655,
          "monthlyBoxState": "box_upper",
          "monthlyBoxWild": false,
          "monthlyBreakoutDownProb": 0.3180601393472681,
          "monthlyBreakoutUpProb": 0.7796809680968096,
          "monthlyRangePos": 1.0,
          "monthlyRangeProb": 0.29063072973964066,
          "monthlyRangeWidth": 0.18976897689768976,
          "monthlyRegimeAligned": null,
          "weeklyBreakoutDownProb": 0.35499579971028905,
          "weeklyBreakoutUpProb": 0.6847385649836009,
          "weeklyRangeProb": 0.42782754113671395,
          "weeklyRegimeAligned": null
        },
        "frameState": "BULLISH",
        "revRisk": 0.35499579971028905,
        "ticker": "1306",
        "upProb": 0.7796809680968096
      },
      {
        "frameSignals": {
          "effectiveRevRisk": 0.35340686788234477,
          "effectiveUpProb": 0.7744142143253747,
          "frameState": "BULLISH",
          "monthlyBoxMonths": 5.0,
          "monthlyBoxPos": 1.0,
          "monthlyBoxRangePct": 0.18535320803629293,
          "monthlyBoxState": "box_upper",
          "monthlyBoxWild": false,
          "monthlyBreakoutDownProb": 0.3158708125115677,
          "monthlyBreakoutUpProb": 0.7744142143253747,
          "monthlyRangePos": 1.0,
          "monthlyRangeProb": 0.2955672774384602,
          "monthlyRangeWidth": 0.19156024430871738,
          "monthlyRegimeAligned": null,
          "weeklyBreakoutDownProb": 0.35340686788234477,
          "weeklyBreakoutUpProb": 0.6809709704464473,
          "weeklyRangeProb": 0.4268409837210927,
          "weeklyRegimeAligned": null
        },
        "frameState": "BULLISH",
        "revRisk": 0.35340686788234477,
        "ticker": "1308",
        "upProb": 0.7744142143253747
      },
      {
        "frameSignals": {
          "effectiveRevRisk": 0.32366594939031507,
          "effectiveUpProb": 0.7708455339916014,
          "frameState": "BULLISH",
          "monthlyBoxMonths": 4.0,
          "monthlyBoxPos": 1.0,
          "monthlyBoxRangePct": 0.16712364538451496,
          "monthlyBoxState": "box_upper",
          "monthlyBoxWild": false,
          "monthlyBreakoutDownProb": 0.20247144772737788,
          "monthlyBreakoutUpProb": 0.7708455339916014,
          "monthlyRangePos": 1.0,
          "monthlyRangeProb": 0.1666479610924056,
          "monthlyRangeWidth": 0.28434154276850904,
          "monthlyRegimeAligned": null,
          "weeklyBreakoutDownProb": 0.32366594939031507,
          "weeklyBreakoutUpProb": 0.7340556973427413,
          "weeklyRangeProb": 0.36243473619243016,
          "weeklyRegimeAligned": null
        },
        "frameState": "BULLISH",
        "revRisk": 0.32366594939031507,
        "ticker": "1001",
        "upProb": 0.7708455339916014
      }
    ]
  },
  "stage": {
    "goal20Reached": false,
    "goal30Reached": false,
    "stage2Active": false
  }
}