{
  "asOf": "2025-10-11",
  "cash": 8571680.112503,
  "cum_pnl": 571680.112503,
  "cum_return_pct": 5.716801,
  "daily_pnl": 0.0,
  "equity": 10571680.112503,
  "game_over": false,
  "goal20_reached": false,
  "goal30_reached": false,
  "holdings_count": 1,
  "max_drawdown_pct": -0.040922,
  "season_id": "tradex_demo_202510_v10_ml_execfix"
}