{
  "actions": [],
  "asOf": "2014-10-07",
  "checks": {
    "exposureOk": true,
    "lossLimitOk": true,
    "maxHoldingsOk": true,
    "noFutureLeakOk": true,
    "unitRuleOk": true
  },
  "mode": "BACKTEST",
  "policyVersion": "toredex.v8",
  "seasonId": "toredex_multiframe_20260318",
  "signals": {
    "buy": [
      {
        "frameSignals": {
          "effectiveRevRisk": 0.5078852448066261,
          "effectiveUpProb": 0.6854658041204068,
          "frameState": "BULLISH",
          "monthlyBoxMonths": 13.0,
          "monthlyBoxPos": 0.7721518987341772,
          "monthlyBoxRangePct": 0.1318864774624374,
          "monthlyBoxState": "box_upper",
          "monthlyBoxWild": false,
          "monthlyBreakoutDownProb": 0.484498062184923,
          "monthlyBreakoutUpProb": 0.6854658041204068,
          "monthlyRangePos": 0.7870967741935484,
          "monthlyRangeProb": 0.6335563608813018,
          "monthlyRangeWidth": 0.11456023651145603,
          "monthlyRegimeAligned": null,
          "weeklyBreakoutDownProb": 0.5078852448066261,
          "weeklyBreakoutUpProb": 0.645764032685414,
          "weeklyRangeProb": 0.6870048760937812,
          "weeklyRegimeAligned": null
        },
        "frameState": "BULLISH",
        "revRisk": 0.5078852448066261,
        "ticker": "1306",
        "upProb": 0.6854658041204068
      },
      {
        "frameSignals": {
          "effectiveRevRisk": 0.507788710502261,
          "effectiveUpProb": 0.6861541593669469,
          "frameState": "BULLISH",
          "monthlyBoxMonths": 13.0,
          "monthlyBoxPos": 0.7834394904458599,
          "monthlyBoxRangePct": 0.1327134404057481,
          "monthlyBoxState": "box_upper",
          "monthlyBoxWild": false,
          "monthlyBreakoutDownProb": 0.4806702883992049,
          "monthlyBreakoutUpProb": 0.6861541593669469,
          "monthlyRangePos": 0.7935483870967742,
          "monthlyRangeProb": 0.627185120894075,
          "monthlyRangeWidth": 0.11584454409566518,
          "monthlyRegimeAligned": null,
          "weeklyBreakoutDownProb": 0.507788710502261,
          "weeklyBreakoutUpProb": 0.6443740763559196,
          "weeklyRangeProb": 0.6874199172898119,
          "weeklyRegimeAligned": null
        },
        "frameState": "BULLISH",
        "revRisk": 0.507788710502261,
        "ticker": "1308",
        "upProb": 0.6861541593669469
      },
      {
        "frameSignals": {
          "effectiveRevRisk": 0.4904081817280098,
          "effectiveUpProb": 0.6614449205302242,
          "frameState": "BULLISH",
          "monthlyBoxMonths": 13.0,
          "monthlyBoxPos": 0.7443381982888777,
          "monthlyBoxRangePct": 0.138912192393736,
          "monthlyBoxState": "box_mid",
          "monthlyBoxWild": false,
          "monthlyBreakoutDownProb": 0.4904081817280098,
          "monthlyBreakoutUpProb": 0.6614449205302242,
          "monthlyRangePos": 0.7443381982888777,
          "monthlyRangeProb": 0.652785548895833,
          "monthlyRangeWidth": 0.12196918543981339,
          "monthlyRegimeAligned": null,
          "weeklyBreakoutDownProb": 0.4798045507266398,
          "weeklyBreakoutUpProb": 0.6369506181423701,
          "weeklyRangeProb": 0.6459365323705027,
          "weeklyRegimeAligned": null
        },
        "frameState": "BULLISH",
        "revRisk": 0.4904081817280098,
        "ticker": "1001",
        "upProb": 0.6614449205302242
      }
    ],
    "sell": [
      {
        "frameSignals": {
          "effectiveRevRisk": 0.507788710502261,
          "effectiveUpProb": 0.6861541593669469,
          "frameState": "BULLISH",
          "monthlyBoxMonths": 13.0,
          "monthlyBoxPos": 0.7834394904458599,
          "monthlyBoxRangePct": 0.1327134404057481,
          "monthlyBoxState": "box_upper",
          "monthlyBoxWild": false,
          "monthlyBreakoutDownProb": 0.4806702883992049,
          "monthlyBreakoutUpProb": 0.6861541593669469,
          "monthlyRangePos": 0.7935483870967742,
          "monthlyRangeProb": 0.627185120894075,
          "monthlyRangeWidth": 0.11584454409566518,
          "monthlyRegimeAligned": null,
          "weeklyBreakoutDownProb": 0.507788710502261,
          "weeklyBreakoutUpProb": 0.6443740763559196,
          "weeklyRangeProb": 0.6874199172898119,
          "weeklyRegimeAligned": null
        },
        "frameState": "BULLISH",
        "revRisk": 0.507788710502261,
        "ticker": "1308",
        "upProb": 0.6861541593669469
      },
      {
        "frameSignals": {
          "effectiveRevRisk": 0.5078852448066261,
          "effectiveUpProb": 0.6854658041204068,
          "frameState": "BULLISH",
          "monthlyBoxMonths": 13.0,
          "monthlyBoxPos": 0.7721518987341772,
          "monthlyBoxRangePct": 0.1318864774624374,
          "monthlyBoxState": "box_upper",
          "monthlyBoxWild": false,
          "monthlyBreakoutDownProb": 0.484498062184923,
          "monthlyBreakoutUpProb": 0.6854658041204068,
          "monthlyRangePos": 0.7870967741935484,
          "monthlyRangeProb": 0.6335563608813018,
          "monthlyRangeWidth": 0.11456023651145603,
          "monthlyRegimeAligned": null,
          "weeklyBreakoutDownProb": 0.5078852448066261,
          "weeklyBreakoutUpProb": 0.645764032685414,
          "weeklyRangeProb": 0.6870048760937812,
          "weeklyRegimeAligned": null
        },
        "frameState": "BULLISH",
        "revRisk": 0.5078852448066261,
        "ticker": "1306",
        "upProb": 0.6854658041204068
      },
      {
        "frameSignals": {
          "effectiveRevRisk": 0.4904081817280098,
          "effectiveUpProb": 0.6614449205302242,
          "frameState": "BULLISH",
          "monthlyBoxMonths": 13.0,
          "monthlyBoxPos": 0.7443381982888777,
          "monthlyBoxRangePct": 0.138912192393736,
          "monthlyBoxState": "box_mid",
          "monthlyBoxWild": false,
          "monthlyBreakoutDownProb": 0.4904081817280098,
          "monthlyBreakoutUpProb": 0.6614449205302242,
          "monthlyRangePos": 0.7443381982888777,
          "monthlyRangeProb": 0.652785548895833,
          "monthlyRangeWidth": 0.12196918543981339,
          "monthlyRegimeAligned": null,
          "weeklyBreakoutDownProb": 0.4798045507266398,
          "weeklyBreakoutUpProb": 0.6369506181423701,
          "weeklyRangeProb": 0.6459365323705027,
          "weeklyRegimeAligned": null
        },
        "frameState": "BULLISH",
        "revRisk": 0.4904081817280098,
        "ticker": "1001",
        "upProb": 0.6614449205302242
      }
    ]
  },
  "stage": {
    "goal20Reached": false,
    "goal30Reached": false,
    "stage2Active": false
  }
}