{
  "actions": [],
  "asOf": "2025-05-29",
  "checks": {
    "exposureOk": true,
    "lossLimitOk": true,
    "maxHoldingsOk": true,
    "noFutureLeakOk": true,
    "unitRuleOk": true
  },
  "mode": "BACKTEST",
  "policyVersion": "toredex.v8",
  "seasonId": "toredex_multiframe_20260318",
  "signals": {
    "buy": [
      {
        "frameSignals": {
          "effectiveRevRisk": 0.46849079429889234,
          "effectiveUpProb": 0.8240198858266229,
          "frameState": "BULLISH",
          "monthlyBoxMonths": 14.0,
          "monthlyBoxPos": 0.9675925925925926,
          "monthlyBoxRangePct": 0.07874589865111192,
          "monthlyBoxState": "box_upper",
          "monthlyBoxWild": true,
          "monthlyBreakoutDownProb": 0.46849079429889234,
          "monthlyBreakoutUpProb": 0.8240198858266229,
          "monthlyRangePos": 1.0,
          "monthlyRangeProb": 0.5315545726059507,
          "monthlyRangeWidth": 0.06668935011908812,
          "monthlyRegimeAligned": null,
          "weeklyBreakoutDownProb": 0.45442059505977034,
          "weeklyBreakoutUpProb": 0.7225744412136166,
          "weeklyRangeProb": 0.5705250389167915,
          "weeklyRegimeAligned": null
        },
        "frameState": "BULLISH",
        "revRisk": 0.46849079429889234,
        "ticker": "1308",
        "upProb": 0.8240198858266229
      },
      {
        "frameSignals": {
          "effectiveRevRisk": 0.4670362884359853,
          "effectiveUpProb": 0.8237736979020456,
          "frameState": "BULLISH",
          "monthlyBoxMonths": 14.0,
          "monthlyBoxPos": 0.9539473684210527,
          "monthlyBoxRangePct": 0.08239971087820744,
          "monthlyBoxState": "box_upper",
          "monthlyBoxWild": true,
          "monthlyBreakoutDownProb": 0.4670362884359853,
          "monthlyBreakoutUpProb": 0.8237736979020456,
          "monthlyRangePos": 1.0,
          "monthlyRangeProb": 0.5250023393782869,
          "monthlyRangeWidth": 0.06787940037055752,
          "monthlyRegimeAligned": null,
          "weeklyBreakoutDownProb": 0.45462729398684015,
          "weeklyBreakoutUpProb": 0.7242291316591218,
          "weeklyRangeProb": 0.5701769593003321,
          "weeklyRegimeAligned": null
        },
        "frameState": "BULLISH",
        "revRisk": 0.4670362884359853,
        "ticker": "1306",
        "upProb": 0.8237736979020456
      },
      {
        "frameSignals": {
          "effectiveRevRisk": 0.5386065850462993,
          "effectiveUpProb": 0.6493267159791961,
          "frameState": "BULLISH",
          "monthlyBoxMonths": 14.0,
          "monthlyBoxPos": 0.5597534301053887,
          "monthlyBoxRangePct": 0.14119661959176796,
          "monthlyBoxState": "box_mid",
          "monthlyBoxWild": true,
          "monthlyBreakoutDownProb": 0.5386065850462993,
          "monthlyBreakoutUpProb": 0.6493267159791961,
          "monthlyRangePos": 0.6581716156184241,
          "monthlyRangeProb": 0.7344222742185322,
          "monthlyRangeWidth": 0.10720910412593372,
          "monthlyRegimeAligned": null,
          "weeklyBreakoutDownProb": 0.5085879327933411,
          "weeklyBreakoutUpProb": 0.5529308259543875,
          "weeklyRangeProb": 0.7261000097353387,
          "weeklyRegimeAligned": null
        },
        "frameState": "BULLISH",
        "revRisk": 0.5386065850462993,
        "ticker": "1001",
        "upProb": 0.6493267159791961
      }
    ],
    "sell": [
      {
        "frameSignals": {
          "effectiveRevRisk": 0.4670362884359853,
          "effectiveUpProb": 0.8237736979020456,
          "frameState": "BULLISH",
          "monthlyBoxMonths": 14.0,
          "monthlyBoxPos": 0.9539473684210527,
          "monthlyBoxRangePct": 0.08239971087820744,
          "monthlyBoxState": "box_upper",
          "monthlyBoxWild": true,
          "monthlyBreakoutDownProb": 0.4670362884359853,
          "monthlyBreakoutUpProb": 0.8237736979020456,
          "monthlyRangePos": 1.0,
          "monthlyRangeProb": 0.5250023393782869,
          "monthlyRangeWidth": 0.06787940037055752,
          "monthlyRegimeAligned": null,
          "weeklyBreakoutDownProb": 0.45462729398684015,
          "weeklyBreakoutUpProb": 0.7242291316591218,
          "weeklyRangeProb": 0.5701769593003321,
          "weeklyRegimeAligned": null
        },
        "frameState": "BULLISH",
        "revRisk": 0.4670362884359853,
        "ticker": "1306",
        "upProb": 0.8237736979020456
      },
      {
        "frameSignals": {
          "effectiveRevRisk": 0.46849079429889234,
          "effectiveUpProb": 0.8240198858266229,
          "frameState": "BULLISH",
          "monthlyBoxMonths": 14.0,
          "monthlyBoxPos": 0.9675925925925926,
          "monthlyBoxRangePct": 0.07874589865111192,
          "monthlyBoxState": "box_upper",
          "monthlyBoxWild": true,
          "monthlyBreakoutDownProb": 0.46849079429889234,
          "monthlyBreakoutUpProb": 0.8240198858266229,
          "monthlyRangePos": 1.0,
          "monthlyRangeProb": 0.5315545726059507,
          "monthlyRangeWidth": 0.06668935011908812,
          "monthlyRegimeAligned": null,
          "weeklyBreakoutDownProb": 0.45442059505977034,
          "weeklyBreakoutUpProb": 0.7225744412136166,
          "weeklyRangeProb": 0.5705250389167915,
          "weeklyRegimeAligned": null
        },
        "frameState": "BULLISH",
        "revRisk": 0.46849079429889234,
        "ticker": "1308",
        "upProb": 0.8240198858266229
      },
      {
        "frameSignals": {
          "effectiveRevRisk": 0.5386065850462993,
          "effectiveUpProb": 0.6493267159791961,
          "frameState": "BULLISH",
          "monthlyBoxMonths": 14.0,
          "monthlyBoxPos": 0.5597534301053887,
          "monthlyBoxRangePct": 0.14119661959176796,
          "monthlyBoxState": "box_mid",
          "monthlyBoxWild": true,
          "monthlyBreakoutDownProb": 0.5386065850462993,
          "monthlyBreakoutUpProb": 0.6493267159791961,
          "monthlyRangePos": 0.6581716156184241,
          "monthlyRangeProb": 0.7344222742185322,
          "monthlyRangeWidth": 0.10720910412593372,
          "monthlyRegimeAligned": null,
          "weeklyBreakoutDownProb": 0.5085879327933411,
          "weeklyBreakoutUpProb": 0.5529308259543875,
          "weeklyRangeProb": 0.7261000097353387,
          "weeklyRegimeAligned": null
        },
        "frameState": "BULLISH",
        "revRisk": 0.5386065850462993,
        "ticker": "1001",
        "upProb": 0.6493267159791961
      }
    ]
  },
  "stage": {
    "goal20Reached": false,
    "goal30Reached": false,
    "stage2Active": false
  }
}