{
  "actions": [],
  "asOf": "2020-07-20",
  "checks": {
    "exposureOk": true,
    "lossLimitOk": true,
    "maxHoldingsOk": true,
    "noFutureLeakOk": true,
    "unitRuleOk": true
  },
  "mode": "BACKTEST",
  "policyVersion": "toredex.v8",
  "seasonId": "toredex_multiframe_20260318",
  "signals": {
    "buy": [
      {
        "frameSignals": {
          "effectiveRevRisk": 0.37450263087624847,
          "effectiveUpProb": 0.585802483165761,
          "frameState": "BULLISH",
          "monthlyBoxMonths": 3.0,
          "monthlyBoxPos": 1.0,
          "monthlyBoxRangePct": 0.13636136261317594,
          "monthlyBoxState": "box_upper",
          "monthlyBoxWild": false,
          "monthlyBreakoutDownProb": 0.37450263087624847,
          "monthlyBreakoutUpProb": 0.585802483165761,
          "monthlyRangePos": 0.8018569318421608,
          "monthlyRangeProb": 0.4993349878262203,
          "monthlyRangeWidth": 0.20032972607372337,
          "monthlyRegimeAligned": null,
          "weeklyBreakoutDownProb": 0.2218848650640327,
          "weeklyBreakoutUpProb": 0.5533616516271764,
          "weeklyRangeProb": 0.2698052460271162,
          "weeklyRegimeAligned": null
        },
        "frameState": "BULLISH",
        "revRisk": 0.37450263087624847,
        "ticker": "1001",
        "upProb": 0.585802483165761
      },
      {
        "frameSignals": {
          "effectiveRevRisk": 0.5149476640234314,
          "effectiveUpProb": 0.5551116886981102,
          "frameState": "MIXED",
          "monthlyBoxMonths": 6.0,
          "monthlyBoxPos": 0.6486486486486487,
          "monthlyBoxRangePct": 0.17998610145934676,
          "monthlyBoxState": "box_mid",
          "monthlyBoxWild": true,
          "monthlyBreakoutDownProb": 0.5149476640234314,
          "monthlyBreakoutUpProb": 0.5048190466600874,
          "monthlyRangePos": 0.4855305466237942,
          "monthlyRangeProb": 0.7356426207678262,
          "monthlyRangeWidth": 0.17600452744765138,
          "monthlyRegimeAligned": null,
          "weeklyBreakoutDownProb": 0.34178715043953495,
          "weeklyBreakoutUpProb": 0.5551116886981102,
          "weeklyRangeProb": 0.45984295759548777,
          "weeklyRegimeAligned": null
        },
        "frameState": "MIXED",
        "revRisk": 0.5149476640234314,
        "ticker": "1308",
        "upProb": 0.5551116886981102
      },
      {
        "frameSignals": {
          "effectiveRevRisk": 0.5181443823285229,
          "effectiveUpProb": 0.5593973434418147,
          "frameState": "MIXED",
          "monthlyBoxMonths": 6.0,
          "monthlyBoxPos": 0.6436781609195402,
          "monthlyBoxRangePct": 0.17938144329896907,
          "monthlyBoxState": "box_mid",
          "monthlyBoxWild": true,
          "monthlyBreakoutDownProb": 0.5181443823285229,
          "monthlyBreakoutUpProb": 0.5068540597478778,
          "monthlyRangePos": 0.4838709677419355,
          "monthlyRangeProb": 0.7375723931917734,
          "monthlyRangeWidth": 0.17386427369601795,
          "monthlyRegimeAligned": null,
          "weeklyBreakoutDownProb": 0.3351785934418146,
          "weeklyBreakoutUpProb": 0.5593973434418147,
          "weeklyRangeProb": 0.44757612179487183,
          "weeklyRegimeAligned": null
        },
        "frameState": "MIXED",
        "revRisk": 0.5181443823285229,
        "ticker": "1306",
        "upProb": 0.5593973434418147
      }
    ],
    "sell": [
      {
        "frameSignals": {
          "effectiveRevRisk": 0.5181443823285229,
          "effectiveUpProb": 0.5593973434418147,
          "frameState": "MIXED",
          "monthlyBoxMonths": 6.0,
          "monthlyBoxPos": 0.6436781609195402,
          "monthlyBoxRangePct": 0.17938144329896907,
          "monthlyBoxState": "box_mid",
          "monthlyBoxWild": true,
          "monthlyBreakoutDownProb": 0.5181443823285229,
          "monthlyBreakoutUpProb": 0.5068540597478778,
          "monthlyRangePos": 0.4838709677419355,
          "monthlyRangeProb": 0.7375723931917734,
          "monthlyRangeWidth": 0.17386427369601795,
          "monthlyRegimeAligned": null,
          "weeklyBreakoutDownProb": 0.3351785934418146,
          "weeklyBreakoutUpProb": 0.5593973434418147,
          "weeklyRangeProb": 0.44757612179487183,
          "weeklyRegimeAligned": null
        },
        "frameState": "MIXED",
        "revRisk": 0.5181443823285229,
        "ticker": "1306",
        "upProb": 0.5593973434418147
      },
      {
        "frameSignals": {
          "effectiveRevRisk": 0.5149476640234314,
          "effectiveUpProb": 0.5551116886981102,
          "frameState": "MIXED",
          "monthlyBoxMonths": 6.0,
          "monthlyBoxPos": 0.6486486486486487,
          "monthlyBoxRangePct": 0.17998610145934676,
          "monthlyBoxState": "box_mid",
          "monthlyBoxWild": true,
          "monthlyBreakoutDownProb": 0.5149476640234314,
          "monthlyBreakoutUpProb": 0.5048190466600874,
          "monthlyRangePos": 0.4855305466237942,
          "monthlyRangeProb": 0.7356426207678262,
          "monthlyRangeWidth": 0.17600452744765138,
          "monthlyRegimeAligned": null,
          "weeklyBreakoutDownProb": 0.34178715043953495,
          "weeklyBreakoutUpProb": 0.5551116886981102,
          "weeklyRangeProb": 0.45984295759548777,
          "weeklyRegimeAligned": null
        },
        "frameState": "MIXED",
        "revRisk": 0.5149476640234314,
        "ticker": "1308",
        "upProb": 0.5551116886981102
      },
      {
        "frameSignals": {
          "effectiveRevRisk": 0.37450263087624847,
          "effectiveUpProb": 0.585802483165761,
          "frameState": "BULLISH",
          "monthlyBoxMonths": 3.0,
          "monthlyBoxPos": 1.0,
          "monthlyBoxRangePct": 0.13636136261317594,
          "monthlyBoxState": "box_upper",
          "monthlyBoxWild": false,
          "monthlyBreakoutDownProb": 0.37450263087624847,
          "monthlyBreakoutUpProb": 0.585802483165761,
          "monthlyRangePos": 0.8018569318421608,
          "monthlyRangeProb": 0.4993349878262203,
          "monthlyRangeWidth": 0.20032972607372337,
          "monthlyRegimeAligned": null,
          "weeklyBreakoutDownProb": 0.2218848650640327,
          "weeklyBreakoutUpProb": 0.5533616516271764,
          "weeklyRangeProb": 0.2698052460271162,
          "weeklyRegimeAligned": null
        },
        "frameState": "BULLISH",
        "revRisk": 0.37450263087624847,
        "ticker": "1001",
        "upProb": 0.585802483165761
      }
    ]
  },
  "stage": {
    "goal20Reached": false,
    "goal30Reached": false,
    "stage2Active": false
  }
}