{
  "actions": [],
  "asOf": "2009-10-13",
  "checks": {
    "exposureOk": true,
    "lossLimitOk": true,
    "maxHoldingsOk": true,
    "noFutureLeakOk": true,
    "unitRuleOk": true
  },
  "mode": "BACKTEST",
  "policyVersion": "toredex.v8",
  "seasonId": "toredex_multiframe_20260318",
  "signals": {
    "buy": [
      {
        "frameSignals": {
          "effectiveRevRisk": 0.5399724352954041,
          "effectiveUpProb": 0.5935438638668327,
          "frameState": "MIXED",
          "monthlyBoxMonths": 6.0,
          "monthlyBoxPos": 0.7469586374695864,
          "monthlyBoxRangePct": 0.18580470162748644,
          "monthlyBoxState": "box_mid",
          "monthlyBoxWild": false,
          "monthlyBreakoutDownProb": 0.2591754938091643,
          "monthlyBreakoutUpProb": 0.5095858905259906,
          "monthlyRangePos": 0.8577291381668947,
          "monthlyRangeProb": 0.34703951220849255,
          "monthlyRangeWidth": 0.2786885245901639,
          "monthlyRegimeAligned": null,
          "weeklyBreakoutDownProb": 0.5399724352954041,
          "weeklyBreakoutUpProb": 0.5935438638668327,
          "weeklyRangeProb": 0.7594154754789839,
          "weeklyRegimeAligned": null
        },
        "frameState": "MIXED",
        "revRisk": 0.5399724352954041,
        "ticker": "1001",
        "upProb": 0.5935438638668327
      },
      {
        "frameSignals": {
          "effectiveRevRisk": 0.6631451920702275,
          "effectiveUpProb": 0.545039177827495,
          "frameState": "BEARISH",
          "monthlyBoxMonths": 6.0,
          "monthlyBoxPos": 0.4537037037037037,
          "monthlyBoxRangePct": 0.12471131639722864,
          "monthlyBoxState": "box_mid",
          "monthlyBoxWild": false,
          "monthlyBreakoutDownProb": 0.40051181464341545,
          "monthlyBreakoutUpProb": 0.545039177827495,
          "monthlyRangePos": 0.7064676616915423,
          "monthlyRangeProb": 0.5573891323669129,
          "monthlyRangeWidth": 0.20636550308008214,
          "monthlyRegimeAligned": null,
          "weeklyBreakoutDownProb": 0.6631451920702275,
          "weeklyBreakoutUpProb": 0.5349273702880493,
          "weeklyRangeProb": 0.7229159650658944,
          "weeklyRegimeAligned": null
        },
        "frameState": "BEARISH",
        "revRisk": 0.6631451920702275,
        "ticker": "1306",
        "upProb": 0.545039177827495
      },
      {
        "frameSignals": {
          "effectiveRevRisk": 0.6534025614399447,
          "effectiveUpProb": 0.5506686618674,
          "frameState": "BEARISH",
          "monthlyBoxMonths": 7.0,
          "monthlyBoxPos": 0.6496815286624203,
          "monthlyBoxRangePct": 0.1977329974811083,
          "monthlyBoxState": "box_mid",
          "monthlyBoxWild": false,
          "monthlyBreakoutDownProb": 0.39810455930329747,
          "monthlyBreakoutUpProb": 0.5506686618674,
          "monthlyRangePos": 0.717948717948718,
          "monthlyRangeProb": 0.5512564372185823,
          "monthlyRangeWidth": 0.20504731861198738,
          "monthlyRegimeAligned": null,
          "weeklyBreakoutDownProb": 0.6534025614399447,
          "weeklyBreakoutUpProb": 0.5300692281066113,
          "weeklyRangeProb": 0.7191727241259952,
          "weeklyRegimeAligned": null
        },
        "frameState": "BEARISH",
        "revRisk": 0.6534025614399447,
        "ticker": "1308",
        "upProb": 0.5506686618674
      }
    ],
    "sell": [
      {
        "frameSignals": {
          "effectiveRevRisk": 0.6631451920702275,
          "effectiveUpProb": 0.6631451920702275,
          "frameState": "BEARISH",
          "monthlyBoxMonths": 6.0,
          "monthlyBoxPos": 0.4537037037037037,
          "monthlyBoxRangePct": 0.12471131639722864,
          "monthlyBoxState": "box_mid",
          "monthlyBoxWild": false,
          "monthlyBreakoutDownProb": 0.40051181464341545,
          "monthlyBreakoutUpProb": 0.545039177827495,
          "monthlyRangePos": 0.7064676616915423,
          "monthlyRangeProb": 0.5573891323669129,
          "monthlyRangeWidth": 0.20636550308008214,
          "monthlyRegimeAligned": null,
          "weeklyBreakoutDownProb": 0.6631451920702275,
          "weeklyBreakoutUpProb": 0.5349273702880493,
          "weeklyRangeProb": 0.7229159650658944,
          "weeklyRegimeAligned": null
        },
        "frameState": "BEARISH",
        "revRisk": 0.6631451920702275,
        "ticker": "1306",
        "upProb": 0.6631451920702275
      },
      {
        "frameSignals": {
          "effectiveRevRisk": 0.6534025614399447,
          "effectiveUpProb": 0.6534025614399447,
          "frameState": "BEARISH",
          "monthlyBoxMonths": 7.0,
          "monthlyBoxPos": 0.6496815286624203,
          "monthlyBoxRangePct": 0.1977329974811083,
          "monthlyBoxState": "box_mid",
          "monthlyBoxWild": false,
          "monthlyBreakoutDownProb": 0.39810455930329747,
          "monthlyBreakoutUpProb": 0.5506686618674,
          "monthlyRangePos": 0.717948717948718,
          "monthlyRangeProb": 0.5512564372185823,
          "monthlyRangeWidth": 0.20504731861198738,
          "monthlyRegimeAligned": null,
          "weeklyBreakoutDownProb": 0.6534025614399447,
          "weeklyBreakoutUpProb": 0.5300692281066113,
          "weeklyRangeProb": 0.7191727241259952,
          "weeklyRegimeAligned": null
        },
        "frameState": "BEARISH",
        "revRisk": 0.6534025614399447,
        "ticker": "1308",
        "upProb": 0.6534025614399447
      },
      {
        "frameSignals": {
          "effectiveRevRisk": 0.5399724352954041,
          "effectiveUpProb": 0.5935438638668327,
          "frameState": "MIXED",
          "monthlyBoxMonths": 6.0,
          "monthlyBoxPos": 0.7469586374695864,
          "monthlyBoxRangePct": 0.18580470162748644,
          "monthlyBoxState": "box_mid",
          "monthlyBoxWild": false,
          "monthlyBreakoutDownProb": 0.2591754938091643,
          "monthlyBreakoutUpProb": 0.5095858905259906,
          "monthlyRangePos": 0.8577291381668947,
          "monthlyRangeProb": 0.34703951220849255,
          "monthlyRangeWidth": 0.2786885245901639,
          "monthlyRegimeAligned": null,
          "weeklyBreakoutDownProb": 0.5399724352954041,
          "weeklyBreakoutUpProb": 0.5935438638668327,
          "weeklyRangeProb": 0.7594154754789839,
          "weeklyRegimeAligned": null
        },
        "frameState": "MIXED",
        "revRisk": 0.5399724352954041,
        "ticker": "1001",
        "upProb": 0.5935438638668327
      }
    ]
  },
  "stage": {
    "goal20Reached": false,
    "goal30Reached": false,
    "stage2Active": false
  }
}