{
  "actions": [
    {
      "deltaUnits": 2,
      "reasonId": "E_NEW_TOPK_GATE_OK",
      "side": "SHORT",
      "ticker": "1001"
    }
  ],
  "asOf": "2003-05-29",
  "checks": {
    "exposureOk": true,
    "lossLimitOk": true,
    "maxHoldingsOk": true,
    "noFutureLeakOk": true,
    "unitRuleOk": true
  },
  "mode": "BACKTEST",
  "policyVersion": "toredex.v8",
  "seasonId": "toredex_multiframe_20260318",
  "signals": {
    "buy": [
      {
        "frameSignals": {
          "effectiveRevRisk": 0.56711358987212,
          "effectiveUpProb": 0.6601515645556643,
          "frameState": "BULLISH",
          "monthlyBoxMonths": 9.0,
          "monthlyBoxPos": 0.3576158940397351,
          "monthlyBoxRangePct": 0.19138149556400508,
          "monthlyBoxState": "box_mid",
          "monthlyBoxWild": false,
          "monthlyBreakoutDownProb": 0.4887339467126701,
          "monthlyBreakoutUpProb": 0.239634847613571,
          "monthlyRangePos": 0.14414414414414414,
          "monthlyRangeProb": 0.3244824611845888,
          "monthlyRangeWidth": 0.29521276595744683,
          "monthlyRegimeAligned": null,
          "weeklyBreakoutDownProb": 0.56711358987212,
          "weeklyBreakoutUpProb": 0.6601515645556643,
          "weeklyRangeProb": 0.7753459802056009,
          "weeklyRegimeAligned": null
        },
        "frameState": "BULLISH",
        "revRisk": 0.56711358987212,
        "ticker": "1308",
        "upProb": 0.6601515645556643
      },
      {
        "frameSignals": {
          "effectiveRevRisk": 0.579726574500768,
          "effectiveUpProb": 0.6590599078341014,
          "frameState": "MIXED",
          "monthlyBoxMonths": 9.0,
          "monthlyBoxPos": 0.3333333333333333,
          "monthlyBoxRangePct": 0.18867924528301888,
          "monthlyBoxState": "box_mid",
          "monthlyBoxWild": false,
          "monthlyBreakoutDownProb": 0.49830294690975807,
          "monthlyBreakoutUpProb": 0.24799334938653825,
          "monthlyRangePos": 0.14241486068111456,
          "monthlyRangeProb": 0.33386548665186433,
          "monthlyRangeWidth": 0.2878787878787879,
          "monthlyRegimeAligned": null,
          "weeklyBreakoutDownProb": 0.579726574500768,
          "weeklyBreakoutUpProb": 0.6590599078341014,
          "weeklyRangeProb": 0.7958586789554531,
          "weeklyRegimeAligned": null
        },
        "frameState": "MIXED",
        "revRisk": 0.579726574500768,
        "ticker": "1306",
        "upProb": 0.6590599078341014
      },
      {
        "frameSignals": {
          "effectiveRevRisk": 0.5910474871681499,
          "effectiveUpProb": 0.5700203553852041,
          "frameState": "MIXED",
          "monthlyBoxMonths": 8.0,
          "monthlyBoxPos": 0.3845117845117845,
          "monthlyBoxRangePct": 0.19028703229113275,
          "monthlyBoxState": "box_mid",
          "monthlyBoxWild": false,
          "monthlyBreakoutDownProb": 0.44302645478485303,
          "monthlyBreakoutUpProb": 0.18987284339116028,
          "monthlyRangePos": 0.13835198372329605,
          "monthlyRangeProb": 0.2640141557103151,
          "monthlyRangeWidth": 0.33426846892799456,
          "monthlyRegimeAligned": null,
          "weeklyBreakoutDownProb": 0.5910474871681499,
          "weeklyBreakoutUpProb": 0.5700203553852041,
          "weeklyRangeProb": 0.8082402297258543,
          "weeklyRegimeAligned": null
        },
        "frameState": "MIXED",
        "revRisk": 0.5910474871681499,
        "ticker": "1001",
        "upProb": 0.5700203553852041
      }
    ],
    "sell": [
      {
        "frameSignals": {
          "effectiveRevRisk": 0.579726574500768,
          "effectiveUpProb": 0.6590599078341014,
          "frameState": "MIXED",
          "monthlyBoxMonths": 9.0,
          "monthlyBoxPos": 0.3333333333333333,
          "monthlyBoxRangePct": 0.18867924528301888,
          "monthlyBoxState": "box_mid",
          "monthlyBoxWild": false,
          "monthlyBreakoutDownProb": 0.49830294690975807,
          "monthlyBreakoutUpProb": 0.24799334938653825,
          "monthlyRangePos": 0.14241486068111456,
          "monthlyRangeProb": 0.33386548665186433,
          "monthlyRangeWidth": 0.2878787878787879,
          "monthlyRegimeAligned": null,
          "weeklyBreakoutDownProb": 0.579726574500768,
          "weeklyBreakoutUpProb": 0.6590599078341014,
          "weeklyRangeProb": 0.7958586789554531,
          "weeklyRegimeAligned": null
        },
        "frameState": "MIXED",
        "revRisk": 0.579726574500768,
        "ticker": "1306",
        "upProb": 0.6590599078341014
      },
      {
        "frameSignals": {
          "effectiveRevRisk": 0.56711358987212,
          "effectiveUpProb": 0.6601515645556643,
          "frameState": "BULLISH",
          "monthlyBoxMonths": 9.0,
          "monthlyBoxPos": 0.3576158940397351,
          "monthlyBoxRangePct": 0.19138149556400508,
          "monthlyBoxState": "box_mid",
          "monthlyBoxWild": false,
          "monthlyBreakoutDownProb": 0.4887339467126701,
          "monthlyBreakoutUpProb": 0.239634847613571,
          "monthlyRangePos": 0.14414414414414414,
          "monthlyRangeProb": 0.3244824611845888,
          "monthlyRangeWidth": 0.29521276595744683,
          "monthlyRegimeAligned": null,
          "weeklyBreakoutDownProb": 0.56711358987212,
          "weeklyBreakoutUpProb": 0.6601515645556643,
          "weeklyRangeProb": 0.7753459802056009,
          "weeklyRegimeAligned": null
        },
        "frameState": "BULLISH",
        "revRisk": 0.56711358987212,
        "ticker": "1308",
        "upProb": 0.6601515645556643
      },
      {
        "frameSignals": {
          "effectiveRevRisk": 0.5910474871681499,
          "effectiveUpProb": 0.5910474871681499,
          "frameState": "MIXED",
          "monthlyBoxMonths": 8.0,
          "monthlyBoxPos": 0.3845117845117845,
          "monthlyBoxRangePct": 0.19028703229113275,
          "monthlyBoxState": "box_mid",
          "monthlyBoxWild": false,
          "monthlyBreakoutDownProb": 0.44302645478485303,
          "monthlyBreakoutUpProb": 0.18987284339116028,
          "monthlyRangePos": 0.13835198372329605,
          "monthlyRangeProb": 0.2640141557103151,
          "monthlyRangeWidth": 0.33426846892799456,
          "monthlyRegimeAligned": null,
          "weeklyBreakoutDownProb": 0.5910474871681499,
          "weeklyBreakoutUpProb": 0.5700203553852041,
          "weeklyRangeProb": 0.8082402297258543,
          "weeklyRegimeAligned": null
        },
        "frameState": "MIXED",
        "revRisk": 0.5910474871681499,
        "ticker": "1001",
        "upProb": 0.5910474871681499
      }
    ]
  },
  "stage": {
    "goal20Reached": false,
    "goal30Reached": false,
    "stage2Active": false
  }
}