{
  "actions": [],
  "asOf": "2025-06-23",
  "checks": {
    "exposureOk": true,
    "lossLimitOk": true,
    "maxHoldingsOk": true,
    "noFutureLeakOk": true,
    "unitRuleOk": true
  },
  "mode": "BACKTEST",
  "policyVersion": "toredex.v8",
  "seasonId": "toredex_multiframe_20260318",
  "signals": {
    "buy": [
      {
        "frameSignals": {
          "effectiveRevRisk": 0.5353329076960541,
          "effectiveUpProb": 0.7456735402994604,
          "frameState": "BULLISH",
          "monthlyBoxMonths": 14.0,
          "monthlyBoxPos": 0.7214912280701754,
          "monthlyBoxRangePct": 0.08239971087820744,
          "monthlyBoxState": "box_mid",
          "monthlyBoxWild": true,
          "monthlyBreakoutDownProb": 0.5353329076960541,
          "monthlyBreakoutUpProb": 0.7456735402994604,
          "monthlyRangePos": 0.8004866180048662,
          "monthlyRangeProb": 0.689799541212125,
          "monthlyRangeWidth": 0.06913372582001683,
          "monthlyRegimeAligned": null,
          "weeklyBreakoutDownProb": 0.4318858168939612,
          "weeklyBreakoutUpProb": 0.7257676734340456,
          "weeklyRangeProb": 0.5333679331991924,
          "weeklyRegimeAligned": null
        },
        "frameState": "BULLISH",
        "revRisk": 0.5353329076960541,
        "ticker": "1306",
        "upProb": 0.7456735402994604
      },
      {
        "frameSignals": {
          "effectiveRevRisk": 0.5437251639138753,
          "effectiveUpProb": 0.7417049618936733,
          "frameState": "BULLISH",
          "monthlyBoxMonths": 14.0,
          "monthlyBoxPos": 0.7175925925925926,
          "monthlyBoxRangePct": 0.07874589865111192,
          "monthlyBoxState": "box_mid",
          "monthlyBoxWild": true,
          "monthlyBreakoutDownProb": 0.5437251639138753,
          "monthlyBreakoutUpProb": 0.7417049618936733,
          "monthlyRangePos": 0.7828282828282829,
          "monthlyRangeProb": 0.704774367270117,
          "monthlyRangeWidth": 0.06732403944236655,
          "monthlyRegimeAligned": null,
          "weeklyBreakoutDownProb": 0.43253087351283526,
          "weeklyBreakoutUpProb": 0.72157581733306,
          "weeklyRangeProb": 0.5361090098614406,
          "weeklyRegimeAligned": null
        },
        "frameState": "BULLISH",
        "revRisk": 0.5437251639138753,
        "ticker": "1308",
        "upProb": 0.7417049618936733
      },
      {
        "frameSignals": {
          "effectiveRevRisk": 0.5449895637697035,
          "effectiveUpProb": 0.6467455655213099,
          "frameState": "BULLISH",
          "monthlyBoxMonths": 14.0,
          "monthlyBoxPos": 0.6323937153419593,
          "monthlyBoxRangePct": 0.12151500687873767,
          "monthlyBoxState": "box_mid",
          "monthlyBoxWild": true,
          "monthlyBreakoutDownProb": 0.5449895637697035,
          "monthlyBreakoutUpProb": 0.6429437372557919,
          "monthlyRangePos": 0.6399345335515548,
          "monthlyRangeProb": 0.7471882316653408,
          "monthlyRangeWidth": 0.10720910412593372,
          "monthlyRegimeAligned": null,
          "weeklyBreakoutDownProb": 0.4334250377110543,
          "weeklyBreakoutUpProb": 0.6467455655213099,
          "weeklyRangeProb": 0.5681439195543233,
          "weeklyRegimeAligned": null
        },
        "frameState": "BULLISH",
        "revRisk": 0.5449895637697035,
        "ticker": "1001",
        "upProb": 0.6467455655213099
      }
    ],
    "sell": [
      {
        "frameSignals": {
          "effectiveRevRisk": 0.5437251639138753,
          "effectiveUpProb": 0.7417049618936733,
          "frameState": "BULLISH",
          "monthlyBoxMonths": 14.0,
          "monthlyBoxPos": 0.7175925925925926,
          "monthlyBoxRangePct": 0.07874589865111192,
          "monthlyBoxState": "box_mid",
          "monthlyBoxWild": true,
          "monthlyBreakoutDownProb": 0.5437251639138753,
          "monthlyBreakoutUpProb": 0.7417049618936733,
          "monthlyRangePos": 0.7828282828282829,
          "monthlyRangeProb": 0.704774367270117,
          "monthlyRangeWidth": 0.06732403944236655,
          "monthlyRegimeAligned": null,
          "weeklyBreakoutDownProb": 0.43253087351283526,
          "weeklyBreakoutUpProb": 0.72157581733306,
          "weeklyRangeProb": 0.5361090098614406,
          "weeklyRegimeAligned": null
        },
        "frameState": "BULLISH",
        "revRisk": 0.5437251639138753,
        "ticker": "1308",
        "upProb": 0.7417049618936733
      },
      {
        "frameSignals": {
          "effectiveRevRisk": 0.5353329076960541,
          "effectiveUpProb": 0.7456735402994604,
          "frameState": "BULLISH",
          "monthlyBoxMonths": 14.0,
          "monthlyBoxPos": 0.7214912280701754,
          "monthlyBoxRangePct": 0.08239971087820744,
          "monthlyBoxState": "box_mid",
          "monthlyBoxWild": true,
          "monthlyBreakoutDownProb": 0.5353329076960541,
          "monthlyBreakoutUpProb": 0.7456735402994604,
          "monthlyRangePos": 0.8004866180048662,
          "monthlyRangeProb": 0.689799541212125,
          "monthlyRangeWidth": 0.06913372582001683,
          "monthlyRegimeAligned": null,
          "weeklyBreakoutDownProb": 0.4318858168939612,
          "weeklyBreakoutUpProb": 0.7257676734340456,
          "weeklyRangeProb": 0.5333679331991924,
          "weeklyRegimeAligned": null
        },
        "frameState": "BULLISH",
        "revRisk": 0.5353329076960541,
        "ticker": "1306",
        "upProb": 0.7456735402994604
      },
      {
        "frameSignals": {
          "effectiveRevRisk": 0.5449895637697035,
          "effectiveUpProb": 0.6467455655213099,
          "frameState": "BULLISH",
          "monthlyBoxMonths": 14.0,
          "monthlyBoxPos": 0.6323937153419593,
          "monthlyBoxRangePct": 0.12151500687873767,
          "monthlyBoxState": "box_mid",
          "monthlyBoxWild": true,
          "monthlyBreakoutDownProb": 0.5449895637697035,
          "monthlyBreakoutUpProb": 0.6429437372557919,
          "monthlyRangePos": 0.6399345335515548,
          "monthlyRangeProb": 0.7471882316653408,
          "monthlyRangeWidth": 0.10720910412593372,
          "monthlyRegimeAligned": null,
          "weeklyBreakoutDownProb": 0.4334250377110543,
          "weeklyBreakoutUpProb": 0.6467455655213099,
          "weeklyRangeProb": 0.5681439195543233,
          "weeklyRegimeAligned": null
        },
        "frameState": "BULLISH",
        "revRisk": 0.5449895637697035,
        "ticker": "1001",
        "upProb": 0.6467455655213099
      }
    ]
  },
  "stage": {
    "goal20Reached": false,
    "goal30Reached": false,
    "stage2Active": false
  }
}