{
  "asOf": "2025-11-19",
  "cash": 3884370.262054,
  "cum_pnl": -115629.737946,
  "cum_return_pct": -1.156297,
  "daily_pnl": 0.0,
  "equity": 9884370.262054,
  "game_over": false,
  "goal20_reached": false,
  "goal30_reached": false,
  "holdings_count": 3,
  "max_drawdown_pct": -15.509691,
  "season_id": "tradex_demo_202511_v4"
}