{
  "asOf": "2025-10-21",
  "cash": 6877921.281861,
  "cum_pnl": -1122078.718139,
  "cum_return_pct": -11.220787,
  "daily_pnl": -189747.513389,
  "equity": 8877921.281861,
  "game_over": false,
  "goal20_reached": false,
  "goal30_reached": false,
  "holdings_count": 1,
  "max_drawdown_pct": -11.220787,
  "season_id": "tradex_demo_202510_v5"
}