{
  "actions": [],
  "asOf": "2005-01-05",
  "checks": {
    "exposureOk": true,
    "lossLimitOk": true,
    "maxHoldingsOk": true,
    "noFutureLeakOk": true,
    "unitRuleOk": true
  },
  "mode": "BACKTEST",
  "policyVersion": "toredex.v8",
  "seasonId": "toredex_multiframe_20260318",
  "signals": {
    "buy": [
      {
        "frameSignals": {
          "effectiveRevRisk": 0.5735178228409927,
          "effectiveUpProb": 0.8480349024783693,
          "frameState": "BULLISH",
          "monthlyBoxMonths": 14.0,
          "monthlyBoxPos": 0.7426050856253243,
          "monthlyBoxRangePct": 0.19258444933040175,
          "monthlyBoxState": "box_mid",
          "monthlyBoxWild": false,
          "monthlyBreakoutDownProb": 0.5735178228409927,
          "monthlyBreakoutUpProb": 0.6524046673672117,
          "monthlyRangePos": 0.6126954921803128,
          "monthlyRangeProb": 0.7887037178695382,
          "monthlyRangeWidth": 0.09166807218755271,
          "monthlyRegimeAligned": null,
          "weeklyBreakoutDownProb": 0.4845065258835607,
          "weeklyBreakoutUpProb": 0.8480349024783693,
          "weeklyRangeProb": 0.518485115119519,
          "weeklyRegimeAligned": null
        },
        "frameState": "BULLISH",
        "revRisk": 0.5735178228409927,
        "ticker": "1001",
        "upProb": 0.8480349024783693
      },
      {
        "frameSignals": {
          "effectiveRevRisk": 0.5116086235489221,
          "effectiveUpProb": 0.8491627951993804,
          "frameState": "BULLISH",
          "monthlyBoxMonths": 13.0,
          "monthlyBoxPos": 0.6415094339622641,
          "monthlyBoxRangePct": 0.150997150997151,
          "monthlyBoxState": "box_mid",
          "monthlyBoxWild": false,
          "monthlyBreakoutDownProb": 0.5116086235489221,
          "monthlyBreakoutUpProb": 0.6282752902155888,
          "monthlyRangePos": 0.6666666666666666,
          "monthlyRangeProb": 0.7000829187396352,
          "monthlyRangeWidth": 0.12686567164179105,
          "monthlyRegimeAligned": null,
          "weeklyBreakoutDownProb": 0.4871854432830042,
          "weeklyBreakoutUpProb": 0.8491627951993804,
          "weeklyRangeProb": 0.5278552071234998,
          "weeklyRegimeAligned": null
        },
        "frameState": "BULLISH",
        "revRisk": 0.5116086235489221,
        "ticker": "1306",
        "upProb": 0.8491627951993804
      },
      {
        "frameSignals": {
          "effectiveRevRisk": 0.5232147051914494,
          "effectiveUpProb": 0.8413580246913581,
          "frameState": "BULLISH",
          "monthlyBoxMonths": 13.0,
          "monthlyBoxPos": 0.60625,
          "monthlyBoxRangePct": 0.1523809523809524,
          "monthlyBoxState": "box_mid",
          "monthlyBoxWild": false,
          "monthlyBreakoutDownProb": 0.5232147051914494,
          "monthlyBreakoutUpProb": 0.6141237961005404,
          "monthlyRangePos": 0.6298701298701299,
          "monthlyRangeProb": 0.7243363871270847,
          "monthlyRangeWidth": 0.12790697674418605,
          "monthlyRegimeAligned": null,
          "weeklyBreakoutDownProb": 0.48370273160299415,
          "weeklyBreakoutUpProb": 0.8413580246913581,
          "weeklyRangeProb": 0.5410275104500827,
          "weeklyRegimeAligned": null
        },
        "frameState": "BULLISH",
        "revRisk": 0.5232147051914494,
        "ticker": "1308",
        "upProb": 0.8413580246913581
      }
    ],
    "sell": [
      {
        "frameSignals": {
          "effectiveRevRisk": 0.5735178228409927,
          "effectiveUpProb": 0.8480349024783693,
          "frameState": "BULLISH",
          "monthlyBoxMonths": 14.0,
          "monthlyBoxPos": 0.7426050856253243,
          "monthlyBoxRangePct": 0.19258444933040175,
          "monthlyBoxState": "box_mid",
          "monthlyBoxWild": false,
          "monthlyBreakoutDownProb": 0.5735178228409927,
          "monthlyBreakoutUpProb": 0.6524046673672117,
          "monthlyRangePos": 0.6126954921803128,
          "monthlyRangeProb": 0.7887037178695382,
          "monthlyRangeWidth": 0.09166807218755271,
          "monthlyRegimeAligned": null,
          "weeklyBreakoutDownProb": 0.4845065258835607,
          "weeklyBreakoutUpProb": 0.8480349024783693,
          "weeklyRangeProb": 0.518485115119519,
          "weeklyRegimeAligned": null
        },
        "frameState": "BULLISH",
        "revRisk": 0.5735178228409927,
        "ticker": "1001",
        "upProb": 0.8480349024783693
      },
      {
        "frameSignals": {
          "effectiveRevRisk": 0.5116086235489221,
          "effectiveUpProb": 0.8491627951993804,
          "frameState": "BULLISH",
          "monthlyBoxMonths": 13.0,
          "monthlyBoxPos": 0.6415094339622641,
          "monthlyBoxRangePct": 0.150997150997151,
          "monthlyBoxState": "box_mid",
          "monthlyBoxWild": false,
          "monthlyBreakoutDownProb": 0.5116086235489221,
          "monthlyBreakoutUpProb": 0.6282752902155888,
          "monthlyRangePos": 0.6666666666666666,
          "monthlyRangeProb": 0.7000829187396352,
          "monthlyRangeWidth": 0.12686567164179105,
          "monthlyRegimeAligned": null,
          "weeklyBreakoutDownProb": 0.4871854432830042,
          "weeklyBreakoutUpProb": 0.8491627951993804,
          "weeklyRangeProb": 0.5278552071234998,
          "weeklyRegimeAligned": null
        },
        "frameState": "BULLISH",
        "revRisk": 0.5116086235489221,
        "ticker": "1306",
        "upProb": 0.8491627951993804
      },
      {
        "frameSignals": {
          "effectiveRevRisk": 0.5232147051914494,
          "effectiveUpProb": 0.8413580246913581,
          "frameState": "BULLISH",
          "monthlyBoxMonths": 13.0,
          "monthlyBoxPos": 0.60625,
          "monthlyBoxRangePct": 0.1523809523809524,
          "monthlyBoxState": "box_mid",
          "monthlyBoxWild": false,
          "monthlyBreakoutDownProb": 0.5232147051914494,
          "monthlyBreakoutUpProb": 0.6141237961005404,
          "monthlyRangePos": 0.6298701298701299,
          "monthlyRangeProb": 0.7243363871270847,
          "monthlyRangeWidth": 0.12790697674418605,
          "monthlyRegimeAligned": null,
          "weeklyBreakoutDownProb": 0.48370273160299415,
          "weeklyBreakoutUpProb": 0.8413580246913581,
          "weeklyRangeProb": 0.5410275104500827,
          "weeklyRegimeAligned": null
        },
        "frameState": "BULLISH",
        "revRisk": 0.5232147051914494,
        "ticker": "1308",
        "upProb": 0.8413580246913581
      }
    ]
  },
  "stage": {
    "goal20Reached": false,
    "goal30Reached": false,
    "stage2Active": false
  }
}