{
  "asOf": "2025-10-17",
  "cash": 8489843.134305,
  "cum_pnl": 389843.134305,
  "cum_return_pct": 3.898431,
  "daily_pnl": -100000.0,
  "equity": 10389843.134305,
  "game_over": false,
  "goal20_reached": false,
  "goal30_reached": false,
  "holdings_count": 1,
  "max_drawdown_pct": -0.953303,
  "season_id": "tradex_demo_202510_v13_entrystrict"
}