{
  "actions": [],
  "asOf": "2015-05-12",
  "checks": {
    "exposureOk": true,
    "lossLimitOk": true,
    "maxHoldingsOk": true,
    "noFutureLeakOk": true,
    "unitRuleOk": true
  },
  "mode": "BACKTEST",
  "policyVersion": "toredex.v8",
  "seasonId": "toredex_multiframe_20260318",
  "signals": {
    "buy": [
      {
        "frameSignals": {
          "effectiveRevRisk": 0.38656311880326555,
          "effectiveUpProb": 0.745609756097561,
          "frameState": "BULLISH",
          "monthlyBoxMonths": 7.0,
          "monthlyBoxPos": 1.0,
          "monthlyBoxRangePct": 0.16092761770906536,
          "monthlyBoxState": "box_upper",
          "monthlyBoxWild": false,
          "monthlyBreakoutDownProb": 0.24742547425474257,
          "monthlyBreakoutUpProb": 0.745609756097561,
          "monthlyRangePos": 1.0,
          "monthlyRangeProb": 0.2558265582655827,
          "monthlyRangeWidth": 0.2475609756097561,
          "monthlyRegimeAligned": null,
          "weeklyBreakoutDownProb": 0.38656311880326555,
          "weeklyBreakoutUpProb": 0.6582237686227601,
          "weeklyRangeProb": 0.48889523820497516,
          "weeklyRegimeAligned": null
        },
        "frameState": "BULLISH",
        "revRisk": 0.38656311880326555,
        "ticker": "1306",
        "upProb": 0.745609756097561
      },
      {
        "frameSignals": {
          "effectiveRevRisk": 0.3913474189332923,
          "effectiveUpProb": 0.7372307692307692,
          "frameState": "BULLISH",
          "monthlyBoxMonths": 7.0,
          "monthlyBoxPos": 1.0,
          "monthlyBoxRangePct": 0.16227758007117438,
          "monthlyBoxState": "box_upper",
          "monthlyBoxWild": false,
          "monthlyBreakoutDownProb": 0.24764102564102564,
          "monthlyBreakoutUpProb": 0.7372307692307692,
          "monthlyRangePos": 1.0,
          "monthlyRangeProb": 0.26805128205128204,
          "monthlyRangeWidth": 0.2473846153846154,
          "monthlyRegimeAligned": null,
          "weeklyBreakoutDownProb": 0.3913474189332923,
          "weeklyBreakoutUpProb": 0.6564209483450569,
          "weeklyRangeProb": 0.49724414216180535,
          "weeklyRegimeAligned": null
        },
        "frameState": "BULLISH",
        "revRisk": 0.3913474189332923,
        "ticker": "1308",
        "upProb": 0.7372307692307692
      },
      {
        "frameSignals": {
          "effectiveRevRisk": 0.42841282608392883,
          "effectiveUpProb": 0.7386475409836065,
          "frameState": "BULLISH",
          "monthlyBoxMonths": 7.0,
          "monthlyBoxPos": 1.0,
          "monthlyBoxRangePct": 0.17284245756633995,
          "monthlyBoxState": "box_upper",
          "monthlyBoxWild": false,
          "monthlyBreakoutDownProb": 0.24394353369763208,
          "monthlyBreakoutUpProb": 0.7386475409836065,
          "monthlyRangePos": 1.0,
          "monthlyRangeProb": 0.26165755919854283,
          "monthlyRangeWidth": 0.25040983606557377,
          "monthlyRegimeAligned": null,
          "weeklyBreakoutDownProb": 0.42841282608392883,
          "weeklyBreakoutUpProb": 0.6362391885680859,
          "weeklyRangeProb": 0.5644680098102153,
          "weeklyRegimeAligned": null
        },
        "frameState": "BULLISH",
        "revRisk": 0.42841282608392883,
        "ticker": "1001",
        "upProb": 0.7386475409836065
      }
    ],
    "sell": [
      {
        "frameSignals": {
          "effectiveRevRisk": 0.42841282608392883,
          "effectiveUpProb": 0.7386475409836065,
          "frameState": "BULLISH",
          "monthlyBoxMonths": 7.0,
          "monthlyBoxPos": 1.0,
          "monthlyBoxRangePct": 0.17284245756633995,
          "monthlyBoxState": "box_upper",
          "monthlyBoxWild": false,
          "monthlyBreakoutDownProb": 0.24394353369763208,
          "monthlyBreakoutUpProb": 0.7386475409836065,
          "monthlyRangePos": 1.0,
          "monthlyRangeProb": 0.26165755919854283,
          "monthlyRangeWidth": 0.25040983606557377,
          "monthlyRegimeAligned": null,
          "weeklyBreakoutDownProb": 0.42841282608392883,
          "weeklyBreakoutUpProb": 0.6362391885680859,
          "weeklyRangeProb": 0.5644680098102153,
          "weeklyRegimeAligned": null
        },
        "frameState": "BULLISH",
        "revRisk": 0.42841282608392883,
        "ticker": "1001",
        "upProb": 0.7386475409836065
      },
      {
        "frameSignals": {
          "effectiveRevRisk": 0.3913474189332923,
          "effectiveUpProb": 0.7372307692307692,
          "frameState": "BULLISH",
          "monthlyBoxMonths": 7.0,
          "monthlyBoxPos": 1.0,
          "monthlyBoxRangePct": 0.16227758007117438,
          "monthlyBoxState": "box_upper",
          "monthlyBoxWild": false,
          "monthlyBreakoutDownProb": 0.24764102564102564,
          "monthlyBreakoutUpProb": 0.7372307692307692,
          "monthlyRangePos": 1.0,
          "monthlyRangeProb": 0.26805128205128204,
          "monthlyRangeWidth": 0.2473846153846154,
          "monthlyRegimeAligned": null,
          "weeklyBreakoutDownProb": 0.3913474189332923,
          "weeklyBreakoutUpProb": 0.6564209483450569,
          "weeklyRangeProb": 0.49724414216180535,
          "weeklyRegimeAligned": null
        },
        "frameState": "BULLISH",
        "revRisk": 0.3913474189332923,
        "ticker": "1308",
        "upProb": 0.7372307692307692
      },
      {
        "frameSignals": {
          "effectiveRevRisk": 0.38656311880326555,
          "effectiveUpProb": 0.745609756097561,
          "frameState": "BULLISH",
          "monthlyBoxMonths": 7.0,
          "monthlyBoxPos": 1.0,
          "monthlyBoxRangePct": 0.16092761770906536,
          "monthlyBoxState": "box_upper",
          "monthlyBoxWild": false,
          "monthlyBreakoutDownProb": 0.24742547425474257,
          "monthlyBreakoutUpProb": 0.745609756097561,
          "monthlyRangePos": 1.0,
          "monthlyRangeProb": 0.2558265582655827,
          "monthlyRangeWidth": 0.2475609756097561,
          "monthlyRegimeAligned": null,
          "weeklyBreakoutDownProb": 0.38656311880326555,
          "weeklyBreakoutUpProb": 0.6582237686227601,
          "weeklyRangeProb": 0.48889523820497516,
          "weeklyRegimeAligned": null
        },
        "frameState": "BULLISH",
        "revRisk": 0.38656311880326555,
        "ticker": "1306",
        "upProb": 0.745609756097561
      }
    ]
  },
  "stage": {
    "goal20Reached": false,
    "goal30Reached": false,
    "stage2Active": false
  }
}