{
  "actions": [],
  "asOf": "2015-03-10",
  "checks": {
    "exposureOk": true,
    "lossLimitOk": true,
    "maxHoldingsOk": true,
    "noFutureLeakOk": true,
    "unitRuleOk": true
  },
  "mode": "BACKTEST",
  "policyVersion": "toredex.v8",
  "seasonId": "toredex_multiframe_20260318",
  "signals": {
    "buy": [
      {
        "frameSignals": {
          "effectiveRevRisk": 0.2717898832684825,
          "effectiveUpProb": 0.7608560311284046,
          "frameState": "BULLISH",
          "monthlyBoxMonths": 6.0,
          "monthlyBoxPos": 0.9854368932038835,
          "monthlyBoxRangePct": 0.1537313432835821,
          "monthlyBoxState": "box_upper",
          "monthlyBoxWild": true,
          "monthlyBreakoutDownProb": 0.26544891194696646,
          "monthlyBreakoutUpProb": 0.7222697795071336,
          "monthlyRangePos": 1.0,
          "monthlyRangeProb": 0.31046980832973053,
          "monthlyRangeWidth": 0.23281452658884566,
          "monthlyRegimeAligned": null,
          "weeklyBreakoutDownProb": 0.2717898832684825,
          "weeklyBreakoutUpProb": 0.7608560311284046,
          "weeklyRangeProb": 0.26284046692607005,
          "weeklyRegimeAligned": null
        },
        "frameState": "BULLISH",
        "revRisk": 0.2717898832684825,
        "ticker": "1308",
        "upProb": 0.7608560311284046
      },
      {
        "frameSignals": {
          "effectiveRevRisk": 0.2710826210826211,
          "effectiveUpProb": 0.7581410256410256,
          "frameState": "BULLISH",
          "monthlyBoxMonths": 6.0,
          "monthlyBoxPos": 0.9902912621359223,
          "monthlyBoxRangePct": 0.15191740412979352,
          "monthlyBoxState": "box_upper",
          "monthlyBoxWild": true,
          "monthlyBreakoutDownProb": 0.2663817663817664,
          "monthlyBreakoutUpProb": 0.6163817663817663,
          "monthlyRangePos": 1.0,
          "monthlyRangeProb": 0.3148148148148148,
          "monthlyRangeWidth": 0.23205128205128206,
          "monthlyRegimeAligned": null,
          "weeklyBreakoutDownProb": 0.2710826210826211,
          "weeklyBreakoutUpProb": 0.7581410256410256,
          "weeklyRangeProb": 0.2658831908831909,
          "weeklyRegimeAligned": null
        },
        "frameState": "BULLISH",
        "revRisk": 0.2710826210826211,
        "ticker": "1306",
        "upProb": 0.7581410256410256
      },
      {
        "frameSignals": {
          "effectiveRevRisk": 0.272680333150089,
          "effectiveUpProb": 0.7523987870404851,
          "frameState": "BULLISH",
          "monthlyBoxMonths": 6.0,
          "monthlyBoxPos": 0.9243323442136498,
          "monthlyBoxRangePct": 0.16669758239040375,
          "monthlyBoxState": "box_upper",
          "monthlyBoxWild": true,
          "monthlyBreakoutDownProb": 0.26813793433198657,
          "monthlyBreakoutUpProb": 0.5975726104949066,
          "monthlyRangePos": 0.9706209659470287,
          "monthlyRangeProb": 0.3253033730529713,
          "monthlyRangeWidth": 0.23902750438899825,
          "monthlyRegimeAligned": null,
          "weeklyBreakoutDownProb": 0.272680333150089,
          "weeklyBreakoutUpProb": 0.7523987870404851,
          "weeklyRangeProb": 0.2759745940546068,
          "weeklyRegimeAligned": null
        },
        "frameState": "BULLISH",
        "revRisk": 0.272680333150089,
        "ticker": "1001",
        "upProb": 0.7523987870404851
      }
    ],
    "sell": [
      {
        "frameSignals": {
          "effectiveRevRisk": 0.272680333150089,
          "effectiveUpProb": 0.7523987870404851,
          "frameState": "BULLISH",
          "monthlyBoxMonths": 6.0,
          "monthlyBoxPos": 0.9243323442136498,
          "monthlyBoxRangePct": 0.16669758239040375,
          "monthlyBoxState": "box_upper",
          "monthlyBoxWild": true,
          "monthlyBreakoutDownProb": 0.26813793433198657,
          "monthlyBreakoutUpProb": 0.5975726104949066,
          "monthlyRangePos": 0.9706209659470287,
          "monthlyRangeProb": 0.3253033730529713,
          "monthlyRangeWidth": 0.23902750438899825,
          "monthlyRegimeAligned": null,
          "weeklyBreakoutDownProb": 0.272680333150089,
          "weeklyBreakoutUpProb": 0.7523987870404851,
          "weeklyRangeProb": 0.2759745940546068,
          "weeklyRegimeAligned": null
        },
        "frameState": "BULLISH",
        "revRisk": 0.272680333150089,
        "ticker": "1001",
        "upProb": 0.7523987870404851
      },
      {
        "frameSignals": {
          "effectiveRevRisk": 0.2710826210826211,
          "effectiveUpProb": 0.7581410256410256,
          "frameState": "BULLISH",
          "monthlyBoxMonths": 6.0,
          "monthlyBoxPos": 0.9902912621359223,
          "monthlyBoxRangePct": 0.15191740412979352,
          "monthlyBoxState": "box_upper",
          "monthlyBoxWild": true,
          "monthlyBreakoutDownProb": 0.2663817663817664,
          "monthlyBreakoutUpProb": 0.6163817663817663,
          "monthlyRangePos": 1.0,
          "monthlyRangeProb": 0.3148148148148148,
          "monthlyRangeWidth": 0.23205128205128206,
          "monthlyRegimeAligned": null,
          "weeklyBreakoutDownProb": 0.2710826210826211,
          "weeklyBreakoutUpProb": 0.7581410256410256,
          "weeklyRangeProb": 0.2658831908831909,
          "weeklyRegimeAligned": null
        },
        "frameState": "BULLISH",
        "revRisk": 0.2710826210826211,
        "ticker": "1306",
        "upProb": 0.7581410256410256
      },
      {
        "frameSignals": {
          "effectiveRevRisk": 0.2717898832684825,
          "effectiveUpProb": 0.7608560311284046,
          "frameState": "BULLISH",
          "monthlyBoxMonths": 6.0,
          "monthlyBoxPos": 0.9854368932038835,
          "monthlyBoxRangePct": 0.1537313432835821,
          "monthlyBoxState": "box_upper",
          "monthlyBoxWild": true,
          "monthlyBreakoutDownProb": 0.26544891194696646,
          "monthlyBreakoutUpProb": 0.7222697795071336,
          "monthlyRangePos": 1.0,
          "monthlyRangeProb": 0.31046980832973053,
          "monthlyRangeWidth": 0.23281452658884566,
          "monthlyRegimeAligned": null,
          "weeklyBreakoutDownProb": 0.2717898832684825,
          "weeklyBreakoutUpProb": 0.7608560311284046,
          "weeklyRangeProb": 0.26284046692607005,
          "weeklyRegimeAligned": null
        },
        "frameState": "BULLISH",
        "revRisk": 0.2717898832684825,
        "ticker": "1308",
        "upProb": 0.7608560311284046
      }
    ]
  },
  "stage": {
    "goal20Reached": false,
    "goal30Reached": false,
    "stage2Active": false
  }
}