{
  "actions": [],
  "asOf": "2025-09-24",
  "checks": {
    "exposureOk": true,
    "lossLimitOk": true,
    "maxHoldingsOk": true,
    "noFutureLeakOk": true,
    "unitRuleOk": true
  },
  "mode": "BACKTEST",
  "policyVersion": "toredex.v8",
  "seasonId": "toredex_multiframe_20260318",
  "signals": {
    "buy": [
      {
        "frameSignals": {
          "effectiveRevRisk": 0.3468303759539305,
          "effectiveUpProb": 0.958587948874011,
          "frameState": "BULLISH",
          "monthlyBoxMonths": 3.0,
          "monthlyBoxPos": 1.0,
          "monthlyBoxRangePct": 0.13113534952900346,
          "monthlyBoxState": "box_upper",
          "monthlyBoxWild": false,
          "monthlyBreakoutDownProb": 0.3468303759539305,
          "monthlyBreakoutUpProb": 0.958587948874011,
          "monthlyRangePos": 1.0,
          "monthlyRangeProb": 0.06905051734631779,
          "monthlyRangeWidth": 0.16622969240132965,
          "monthlyRegimeAligned": null,
          "weeklyBreakoutDownProb": 0.33328270192995,
          "weeklyBreakoutUpProb": 0.7416560936383131,
          "weeklyRangeProb": 0.362942280200143,
          "weeklyRegimeAligned": null
        },
        "frameState": "BULLISH",
        "revRisk": 0.3468303759539305,
        "ticker": "1001",
        "upProb": 0.958587948874011
      },
      {
        "frameSignals": {
          "effectiveRevRisk": 0.40685995083773485,
          "effectiveUpProb": 0.8320798985415345,
          "frameState": "BULLISH",
          "monthlyBoxMonths": 14.0,
          "monthlyBoxPos": 1.0,
          "monthlyBoxRangePct": 0.1866569449507838,
          "monthlyBoxState": "box_upper",
          "monthlyBoxWild": true,
          "monthlyBreakoutDownProb": 0.3907313464383851,
          "monthlyBreakoutUpProb": 0.8320798985415345,
          "monthlyRangePos": 1.0,
          "monthlyRangeProb": 0.3016592686535615,
          "monthlyRangeWidth": 0.13031071655041218,
          "monthlyRegimeAligned": null,
          "weeklyBreakoutDownProb": 0.40685995083773485,
          "weeklyBreakoutUpProb": 0.7238410829132065,
          "weeklyRangeProb": 0.4943422060500845,
          "weeklyRegimeAligned": null
        },
        "frameState": "BULLISH",
        "revRisk": 0.40685995083773485,
        "ticker": "1308",
        "upProb": 0.8320798985415345
      },
      {
        "frameSignals": {
          "effectiveRevRisk": 0.4036008494113653,
          "effectiveUpProb": 0.826226533166458,
          "frameState": "BULLISH",
          "monthlyBoxMonths": 14.0,
          "monthlyBoxPos": 1.0,
          "monthlyBoxRangePct": 0.19009757860498736,
          "monthlyBoxState": "box_upper",
          "monthlyBoxWild": true,
          "monthlyBreakoutDownProb": 0.38594075928243643,
          "monthlyBreakoutUpProb": 0.826226533166458,
          "monthlyRangePos": 1.0,
          "monthlyRangeProb": 0.30435961618690033,
          "monthlyRangeWidth": 0.13423028785982477,
          "monthlyRegimeAligned": null,
          "weeklyBreakoutDownProb": 0.4036008494113653,
          "weeklyBreakoutUpProb": 0.7244679014344867,
          "weeklyRangeProb": 0.48890084620397295,
          "weeklyRegimeAligned": null
        },
        "frameState": "BULLISH",
        "revRisk": 0.4036008494113653,
        "ticker": "1306",
        "upProb": 0.826226533166458
      }
    ],
    "sell": [
      {
        "frameSignals": {
          "effectiveRevRisk": 0.40685995083773485,
          "effectiveUpProb": 0.8320798985415345,
          "frameState": "BULLISH",
          "monthlyBoxMonths": 14.0,
          "monthlyBoxPos": 1.0,
          "monthlyBoxRangePct": 0.1866569449507838,
          "monthlyBoxState": "box_upper",
          "monthlyBoxWild": true,
          "monthlyBreakoutDownProb": 0.3907313464383851,
          "monthlyBreakoutUpProb": 0.8320798985415345,
          "monthlyRangePos": 1.0,
          "monthlyRangeProb": 0.3016592686535615,
          "monthlyRangeWidth": 0.13031071655041218,
          "monthlyRegimeAligned": null,
          "weeklyBreakoutDownProb": 0.40685995083773485,
          "weeklyBreakoutUpProb": 0.7238410829132065,
          "weeklyRangeProb": 0.4943422060500845,
          "weeklyRegimeAligned": null
        },
        "frameState": "BULLISH",
        "revRisk": 0.40685995083773485,
        "ticker": "1308",
        "upProb": 0.8320798985415345
      },
      {
        "frameSignals": {
          "effectiveRevRisk": 0.4036008494113653,
          "effectiveUpProb": 0.826226533166458,
          "frameState": "BULLISH",
          "monthlyBoxMonths": 14.0,
          "monthlyBoxPos": 1.0,
          "monthlyBoxRangePct": 0.19009757860498736,
          "monthlyBoxState": "box_upper",
          "monthlyBoxWild": true,
          "monthlyBreakoutDownProb": 0.38594075928243643,
          "monthlyBreakoutUpProb": 0.826226533166458,
          "monthlyRangePos": 1.0,
          "monthlyRangeProb": 0.30435961618690033,
          "monthlyRangeWidth": 0.13423028785982477,
          "monthlyRegimeAligned": null,
          "weeklyBreakoutDownProb": 0.4036008494113653,
          "weeklyBreakoutUpProb": 0.7244679014344867,
          "weeklyRangeProb": 0.48890084620397295,
          "weeklyRegimeAligned": null
        },
        "frameState": "BULLISH",
        "revRisk": 0.4036008494113653,
        "ticker": "1306",
        "upProb": 0.826226533166458
      },
      {
        "frameSignals": {
          "effectiveRevRisk": 0.3468303759539305,
          "effectiveUpProb": 0.958587948874011,
          "frameState": "BULLISH",
          "monthlyBoxMonths": 3.0,
          "monthlyBoxPos": 1.0,
          "monthlyBoxRangePct": 0.13113534952900346,
          "monthlyBoxState": "box_upper",
          "monthlyBoxWild": false,
          "monthlyBreakoutDownProb": 0.3468303759539305,
          "monthlyBreakoutUpProb": 0.958587948874011,
          "monthlyRangePos": 1.0,
          "monthlyRangeProb": 0.06905051734631779,
          "monthlyRangeWidth": 0.16622969240132965,
          "monthlyRegimeAligned": null,
          "weeklyBreakoutDownProb": 0.33328270192995,
          "weeklyBreakoutUpProb": 0.7416560936383131,
          "weeklyRangeProb": 0.362942280200143,
          "weeklyRegimeAligned": null
        },
        "frameState": "BULLISH",
        "revRisk": 0.3468303759539305,
        "ticker": "1001",
        "upProb": 0.958587948874011
      }
    ]
  },
  "stage": {
    "goal20Reached": false,
    "goal30Reached": false,
    "stage2Active": false
  }
}