{
  "actions": [],
  "asOf": "2008-06-16",
  "checks": {
    "exposureOk": true,
    "lossLimitOk": true,
    "maxHoldingsOk": true,
    "noFutureLeakOk": true,
    "unitRuleOk": true
  },
  "mode": "BACKTEST",
  "policyVersion": "toredex.v8",
  "seasonId": "toredex_multiframe_20260318",
  "signals": {
    "buy": [
      {
        "frameSignals": {
          "effectiveRevRisk": 0.44070763067254826,
          "effectiveUpProb": 0.6300314740889184,
          "frameState": "BULLISH",
          "monthlyBoxMonths": 5.0,
          "monthlyBoxPos": 1.0,
          "monthlyBoxRangePct": 0.14602794411177644,
          "monthlyBoxState": "box_upper",
          "monthlyBoxWild": false,
          "monthlyBreakoutDownProb": 0.40772238638321634,
          "monthlyBreakoutUpProb": 0.28581787898966565,
          "monthlyRangePos": 0.325850703723499,
          "monthlyRangeProb": 0.43109655850860684,
          "monthlyRangeWidth": 0.30946080052927555,
          "monthlyRegimeAligned": null,
          "weeklyBreakoutDownProb": 0.44070763067254826,
          "weeklyBreakoutUpProb": 0.6300314740889184,
          "weeklyRangeProb": 0.5865674457608602,
          "weeklyRegimeAligned": null
        },
        "frameState": "BULLISH",
        "revRisk": 0.44070763067254826,
        "ticker": "1001",
        "upProb": 0.6300314740889184
      },
      {
        "frameSignals": {
          "effectiveRevRisk": 0.41820776255707764,
          "effectiveUpProb": 0.6098744292237444,
          "frameState": "BULLISH",
          "monthlyBoxMonths": 6.0,
          "monthlyBoxPos": 0.9023255813953488,
          "monthlyBoxRangePct": 0.17366720516962844,
          "monthlyBoxState": "box_upper",
          "monthlyBoxWild": false,
          "monthlyBreakoutDownProb": 0.39757655639031675,
          "monthlyBreakoutUpProb": 0.2892135670664734,
          "monthlyRangePos": 0.34519572953736655,
          "monthlyRangeProb": 0.4406493563551689,
          "monthlyRangeWidth": 0.31222222222222223,
          "monthlyRegimeAligned": null,
          "weeklyBreakoutDownProb": 0.41820776255707764,
          "weeklyBreakoutUpProb": 0.6098744292237444,
          "weeklyRangeProb": 0.5590182648401827,
          "weeklyRegimeAligned": null
        },
        "frameState": "BULLISH",
        "revRisk": 0.41820776255707764,
        "ticker": "1306",
        "upProb": 0.6098744292237444
      },
      {
        "frameSignals": {
          "effectiveRevRisk": 0.4156184480712202,
          "effectiveUpProb": 0.6085318338979919,
          "frameState": "BULLISH",
          "monthlyBoxMonths": 6.0,
          "monthlyBoxPos": 0.9468599033816425,
          "monthlyBoxRangePct": 0.16774716369529985,
          "monthlyBoxState": "box_upper",
          "monthlyBoxWild": false,
          "monthlyBreakoutDownProb": 0.3957313591427961,
          "monthlyBreakoutUpProb": 0.29029463900019364,
          "monthlyRangePos": 0.3493761140819964,
          "monthlyRangeProb": 0.4431240969418914,
          "monthlyRangeWidth": 0.3125348189415042,
          "monthlyRegimeAligned": null,
          "weeklyBreakoutDownProb": 0.4156184480712202,
          "weeklyBreakoutUpProb": 0.6085318338979919,
          "weeklyRangeProb": 0.5554481444277628,
          "weeklyRegimeAligned": null
        },
        "frameState": "BULLISH",
        "revRisk": 0.4156184480712202,
        "ticker": "1308",
        "upProb": 0.6085318338979919
      }
    ],
    "sell": [
      {
        "frameSignals": {
          "effectiveRevRisk": 0.44070763067254826,
          "effectiveUpProb": 0.6300314740889184,
          "frameState": "BULLISH",
          "monthlyBoxMonths": 5.0,
          "monthlyBoxPos": 1.0,
          "monthlyBoxRangePct": 0.14602794411177644,
          "monthlyBoxState": "box_upper",
          "monthlyBoxWild": false,
          "monthlyBreakoutDownProb": 0.40772238638321634,
          "monthlyBreakoutUpProb": 0.28581787898966565,
          "monthlyRangePos": 0.325850703723499,
          "monthlyRangeProb": 0.43109655850860684,
          "monthlyRangeWidth": 0.30946080052927555,
          "monthlyRegimeAligned": null,
          "weeklyBreakoutDownProb": 0.44070763067254826,
          "weeklyBreakoutUpProb": 0.6300314740889184,
          "weeklyRangeProb": 0.5865674457608602,
          "weeklyRegimeAligned": null
        },
        "frameState": "BULLISH",
        "revRisk": 0.44070763067254826,
        "ticker": "1001",
        "upProb": 0.6300314740889184
      },
      {
        "frameSignals": {
          "effectiveRevRisk": 0.41820776255707764,
          "effectiveUpProb": 0.6098744292237444,
          "frameState": "BULLISH",
          "monthlyBoxMonths": 6.0,
          "monthlyBoxPos": 0.9023255813953488,
          "monthlyBoxRangePct": 0.17366720516962844,
          "monthlyBoxState": "box_upper",
          "monthlyBoxWild": false,
          "monthlyBreakoutDownProb": 0.39757655639031675,
          "monthlyBreakoutUpProb": 0.2892135670664734,
          "monthlyRangePos": 0.34519572953736655,
          "monthlyRangeProb": 0.4406493563551689,
          "monthlyRangeWidth": 0.31222222222222223,
          "monthlyRegimeAligned": null,
          "weeklyBreakoutDownProb": 0.41820776255707764,
          "weeklyBreakoutUpProb": 0.6098744292237444,
          "weeklyRangeProb": 0.5590182648401827,
          "weeklyRegimeAligned": null
        },
        "frameState": "BULLISH",
        "revRisk": 0.41820776255707764,
        "ticker": "1306",
        "upProb": 0.6098744292237444
      },
      {
        "frameSignals": {
          "effectiveRevRisk": 0.4156184480712202,
          "effectiveUpProb": 0.6085318338979919,
          "frameState": "BULLISH",
          "monthlyBoxMonths": 6.0,
          "monthlyBoxPos": 0.9468599033816425,
          "monthlyBoxRangePct": 0.16774716369529985,
          "monthlyBoxState": "box_upper",
          "monthlyBoxWild": false,
          "monthlyBreakoutDownProb": 0.3957313591427961,
          "monthlyBreakoutUpProb": 0.29029463900019364,
          "monthlyRangePos": 0.3493761140819964,
          "monthlyRangeProb": 0.4431240969418914,
          "monthlyRangeWidth": 0.3125348189415042,
          "monthlyRegimeAligned": null,
          "weeklyBreakoutDownProb": 0.4156184480712202,
          "weeklyBreakoutUpProb": 0.6085318338979919,
          "weeklyRangeProb": 0.5554481444277628,
          "weeklyRegimeAligned": null
        },
        "frameState": "BULLISH",
        "revRisk": 0.4156184480712202,
        "ticker": "1308",
        "upProb": 0.6085318338979919
      }
    ]
  },
  "stage": {
    "goal20Reached": false,
    "goal30Reached": false,
    "stage2Active": false
  }
}