{
  "asOf": "2023-03-31",
  "cash": 4250879.339849,
  "cum_pnl": 1386073.408755,
  "cum_return_pct": 13.860734,
  "daily_pnl": 135194.068906,
  "equity": 11386073.408755,
  "game_over": false,
  "goal20_reached": false,
  "goal30_reached": false,
  "holdings_count": 2,
  "max_drawdown_pct": -4.474989,
  "season_id": "tradex_bt3y_v8_fast_baseline_20260217"
}