{
  "actions": [],
  "asOf": "2013-09-11",
  "checks": {
    "exposureOk": true,
    "lossLimitOk": true,
    "maxHoldingsOk": true,
    "noFutureLeakOk": true,
    "unitRuleOk": true
  },
  "mode": "BACKTEST",
  "policyVersion": "toredex.v8",
  "seasonId": "toredex_multiframe_20260318",
  "signals": {
    "buy": [
      {
        "frameSignals": {
          "effectiveRevRisk": 0.5344512552069747,
          "effectiveUpProb": 0.8626767676767677,
          "frameState": "BULLISH",
          "monthlyBoxMonths": 6.0,
          "monthlyBoxPos": 1.0,
          "monthlyBoxRangePct": 0.16603346536254143,
          "monthlyBoxState": "box_upper",
          "monthlyBoxWild": true,
          "monthlyBreakoutDownProb": 0.10996472663139333,
          "monthlyBreakoutUpProb": 0.8626767676767677,
          "monthlyRangePos": 1.0,
          "monthlyRangeProb": 0.0,
          "monthlyRangeWidth": 0.36002886002886003,
          "monthlyRegimeAligned": null,
          "weeklyBreakoutDownProb": 0.5344512552069747,
          "weeklyBreakoutUpProb": 0.5196062307371542,
          "weeklyRangeProb": 0.7511889444971647,
          "weeklyRegimeAligned": null
        },
        "frameState": "BULLISH",
        "revRisk": 0.5344512552069747,
        "ticker": "1001",
        "upProb": 0.8626767676767677
      },
      {
        "frameSignals": {
          "effectiveRevRisk": 0.5711966483372611,
          "effectiveUpProb": 0.755593220338983,
          "frameState": "BULLISH",
          "monthlyBoxMonths": 6.0,
          "monthlyBoxPos": 1.0,
          "monthlyBoxRangePct": 0.1363203050524309,
          "monthlyBoxState": "box_upper",
          "monthlyBoxWild": false,
          "monthlyBreakoutDownProb": 0.09322033898305088,
          "monthlyBreakoutUpProb": 0.755593220338983,
          "monthlyRangePos": 1.0,
          "monthlyRangeProb": 0.05932203389830512,
          "monthlyRangeWidth": 0.373728813559322,
          "monthlyRegimeAligned": null,
          "weeklyBreakoutDownProb": 0.5711966483372611,
          "weeklyBreakoutUpProb": 0.4928384393820372,
          "weeklyRangeProb": 0.6935716156061796,
          "weeklyRegimeAligned": null
        },
        "frameState": "BULLISH",
        "revRisk": 0.5711966483372611,
        "ticker": "1308",
        "upProb": 0.755593220338983
      },
      {
        "frameSignals": {
          "effectiveRevRisk": 0.5664775458680618,
          "effectiveUpProb": 0.7316666666666667,
          "frameState": "BULLISH",
          "monthlyBoxMonths": 6.0,
          "monthlyBoxPos": 1.0,
          "monthlyBoxRangePct": 0.13584905660377358,
          "monthlyBoxState": "box_upper",
          "monthlyBoxWild": true,
          "monthlyBreakoutDownProb": 0.09268518518518523,
          "monthlyBreakoutUpProb": 0.7316666666666667,
          "monthlyRangePos": 1.0,
          "monthlyRangeProb": 0.09287037037037041,
          "monthlyRangeWidth": 0.37416666666666665,
          "monthlyRegimeAligned": null,
          "weeklyBreakoutDownProb": 0.5664775458680618,
          "weeklyBreakoutUpProb": 0.48907369971421566,
          "weeklyRangeProb": 0.6895127989629541,
          "weeklyRegimeAligned": null
        },
        "frameState": "BULLISH",
        "revRisk": 0.5664775458680618,
        "ticker": "1306",
        "upProb": 0.7316666666666667
      }
    ],
    "sell": [
      {
        "frameSignals": {
          "effectiveRevRisk": 0.5711966483372611,
          "effectiveUpProb": 0.755593220338983,
          "frameState": "BULLISH",
          "monthlyBoxMonths": 6.0,
          "monthlyBoxPos": 1.0,
          "monthlyBoxRangePct": 0.1363203050524309,
          "monthlyBoxState": "box_upper",
          "monthlyBoxWild": false,
          "monthlyBreakoutDownProb": 0.09322033898305088,
          "monthlyBreakoutUpProb": 0.755593220338983,
          "monthlyRangePos": 1.0,
          "monthlyRangeProb": 0.05932203389830512,
          "monthlyRangeWidth": 0.373728813559322,
          "monthlyRegimeAligned": null,
          "weeklyBreakoutDownProb": 0.5711966483372611,
          "weeklyBreakoutUpProb": 0.4928384393820372,
          "weeklyRangeProb": 0.6935716156061796,
          "weeklyRegimeAligned": null
        },
        "frameState": "BULLISH",
        "revRisk": 0.5711966483372611,
        "ticker": "1308",
        "upProb": 0.755593220338983
      },
      {
        "frameSignals": {
          "effectiveRevRisk": 0.5664775458680618,
          "effectiveUpProb": 0.7316666666666667,
          "frameState": "BULLISH",
          "monthlyBoxMonths": 6.0,
          "monthlyBoxPos": 1.0,
          "monthlyBoxRangePct": 0.13584905660377358,
          "monthlyBoxState": "box_upper",
          "monthlyBoxWild": true,
          "monthlyBreakoutDownProb": 0.09268518518518523,
          "monthlyBreakoutUpProb": 0.7316666666666667,
          "monthlyRangePos": 1.0,
          "monthlyRangeProb": 0.09287037037037041,
          "monthlyRangeWidth": 0.37416666666666665,
          "monthlyRegimeAligned": null,
          "weeklyBreakoutDownProb": 0.5664775458680618,
          "weeklyBreakoutUpProb": 0.48907369971421566,
          "weeklyRangeProb": 0.6895127989629541,
          "weeklyRegimeAligned": null
        },
        "frameState": "BULLISH",
        "revRisk": 0.5664775458680618,
        "ticker": "1306",
        "upProb": 0.7316666666666667
      },
      {
        "frameSignals": {
          "effectiveRevRisk": 0.5344512552069747,
          "effectiveUpProb": 0.8626767676767677,
          "frameState": "BULLISH",
          "monthlyBoxMonths": 6.0,
          "monthlyBoxPos": 1.0,
          "monthlyBoxRangePct": 0.16603346536254143,
          "monthlyBoxState": "box_upper",
          "monthlyBoxWild": true,
          "monthlyBreakoutDownProb": 0.10996472663139333,
          "monthlyBreakoutUpProb": 0.8626767676767677,
          "monthlyRangePos": 1.0,
          "monthlyRangeProb": 0.0,
          "monthlyRangeWidth": 0.36002886002886003,
          "monthlyRegimeAligned": null,
          "weeklyBreakoutDownProb": 0.5344512552069747,
          "weeklyBreakoutUpProb": 0.5196062307371542,
          "weeklyRangeProb": 0.7511889444971647,
          "weeklyRegimeAligned": null
        },
        "frameState": "BULLISH",
        "revRisk": 0.5344512552069747,
        "ticker": "1001",
        "upProb": 0.8626767676767677
      }
    ]
  },
  "stage": {
    "goal20Reached": false,
    "goal30Reached": false,
    "stage2Active": false
  }
}