{
  "actions": [],
  "asOf": "2024-09-20",
  "checks": {
    "exposureOk": true,
    "lossLimitOk": true,
    "maxHoldingsOk": true,
    "noFutureLeakOk": true,
    "unitRuleOk": true
  },
  "mode": "BACKTEST",
  "policyVersion": "toredex.v8",
  "seasonId": "toredex_multiframe_20260318",
  "signals": {
    "buy": [
      {
        "frameSignals": {
          "effectiveRevRisk": 0.563896122000651,
          "effectiveUpProb": 0.5202383766640736,
          "frameState": "MIXED",
          "monthlyBoxMonths": 8.0,
          "monthlyBoxPos": 0.36977145321259164,
          "monthlyBoxRangePct": 0.12880471006443012,
          "monthlyBoxState": "box_mid",
          "monthlyBoxWild": true,
          "monthlyBreakoutDownProb": 0.3594139834944077,
          "monthlyBreakoutUpProb": 0.5146710542545802,
          "monthlyRangePos": 0.7217958153716749,
          "monthlyRangeProb": 0.5044295424551386,
          "monthlyRangeWidth": 0.23560157546632318,
          "monthlyRegimeAligned": null,
          "weeklyBreakoutDownProb": 0.563896122000651,
          "weeklyBreakoutUpProb": 0.5202383766640736,
          "weeklyRangeProb": 0.7401490038743961,
          "weeklyRegimeAligned": null
        },
        "frameState": "MIXED",
        "revRisk": 0.563896122000651,
        "ticker": "1001",
        "upProb": 0.5202383766640736
      },
      {
        "frameSignals": {
          "effectiveRevRisk": 0.5954356124396543,
          "effectiveUpProb": 0.5128119252691437,
          "frameState": "BEARISH",
          "monthlyBoxMonths": 8.0,
          "monthlyBoxPos": 0.2631578947368421,
          "monthlyBoxRangePct": 0.13068398930072603,
          "monthlyBoxState": "box_mid",
          "monthlyBoxWild": true,
          "monthlyBreakoutDownProb": 0.42817140239332663,
          "monthlyBreakoutUpProb": 0.5128119252691437,
          "monthlyRangePos": 0.6209150326797386,
          "monthlyRangeProb": 0.6145768980156426,
          "monthlyRangeWidth": 0.20823409322898945,
          "monthlyRegimeAligned": null,
          "weeklyBreakoutDownProb": 0.5954356124396543,
          "weeklyBreakoutUpProb": 0.5087689457729876,
          "weeklyRangeProb": 0.7089996631862581,
          "weeklyRegimeAligned": null
        },
        "frameState": "BEARISH",
        "revRisk": 0.5954356124396543,
        "ticker": "1308",
        "upProb": 0.5128119252691437
      },
      {
        "frameSignals": {
          "effectiveRevRisk": 0.5930669585842,
          "effectiveUpProb": 0.517914676819018,
          "frameState": "MIXED",
          "monthlyBoxMonths": 8.0,
          "monthlyBoxPos": 0.26483357452966716,
          "monthlyBoxRangePct": 0.13040196263445933,
          "monthlyBoxState": "box_mid",
          "monthlyBoxWild": true,
          "monthlyBreakoutDownProb": 0.4281270951196716,
          "monthlyBreakoutUpProb": 0.517914676819018,
          "monthlyRangePos": 0.6282679738562091,
          "monthlyRangeProb": 0.6124189199007883,
          "monthlyRangeWidth": 0.20616472966144517,
          "monthlyRegimeAligned": null,
          "weeklyBreakoutDownProb": 0.5930669585842,
          "weeklyBreakoutUpProb": 0.4844462689290276,
          "weeklyRangeProb": 0.6712734902390075,
          "weeklyRegimeAligned": null
        },
        "frameState": "MIXED",
        "revRisk": 0.5930669585842,
        "ticker": "1306",
        "upProb": 0.517914676819018
      }
    ],
    "sell": [
      {
        "frameSignals": {
          "effectiveRevRisk": 0.5954356124396543,
          "effectiveUpProb": 0.5954356124396543,
          "frameState": "BEARISH",
          "monthlyBoxMonths": 8.0,
          "monthlyBoxPos": 0.2631578947368421,
          "monthlyBoxRangePct": 0.13068398930072603,
          "monthlyBoxState": "box_mid",
          "monthlyBoxWild": true,
          "monthlyBreakoutDownProb": 0.42817140239332663,
          "monthlyBreakoutUpProb": 0.5128119252691437,
          "monthlyRangePos": 0.6209150326797386,
          "monthlyRangeProb": 0.6145768980156426,
          "monthlyRangeWidth": 0.20823409322898945,
          "monthlyRegimeAligned": null,
          "weeklyBreakoutDownProb": 0.5954356124396543,
          "weeklyBreakoutUpProb": 0.5087689457729876,
          "weeklyRangeProb": 0.7089996631862581,
          "weeklyRegimeAligned": null
        },
        "frameState": "BEARISH",
        "revRisk": 0.5954356124396543,
        "ticker": "1308",
        "upProb": 0.5954356124396543
      },
      {
        "frameSignals": {
          "effectiveRevRisk": 0.5930669585842,
          "effectiveUpProb": 0.5930669585842,
          "frameState": "MIXED",
          "monthlyBoxMonths": 8.0,
          "monthlyBoxPos": 0.26483357452966716,
          "monthlyBoxRangePct": 0.13040196263445933,
          "monthlyBoxState": "box_mid",
          "monthlyBoxWild": true,
          "monthlyBreakoutDownProb": 0.4281270951196716,
          "monthlyBreakoutUpProb": 0.517914676819018,
          "monthlyRangePos": 0.6282679738562091,
          "monthlyRangeProb": 0.6124189199007883,
          "monthlyRangeWidth": 0.20616472966144517,
          "monthlyRegimeAligned": null,
          "weeklyBreakoutDownProb": 0.5930669585842,
          "weeklyBreakoutUpProb": 0.4844462689290276,
          "weeklyRangeProb": 0.6712734902390075,
          "weeklyRegimeAligned": null
        },
        "frameState": "MIXED",
        "revRisk": 0.5930669585842,
        "ticker": "1306",
        "upProb": 0.5930669585842
      },
      {
        "frameSignals": {
          "effectiveRevRisk": 0.563896122000651,
          "effectiveUpProb": 0.563896122000651,
          "frameState": "MIXED",
          "monthlyBoxMonths": 8.0,
          "monthlyBoxPos": 0.36977145321259164,
          "monthlyBoxRangePct": 0.12880471006443012,
          "monthlyBoxState": "box_mid",
          "monthlyBoxWild": true,
          "monthlyBreakoutDownProb": 0.3594139834944077,
          "monthlyBreakoutUpProb": 0.5146710542545802,
          "monthlyRangePos": 0.7217958153716749,
          "monthlyRangeProb": 0.5044295424551386,
          "monthlyRangeWidth": 0.23560157546632318,
          "monthlyRegimeAligned": null,
          "weeklyBreakoutDownProb": 0.563896122000651,
          "weeklyBreakoutUpProb": 0.5202383766640736,
          "weeklyRangeProb": 0.7401490038743961,
          "weeklyRegimeAligned": null
        },
        "frameState": "MIXED",
        "revRisk": 0.563896122000651,
        "ticker": "1001",
        "upProb": 0.563896122000651
      }
    ]
  },
  "stage": {
    "goal20Reached": false,
    "goal30Reached": false,
    "stage2Active": false
  }
}