{
  "actions": [],
  "asOf": "2011-02-21",
  "checks": {
    "exposureOk": true,
    "lossLimitOk": true,
    "maxHoldingsOk": true,
    "noFutureLeakOk": true,
    "unitRuleOk": true
  },
  "mode": "BACKTEST",
  "policyVersion": "toredex.v8",
  "seasonId": "toredex_multiframe_20260318",
  "signals": {
    "buy": [
      {
        "frameSignals": {
          "effectiveRevRisk": 0.3719447334952018,
          "effectiveUpProb": 0.8256191467221644,
          "frameState": "BULLISH",
          "monthlyBoxMonths": 3.0,
          "monthlyBoxPos": 1.0,
          "monthlyBoxRangePct": 0.13043478260869565,
          "monthlyBoxState": "box_upper",
          "monthlyBoxWild": false,
          "monthlyBreakoutDownProb": 0.3458819258720649,
          "monthlyBreakoutUpProb": 0.6220125791383966,
          "monthlyRangePos": 0.8944723618090452,
          "monthlyRangeProb": 0.4389888269671228,
          "monthlyRangeWidth": 0.19722497522299307,
          "monthlyRegimeAligned": null,
          "weeklyBreakoutDownProb": 0.3719447334952018,
          "weeklyBreakoutUpProb": 0.8256191467221644,
          "weeklyRangeProb": 0.2886865533587698,
          "weeklyRegimeAligned": null
        },
        "frameState": "BULLISH",
        "revRisk": 0.3719447334952018,
        "ticker": "1306",
        "upProb": 0.8256191467221644
      },
      {
        "frameSignals": {
          "effectiveRevRisk": 0.3726224105461394,
          "effectiveUpProb": 0.8163983050847458,
          "frameState": "BULLISH",
          "monthlyBoxMonths": 3.0,
          "monthlyBoxPos": 1.0,
          "monthlyBoxRangePct": 0.13053613053613053,
          "monthlyBoxState": "box_upper",
          "monthlyBoxWild": false,
          "monthlyBreakoutDownProb": 0.3418331808035258,
          "monthlyBreakoutUpProb": 0.6301751497154429,
          "monthlyRangePos": 0.9119170984455959,
          "monthlyRangeProb": 0.42920840821292805,
          "monthlyRangeWidth": 0.1955420466058764,
          "monthlyRegimeAligned": null,
          "weeklyBreakoutDownProb": 0.3726224105461394,
          "weeklyBreakoutUpProb": 0.8163983050847458,
          "weeklyRangeProb": 0.30266007532956685,
          "weeklyRegimeAligned": null
        },
        "frameState": "BULLISH",
        "revRisk": 0.3726224105461394,
        "ticker": "1308",
        "upProb": 0.8163983050847458
      },
      {
        "frameSignals": {
          "effectiveRevRisk": 0.3883047828592383,
          "effectiveUpProb": 0.7982178217821781,
          "frameState": "BULLISH",
          "monthlyBoxMonths": 5.0,
          "monthlyBoxPos": 1.0,
          "monthlyBoxRangePct": 0.18448614444686887,
          "monthlyBoxState": "box_upper",
          "monthlyBoxWild": false,
          "monthlyBreakoutDownProb": 0.3362030924984428,
          "monthlyBreakoutUpProb": 0.6145033132489947,
          "monthlyRangePos": 0.8975717439293598,
          "monthlyRangeProb": 0.42666265537293396,
          "monthlyRangeWidth": 0.20425647037604833,
          "monthlyRegimeAligned": null,
          "weeklyBreakoutDownProb": 0.3883047828592383,
          "weeklyBreakoutUpProb": 0.7982178217821781,
          "weeklyRangeProb": 0.3471659070668972,
          "weeklyRegimeAligned": null
        },
        "frameState": "BULLISH",
        "revRisk": 0.3883047828592383,
        "ticker": "1001",
        "upProb": 0.7982178217821781
      }
    ],
    "sell": [
      {
        "frameSignals": {
          "effectiveRevRisk": 0.3883047828592383,
          "effectiveUpProb": 0.7982178217821781,
          "frameState": "BULLISH",
          "monthlyBoxMonths": 5.0,
          "monthlyBoxPos": 1.0,
          "monthlyBoxRangePct": 0.18448614444686887,
          "monthlyBoxState": "box_upper",
          "monthlyBoxWild": false,
          "monthlyBreakoutDownProb": 0.3362030924984428,
          "monthlyBreakoutUpProb": 0.6145033132489947,
          "monthlyRangePos": 0.8975717439293598,
          "monthlyRangeProb": 0.42666265537293396,
          "monthlyRangeWidth": 0.20425647037604833,
          "monthlyRegimeAligned": null,
          "weeklyBreakoutDownProb": 0.3883047828592383,
          "weeklyBreakoutUpProb": 0.7982178217821781,
          "weeklyRangeProb": 0.3471659070668972,
          "weeklyRegimeAligned": null
        },
        "frameState": "BULLISH",
        "revRisk": 0.3883047828592383,
        "ticker": "1001",
        "upProb": 0.7982178217821781
      },
      {
        "frameSignals": {
          "effectiveRevRisk": 0.3719447334952018,
          "effectiveUpProb": 0.8256191467221644,
          "frameState": "BULLISH",
          "monthlyBoxMonths": 3.0,
          "monthlyBoxPos": 1.0,
          "monthlyBoxRangePct": 0.13043478260869565,
          "monthlyBoxState": "box_upper",
          "monthlyBoxWild": false,
          "monthlyBreakoutDownProb": 0.3458819258720649,
          "monthlyBreakoutUpProb": 0.6220125791383966,
          "monthlyRangePos": 0.8944723618090452,
          "monthlyRangeProb": 0.4389888269671228,
          "monthlyRangeWidth": 0.19722497522299307,
          "monthlyRegimeAligned": null,
          "weeklyBreakoutDownProb": 0.3719447334952018,
          "weeklyBreakoutUpProb": 0.8256191467221644,
          "weeklyRangeProb": 0.2886865533587698,
          "weeklyRegimeAligned": null
        },
        "frameState": "BULLISH",
        "revRisk": 0.3719447334952018,
        "ticker": "1306",
        "upProb": 0.8256191467221644
      },
      {
        "frameSignals": {
          "effectiveRevRisk": 0.3726224105461394,
          "effectiveUpProb": 0.8163983050847458,
          "frameState": "BULLISH",
          "monthlyBoxMonths": 3.0,
          "monthlyBoxPos": 1.0,
          "monthlyBoxRangePct": 0.13053613053613053,
          "monthlyBoxState": "box_upper",
          "monthlyBoxWild": false,
          "monthlyBreakoutDownProb": 0.3418331808035258,
          "monthlyBreakoutUpProb": 0.6301751497154429,
          "monthlyRangePos": 0.9119170984455959,
          "monthlyRangeProb": 0.42920840821292805,
          "monthlyRangeWidth": 0.1955420466058764,
          "monthlyRegimeAligned": null,
          "weeklyBreakoutDownProb": 0.3726224105461394,
          "weeklyBreakoutUpProb": 0.8163983050847458,
          "weeklyRangeProb": 0.30266007532956685,
          "weeklyRegimeAligned": null
        },
        "frameState": "BULLISH",
        "revRisk": 0.3726224105461394,
        "ticker": "1308",
        "upProb": 0.8163983050847458
      }
    ]
  },
  "stage": {
    "goal20Reached": false,
    "goal30Reached": false,
    "stage2Active": false
  }
}