{
  "asOf": "2023-04-19",
  "cash": 9277079.273752,
  "cum_pnl": 1277079.273752,
  "cum_return_pct": 12.770793,
  "daily_pnl": -255072.463768,
  "equity": 11277079.273752,
  "game_over": false,
  "goal20_reached": false,
  "goal30_reached": false,
  "holdings_count": 1,
  "max_drawdown_pct": -4.474989,
  "season_id": "tradex_bt3y_v8_baseline_20260217"
}