{
  "actions": [],
  "asOf": "2020-08-31",
  "checks": {
    "exposureOk": true,
    "lossLimitOk": true,
    "maxHoldingsOk": true,
    "noFutureLeakOk": true,
    "unitRuleOk": true
  },
  "mode": "BACKTEST",
  "policyVersion": "toredex.v8",
  "seasonId": "toredex_multiframe_20260318",
  "signals": {
    "buy": [
      {
        "frameSignals": {
          "effectiveRevRisk": 0.3740340867853019,
          "effectiveUpProb": 0.653286632104398,
          "frameState": "BULLISH",
          "monthlyBoxMonths": 4.0,
          "monthlyBoxPos": 1.0,
          "monthlyBoxRangePct": 0.15747086188784953,
          "monthlyBoxState": "box_upper",
          "monthlyBoxWild": false,
          "monthlyBreakoutDownProb": 0.34333571802543605,
          "monthlyBreakoutUpProb": 0.6169693960165734,
          "monthlyRangePos": 0.8909052542730533,
          "monthlyRangeProb": 0.43700116212459555,
          "monthlyRangeWidth": 0.20032972607372337,
          "monthlyRegimeAligned": null,
          "weeklyBreakoutDownProb": 0.3740340867853019,
          "weeklyBreakoutUpProb": 0.653286632104398,
          "weeklyRangeProb": 0.4709824249339084,
          "weeklyRegimeAligned": null
        },
        "frameState": "BULLISH",
        "revRisk": 0.3740340867853019,
        "ticker": "1001",
        "upProb": 0.653286632104398
      },
      {
        "frameSignals": {
          "effectiveRevRisk": 0.4775118044348813,
          "effectiveUpProb": 0.6860976630207398,
          "frameState": "BULLISH",
          "monthlyBoxMonths": 7.0,
          "monthlyBoxPos": 0.7854406130268199,
          "monthlyBoxRangePct": 0.17938144329896907,
          "monthlyBoxState": "box_upper",
          "monthlyBoxWild": true,
          "monthlyBreakoutDownProb": 0.4763701887801358,
          "monthlyBreakoutUpProb": 0.5486282532962649,
          "monthlyRangePos": 0.603225806451613,
          "monthlyRangeProb": 0.6766046512562895,
          "monthlyRangeWidth": 0.17386427369601795,
          "monthlyRegimeAligned": null,
          "weeklyBreakoutDownProb": 0.4775118044348813,
          "weeklyBreakoutUpProb": 0.6860976630207398,
          "weeklyRangeProb": 0.622183372183372,
          "weeklyRegimeAligned": null
        },
        "frameState": "BULLISH",
        "revRisk": 0.4775118044348813,
        "ticker": "1306",
        "upProb": 0.6860976630207398
      },
      {
        "frameSignals": {
          "effectiveRevRisk": 0.4712437810945274,
          "effectiveUpProb": 0.6854228855721394,
          "frameState": "BULLISH",
          "monthlyBoxMonths": 7.0,
          "monthlyBoxPos": 0.7992277992277992,
          "monthlyBoxRangePct": 0.17998610145934676,
          "monthlyBoxState": "box_upper",
          "monthlyBoxWild": true,
          "monthlyBreakoutDownProb": 0.47105698878227387,
          "monthlyBreakoutUpProb": 0.548709721901245,
          "monthlyRangePos": 0.6109324758842444,
          "monthlyRangeProb": 0.6681185050121992,
          "monthlyRangeWidth": 0.17600452744765138,
          "monthlyRegimeAligned": null,
          "weeklyBreakoutDownProb": 0.4712437810945274,
          "weeklyBreakoutUpProb": 0.6854228855721394,
          "weeklyRangeProb": 0.6124875621890548,
          "weeklyRegimeAligned": null
        },
        "frameState": "BULLISH",
        "revRisk": 0.4712437810945274,
        "ticker": "1308",
        "upProb": 0.6854228855721394
      }
    ],
    "sell": [
      {
        "frameSignals": {
          "effectiveRevRisk": 0.4775118044348813,
          "effectiveUpProb": 0.6860976630207398,
          "frameState": "BULLISH",
          "monthlyBoxMonths": 7.0,
          "monthlyBoxPos": 0.7854406130268199,
          "monthlyBoxRangePct": 0.17938144329896907,
          "monthlyBoxState": "box_upper",
          "monthlyBoxWild": true,
          "monthlyBreakoutDownProb": 0.4763701887801358,
          "monthlyBreakoutUpProb": 0.5486282532962649,
          "monthlyRangePos": 0.603225806451613,
          "monthlyRangeProb": 0.6766046512562895,
          "monthlyRangeWidth": 0.17386427369601795,
          "monthlyRegimeAligned": null,
          "weeklyBreakoutDownProb": 0.4775118044348813,
          "weeklyBreakoutUpProb": 0.6860976630207398,
          "weeklyRangeProb": 0.622183372183372,
          "weeklyRegimeAligned": null
        },
        "frameState": "BULLISH",
        "revRisk": 0.4775118044348813,
        "ticker": "1306",
        "upProb": 0.6860976630207398
      },
      {
        "frameSignals": {
          "effectiveRevRisk": 0.4712437810945274,
          "effectiveUpProb": 0.6854228855721394,
          "frameState": "BULLISH",
          "monthlyBoxMonths": 7.0,
          "monthlyBoxPos": 0.7992277992277992,
          "monthlyBoxRangePct": 0.17998610145934676,
          "monthlyBoxState": "box_upper",
          "monthlyBoxWild": true,
          "monthlyBreakoutDownProb": 0.47105698878227387,
          "monthlyBreakoutUpProb": 0.548709721901245,
          "monthlyRangePos": 0.6109324758842444,
          "monthlyRangeProb": 0.6681185050121992,
          "monthlyRangeWidth": 0.17600452744765138,
          "monthlyRegimeAligned": null,
          "weeklyBreakoutDownProb": 0.4712437810945274,
          "weeklyBreakoutUpProb": 0.6854228855721394,
          "weeklyRangeProb": 0.6124875621890548,
          "weeklyRegimeAligned": null
        },
        "frameState": "BULLISH",
        "revRisk": 0.4712437810945274,
        "ticker": "1308",
        "upProb": 0.6854228855721394
      },
      {
        "frameSignals": {
          "effectiveRevRisk": 0.3740340867853019,
          "effectiveUpProb": 0.653286632104398,
          "frameState": "BULLISH",
          "monthlyBoxMonths": 4.0,
          "monthlyBoxPos": 1.0,
          "monthlyBoxRangePct": 0.15747086188784953,
          "monthlyBoxState": "box_upper",
          "monthlyBoxWild": false,
          "monthlyBreakoutDownProb": 0.34333571802543605,
          "monthlyBreakoutUpProb": 0.6169693960165734,
          "monthlyRangePos": 0.8909052542730533,
          "monthlyRangeProb": 0.43700116212459555,
          "monthlyRangeWidth": 0.20032972607372337,
          "monthlyRegimeAligned": null,
          "weeklyBreakoutDownProb": 0.3740340867853019,
          "weeklyBreakoutUpProb": 0.653286632104398,
          "weeklyRangeProb": 0.4709824249339084,
          "weeklyRegimeAligned": null
        },
        "frameState": "BULLISH",
        "revRisk": 0.3740340867853019,
        "ticker": "1001",
        "upProb": 0.653286632104398
      }
    ]
  },
  "stage": {
    "goal20Reached": false,
    "goal30Reached": false,
    "stage2Active": false
  }
}