{
  "actions": [],
  "asOf": "2007-12-17",
  "checks": {
    "exposureOk": true,
    "lossLimitOk": true,
    "maxHoldingsOk": true,
    "noFutureLeakOk": true,
    "unitRuleOk": true
  },
  "mode": "BACKTEST",
  "policyVersion": "toredex.v8",
  "seasonId": "toredex_multiframe_20260318",
  "signals": {
    "buy": [
      {
        "frameSignals": {
          "effectiveRevRisk": 0.8162053571428571,
          "effectiveUpProb": 0.4673988008928761,
          "frameState": "BEARISH",
          "monthlyBoxMonths": 14.0,
          "monthlyBoxPos": 0.0,
          "monthlyBoxRangePct": 0.189520624303233,
          "monthlyBoxState": "box_lower",
          "monthlyBoxWild": false,
          "monthlyBreakoutDownProb": 0.8162053571428571,
          "monthlyBreakoutUpProb": 0.38436860611852347,
          "monthlyRangePos": 0.0,
          "monthlyRangeProb": 0.3168175827411863,
          "monthlyRangeWidth": 0.1355165949939354,
          "monthlyRegimeAligned": null,
          "weeklyBreakoutDownProb": 0.6380291733857129,
          "weeklyBreakoutUpProb": 0.4673988008928761,
          "weeklyRangeProb": 0.6257588850354203,
          "weeklyRegimeAligned": null
        },
        "frameState": "BEARISH",
        "revRisk": 0.8162053571428571,
        "ticker": "1001",
        "upProb": 0.4673988008928761
      },
      {
        "frameSignals": {
          "effectiveRevRisk": 0.8467787839586028,
          "effectiveUpProb": 0.4591650853889943,
          "frameState": "BEARISH",
          "monthlyBoxMonths": 5.0,
          "monthlyBoxPos": 0.0,
          "monthlyBoxRangePct": 0.13624161073825503,
          "monthlyBoxState": "box_lower",
          "monthlyBoxWild": false,
          "monthlyBreakoutDownProb": 0.8467787839586028,
          "monthlyBreakoutUpProb": 0.38045496750232133,
          "monthlyRangePos": 0.0,
          "monthlyRangeProb": 0.26851604944499907,
          "monthlyRangeWidth": 0.13871866295264623,
          "monthlyRegimeAligned": null,
          "weeklyBreakoutDownProb": 0.6252435167615433,
          "weeklyBreakoutUpProb": 0.4591650853889943,
          "weeklyRangeProb": 0.6178902880800414,
          "weeklyRegimeAligned": null
        },
        "frameState": "BEARISH",
        "revRisk": 0.8467787839586028,
        "ticker": "1308",
        "upProb": 0.4591650853889943
      },
      {
        "frameSignals": {
          "effectiveRevRisk": 0.851052291801162,
          "effectiveUpProb": 0.4540530565741199,
          "frameState": "BEARISH",
          "monthlyBoxMonths": 5.0,
          "monthlyBoxPos": 0.0,
          "monthlyBoxRangePct": 0.14017437961099932,
          "monthlyBoxState": "box_lower",
          "monthlyBoxWild": false,
          "monthlyBreakoutDownProb": 0.851052291801162,
          "monthlyBreakoutUpProb": 0.37956790123456796,
          "monthlyRangePos": 0.0,
          "monthlyRangeProb": 0.26136268719763456,
          "monthlyRangeWidth": 0.13944444444444445,
          "monthlyRegimeAligned": null,
          "weeklyBreakoutDownProb": 0.6367223792832832,
          "weeklyBreakoutUpProb": 0.4540530565741199,
          "weeklyRangeProb": 0.6050616166611203,
          "weeklyRegimeAligned": null
        },
        "frameState": "BEARISH",
        "revRisk": 0.851052291801162,
        "ticker": "1306",
        "upProb": 0.4540530565741199
      }
    ],
    "sell": [
      {
        "frameSignals": {
          "effectiveRevRisk": 0.851052291801162,
          "effectiveUpProb": 0.6367223792832832,
          "frameState": "BEARISH",
          "monthlyBoxMonths": 5.0,
          "monthlyBoxPos": 0.0,
          "monthlyBoxRangePct": 0.14017437961099932,
          "monthlyBoxState": "box_lower",
          "monthlyBoxWild": false,
          "monthlyBreakoutDownProb": 0.851052291801162,
          "monthlyBreakoutUpProb": 0.37956790123456796,
          "monthlyRangePos": 0.0,
          "monthlyRangeProb": 0.26136268719763456,
          "monthlyRangeWidth": 0.13944444444444445,
          "monthlyRegimeAligned": null,
          "weeklyBreakoutDownProb": 0.6367223792832832,
          "weeklyBreakoutUpProb": 0.4540530565741199,
          "weeklyRangeProb": 0.6050616166611203,
          "weeklyRegimeAligned": null
        },
        "frameState": "BEARISH",
        "revRisk": 0.851052291801162,
        "ticker": "1306",
        "upProb": 0.6367223792832832
      },
      {
        "frameSignals": {
          "effectiveRevRisk": 0.8467787839586028,
          "effectiveUpProb": 0.6252435167615433,
          "frameState": "BEARISH",
          "monthlyBoxMonths": 5.0,
          "monthlyBoxPos": 0.0,
          "monthlyBoxRangePct": 0.13624161073825503,
          "monthlyBoxState": "box_lower",
          "monthlyBoxWild": false,
          "monthlyBreakoutDownProb": 0.8467787839586028,
          "monthlyBreakoutUpProb": 0.38045496750232133,
          "monthlyRangePos": 0.0,
          "monthlyRangeProb": 0.26851604944499907,
          "monthlyRangeWidth": 0.13871866295264623,
          "monthlyRegimeAligned": null,
          "weeklyBreakoutDownProb": 0.6252435167615433,
          "weeklyBreakoutUpProb": 0.4591650853889943,
          "weeklyRangeProb": 0.6178902880800414,
          "weeklyRegimeAligned": null
        },
        "frameState": "BEARISH",
        "revRisk": 0.8467787839586028,
        "ticker": "1308",
        "upProb": 0.6252435167615433
      },
      {
        "frameSignals": {
          "effectiveRevRisk": 0.8162053571428571,
          "effectiveUpProb": 0.6380291733857129,
          "frameState": "BEARISH",
          "monthlyBoxMonths": 14.0,
          "monthlyBoxPos": 0.0,
          "monthlyBoxRangePct": 0.189520624303233,
          "monthlyBoxState": "box_lower",
          "monthlyBoxWild": false,
          "monthlyBreakoutDownProb": 0.8162053571428571,
          "monthlyBreakoutUpProb": 0.38436860611852347,
          "monthlyRangePos": 0.0,
          "monthlyRangeProb": 0.3168175827411863,
          "monthlyRangeWidth": 0.1355165949939354,
          "monthlyRegimeAligned": null,
          "weeklyBreakoutDownProb": 0.6380291733857129,
          "weeklyBreakoutUpProb": 0.4673988008928761,
          "weeklyRangeProb": 0.6257588850354203,
          "weeklyRegimeAligned": null
        },
        "frameState": "BEARISH",
        "revRisk": 0.8162053571428571,
        "ticker": "1001",
        "upProb": 0.6380291733857129
      }
    ]
  },
  "stage": {
    "goal20Reached": false,
    "goal30Reached": false,
    "stage2Active": false
  }
}