{
  "asOf": "2023-03-14",
  "cash": 9552501.1325,
  "cum_pnl": -447498.8675,
  "cum_return_pct": -4.474989,
  "daily_pnl": -307692.307692,
  "equity": 9552501.1325,
  "game_over": false,
  "goal20_reached": false,
  "goal30_reached": false,
  "holdings_count": 0,
  "max_drawdown_pct": -4.474989,
  "season_id": "tradex_bt3y_v8_baseline_20260217"
}