{
  "actions": [
    {
      "deltaUnits": 2,
      "reasonId": "E_NEW_TOP1_GATE_OK",
      "side": "SHORT",
      "ticker": "1001"
    }
  ],
  "asOf": "2011-04-06",
  "checks": {
    "exposureOk": true,
    "lossLimitOk": true,
    "maxHoldingsOk": true,
    "noFutureLeakOk": true,
    "unitRuleOk": true
  },
  "mode": "BACKTEST",
  "policyVersion": "toredex.v8",
  "seasonId": "toredex_multiframe_20260318",
  "signals": {
    "buy": [
      {
        "frameSignals": {
          "effectiveRevRisk": 0.6081770944600974,
          "effectiveUpProb": 0.4729692704992172,
          "frameState": "BEARISH",
          "monthlyBoxMonths": 7.0,
          "monthlyBoxPos": 0.2768211920529801,
          "monthlyBoxRangePct": 0.1647392537639101,
          "monthlyBoxState": "box_mid",
          "monthlyBoxWild": true,
          "monthlyBreakoutDownProb": 0.5340456707551355,
          "monthlyBreakoutUpProb": 0.42229018486171865,
          "monthlyRangePos": 0.34034930586654727,
          "monthlyRangeProb": 0.5965338833347241,
          "monthlyRangeWidth": 0.20195351361128697,
          "monthlyRegimeAligned": null,
          "weeklyBreakoutDownProb": 0.6081770944600974,
          "weeklyBreakoutUpProb": 0.4729692704992172,
          "weeklyRangeProb": 0.6468332098787148,
          "weeklyRegimeAligned": null
        },
        "frameState": "BEARISH",
        "revRisk": 0.6081770944600974,
        "ticker": "1001",
        "upProb": 0.4729692704992172
      },
      {
        "frameSignals": {
          "effectiveRevRisk": 0.6142736343649586,
          "effectiveUpProb": 0.4752325384745476,
          "frameState": "BEARISH",
          "monthlyBoxMonths": 7.0,
          "monthlyBoxPos": 0.2913907284768212,
          "monthlyBoxRangePct": 0.18437118437118438,
          "monthlyBoxState": "box_mid",
          "monthlyBoxWild": true,
          "monthlyBreakoutDownProb": 0.5657311721032208,
          "monthlyBreakoutUpProb": 0.4021633329072408,
          "monthlyRangePos": 0.2663316582914573,
          "monthlyRangeProb": 0.5515516410374746,
          "monthlyRangeWidth": 0.19722497522299307,
          "monthlyRegimeAligned": null,
          "weeklyBreakoutDownProb": 0.6142736343649586,
          "weeklyBreakoutUpProb": 0.4752325384745476,
          "weeklyRangeProb": 0.6479398244238427,
          "weeklyRegimeAligned": null
        },
        "frameState": "BEARISH",
        "revRisk": 0.6142736343649586,
        "ticker": "1306",
        "upProb": 0.4752325384745476
      },
      {
        "frameSignals": {
          "effectiveRevRisk": 0.608675988466248,
          "effectiveUpProb": 0.4759173677765929,
          "frameState": "BEARISH",
          "monthlyBoxMonths": 7.0,
          "monthlyBoxPos": 0.2733333333333333,
          "monthlyBoxRangePct": 0.1865671641791045,
          "monthlyBoxState": "box_mid",
          "monthlyBoxWild": true,
          "monthlyBreakoutDownProb": 0.56851711862736,
          "monthlyBreakoutUpProb": 0.40349121189160875,
          "monthlyRangePos": 0.26424870466321243,
          "monthlyRangeProb": 0.5525244703890939,
          "monthlyRangeWidth": 0.1955420466058764,
          "monthlyRegimeAligned": null,
          "weeklyBreakoutDownProb": 0.608675988466248,
          "weeklyBreakoutUpProb": 0.4759173677765929,
          "weeklyRangeProb": 0.65131927163566,
          "weeklyRegimeAligned": null
        },
        "frameState": "BEARISH",
        "revRisk": 0.608675988466248,
        "ticker": "1308",
        "upProb": 0.4759173677765929
      }
    ],
    "sell": [
      {
        "frameSignals": {
          "effectiveRevRisk": 0.6142736343649586,
          "effectiveUpProb": 0.6142736343649586,
          "frameState": "BEARISH",
          "monthlyBoxMonths": 7.0,
          "monthlyBoxPos": 0.2913907284768212,
          "monthlyBoxRangePct": 0.18437118437118438,
          "monthlyBoxState": "box_mid",
          "monthlyBoxWild": true,
          "monthlyBreakoutDownProb": 0.5657311721032208,
          "monthlyBreakoutUpProb": 0.4021633329072408,
          "monthlyRangePos": 0.2663316582914573,
          "monthlyRangeProb": 0.5515516410374746,
          "monthlyRangeWidth": 0.19722497522299307,
          "monthlyRegimeAligned": null,
          "weeklyBreakoutDownProb": 0.6142736343649586,
          "weeklyBreakoutUpProb": 0.4752325384745476,
          "weeklyRangeProb": 0.6479398244238427,
          "weeklyRegimeAligned": null
        },
        "frameState": "BEARISH",
        "revRisk": 0.6142736343649586,
        "ticker": "1306",
        "upProb": 0.6142736343649586
      },
      {
        "frameSignals": {
          "effectiveRevRisk": 0.608675988466248,
          "effectiveUpProb": 0.608675988466248,
          "frameState": "BEARISH",
          "monthlyBoxMonths": 7.0,
          "monthlyBoxPos": 0.2733333333333333,
          "monthlyBoxRangePct": 0.1865671641791045,
          "monthlyBoxState": "box_mid",
          "monthlyBoxWild": true,
          "monthlyBreakoutDownProb": 0.56851711862736,
          "monthlyBreakoutUpProb": 0.40349121189160875,
          "monthlyRangePos": 0.26424870466321243,
          "monthlyRangeProb": 0.5525244703890939,
          "monthlyRangeWidth": 0.1955420466058764,
          "monthlyRegimeAligned": null,
          "weeklyBreakoutDownProb": 0.608675988466248,
          "weeklyBreakoutUpProb": 0.4759173677765929,
          "weeklyRangeProb": 0.65131927163566,
          "weeklyRegimeAligned": null
        },
        "frameState": "BEARISH",
        "revRisk": 0.608675988466248,
        "ticker": "1308",
        "upProb": 0.608675988466248
      },
      {
        "frameSignals": {
          "effectiveRevRisk": 0.6081770944600974,
          "effectiveUpProb": 0.6081770944600974,
          "frameState": "BEARISH",
          "monthlyBoxMonths": 7.0,
          "monthlyBoxPos": 0.2768211920529801,
          "monthlyBoxRangePct": 0.1647392537639101,
          "monthlyBoxState": "box_mid",
          "monthlyBoxWild": true,
          "monthlyBreakoutDownProb": 0.5340456707551355,
          "monthlyBreakoutUpProb": 0.42229018486171865,
          "monthlyRangePos": 0.34034930586654727,
          "monthlyRangeProb": 0.5965338833347241,
          "monthlyRangeWidth": 0.20195351361128697,
          "monthlyRegimeAligned": null,
          "weeklyBreakoutDownProb": 0.6081770944600974,
          "weeklyBreakoutUpProb": 0.4729692704992172,
          "weeklyRangeProb": 0.6468332098787148,
          "weeklyRegimeAligned": null
        },
        "frameState": "BEARISH",
        "revRisk": 0.6081770944600974,
        "ticker": "1001",
        "upProb": 0.6081770944600974
      }
    ]
  },
  "stage": {
    "goal20Reached": false,
    "goal30Reached": false,
    "stage2Active": false
  }
}