{
  "actions": [],
  "asOf": "2024-12-23",
  "checks": {
    "exposureOk": true,
    "lossLimitOk": true,
    "maxHoldingsOk": true,
    "noFutureLeakOk": true,
    "unitRuleOk": true
  },
  "mode": "BACKTEST",
  "policyVersion": "toredex.v8",
  "seasonId": "toredex_multiframe_20260318",
  "signals": {
    "buy": [
      {
        "frameSignals": {
          "effectiveRevRisk": 0.4813501570036865,
          "effectiveUpProb": 0.7144887212774762,
          "frameState": "BULLISH",
          "monthlyBoxMonths": 11.0,
          "monthlyBoxPos": 0.6078147612156295,
          "monthlyBoxRangePct": 0.13040196263445933,
          "monthlyBoxState": "box_mid",
          "monthlyBoxWild": true,
          "monthlyBreakoutDownProb": 0.42383181487793065,
          "monthlyBreakoutUpProb": 0.6193783735823841,
          "monthlyRangePos": 0.7793522267206477,
          "monthlyRangeProb": 0.5640776435675507,
          "monthlyRangeWidth": 0.1664140138116894,
          "monthlyRegimeAligned": null,
          "weeklyBreakoutDownProb": 0.4813501570036865,
          "weeklyBreakoutUpProb": 0.7144887212774762,
          "weeklyRangeProb": 0.6166753183468974,
          "weeklyRegimeAligned": null
        },
        "frameState": "BULLISH",
        "revRisk": 0.4813501570036865,
        "ticker": "1306",
        "upProb": 0.7144887212774762
      },
      {
        "frameSignals": {
          "effectiveRevRisk": 0.47789292352327845,
          "effectiveUpProb": 0.7139394351511854,
          "frameState": "BULLISH",
          "monthlyBoxMonths": 11.0,
          "monthlyBoxPos": 0.6169590643274854,
          "monthlyBoxRangePct": 0.13068398930072603,
          "monthlyBoxState": "box_mid",
          "monthlyBoxWild": true,
          "monthlyBreakoutDownProb": 0.42378264130015597,
          "monthlyBreakoutUpProb": 0.616176150427945,
          "monthlyRangePos": 0.7748478701825557,
          "monthlyRangeProb": 0.5653094132569979,
          "monthlyRangeWidth": 0.16774413065668595,
          "monthlyRegimeAligned": null,
          "weeklyBreakoutDownProb": 0.47789292352327845,
          "weeklyBreakoutUpProb": 0.7139394351511854,
          "weeklyRangeProb": 0.6113998821342762,
          "weeklyRegimeAligned": null
        },
        "frameState": "BULLISH",
        "revRisk": 0.47789292352327845,
        "ticker": "1308",
        "upProb": 0.7139394351511854
      },
      {
        "frameSignals": {
          "effectiveRevRisk": 0.48476240983865015,
          "effectiveUpProb": 0.6703993790309899,
          "frameState": "BULLISH",
          "monthlyBoxMonths": 11.0,
          "monthlyBoxPos": 0.6798188874514877,
          "monthlyBoxRangePct": 0.12880471006443012,
          "monthlyBoxState": "box_mid",
          "monthlyBoxWild": true,
          "monthlyBreakoutDownProb": 0.4021734368700408,
          "monthlyBreakoutUpProb": 0.629711452800526,
          "monthlyRangePos": 0.8250543084721217,
          "monthlyRangeProb": 0.5253939643293952,
          "monthlyRangeWidth": 0.17104709058931358,
          "monthlyRegimeAligned": null,
          "weeklyBreakoutDownProb": 0.48476240983865015,
          "weeklyBreakoutUpProb": 0.6703993790309899,
          "weeklyRangeProb": 0.6401404515033566,
          "weeklyRegimeAligned": null
        },
        "frameState": "BULLISH",
        "revRisk": 0.48476240983865015,
        "ticker": "1001",
        "upProb": 0.6703993790309899
      }
    ],
    "sell": [
      {
        "frameSignals": {
          "effectiveRevRisk": 0.4813501570036865,
          "effectiveUpProb": 0.7144887212774762,
          "frameState": "BULLISH",
          "monthlyBoxMonths": 11.0,
          "monthlyBoxPos": 0.6078147612156295,
          "monthlyBoxRangePct": 0.13040196263445933,
          "monthlyBoxState": "box_mid",
          "monthlyBoxWild": true,
          "monthlyBreakoutDownProb": 0.42383181487793065,
          "monthlyBreakoutUpProb": 0.6193783735823841,
          "monthlyRangePos": 0.7793522267206477,
          "monthlyRangeProb": 0.5640776435675507,
          "monthlyRangeWidth": 0.1664140138116894,
          "monthlyRegimeAligned": null,
          "weeklyBreakoutDownProb": 0.4813501570036865,
          "weeklyBreakoutUpProb": 0.7144887212774762,
          "weeklyRangeProb": 0.6166753183468974,
          "weeklyRegimeAligned": null
        },
        "frameState": "BULLISH",
        "revRisk": 0.4813501570036865,
        "ticker": "1306",
        "upProb": 0.7144887212774762
      },
      {
        "frameSignals": {
          "effectiveRevRisk": 0.47789292352327845,
          "effectiveUpProb": 0.7139394351511854,
          "frameState": "BULLISH",
          "monthlyBoxMonths": 11.0,
          "monthlyBoxPos": 0.6169590643274854,
          "monthlyBoxRangePct": 0.13068398930072603,
          "monthlyBoxState": "box_mid",
          "monthlyBoxWild": true,
          "monthlyBreakoutDownProb": 0.42378264130015597,
          "monthlyBreakoutUpProb": 0.616176150427945,
          "monthlyRangePos": 0.7748478701825557,
          "monthlyRangeProb": 0.5653094132569979,
          "monthlyRangeWidth": 0.16774413065668595,
          "monthlyRegimeAligned": null,
          "weeklyBreakoutDownProb": 0.47789292352327845,
          "weeklyBreakoutUpProb": 0.7139394351511854,
          "weeklyRangeProb": 0.6113998821342762,
          "weeklyRegimeAligned": null
        },
        "frameState": "BULLISH",
        "revRisk": 0.47789292352327845,
        "ticker": "1308",
        "upProb": 0.7139394351511854
      },
      {
        "frameSignals": {
          "effectiveRevRisk": 0.48476240983865015,
          "effectiveUpProb": 0.6703993790309899,
          "frameState": "BULLISH",
          "monthlyBoxMonths": 11.0,
          "monthlyBoxPos": 0.6798188874514877,
          "monthlyBoxRangePct": 0.12880471006443012,
          "monthlyBoxState": "box_mid",
          "monthlyBoxWild": true,
          "monthlyBreakoutDownProb": 0.4021734368700408,
          "monthlyBreakoutUpProb": 0.629711452800526,
          "monthlyRangePos": 0.8250543084721217,
          "monthlyRangeProb": 0.5253939643293952,
          "monthlyRangeWidth": 0.17104709058931358,
          "monthlyRegimeAligned": null,
          "weeklyBreakoutDownProb": 0.48476240983865015,
          "weeklyBreakoutUpProb": 0.6703993790309899,
          "weeklyRangeProb": 0.6401404515033566,
          "weeklyRegimeAligned": null
        },
        "frameState": "BULLISH",
        "revRisk": 0.48476240983865015,
        "ticker": "1001",
        "upProb": 0.6703993790309899
      }
    ]
  },
  "stage": {
    "goal20Reached": false,
    "goal30Reached": false,
    "stage2Active": false
  }
}