{
  "actions": [
    {
      "deltaUnits": 2,
      "reasonId": "E_NEW_TOP1_GATE_OK",
      "side": "SHORT",
      "ticker": "1306"
    }
  ],
  "asOf": "2008-02-25",
  "checks": {
    "exposureOk": true,
    "lossLimitOk": true,
    "maxHoldingsOk": true,
    "noFutureLeakOk": true,
    "unitRuleOk": true
  },
  "mode": "BACKTEST",
  "policyVersion": "toredex.v8",
  "seasonId": "toredex_multiframe_20260318",
  "signals": {
    "buy": [
      {
        "frameSignals": {
          "effectiveRevRisk": 0.5913388955105284,
          "effectiveUpProb": 0.3080055621771951,
          "frameState": "BEARISH",
          "monthlyBoxMonths": 3.0,
          "monthlyBoxPos": 0.08372093023255814,
          "monthlyBoxRangePct": 0.15855457227138642,
          "monthlyBoxState": "box_lower",
          "monthlyBoxWild": false,
          "monthlyBreakoutDownProb": 0.5910846827891498,
          "monthlyBreakoutUpProb": 0.26516725159648935,
          "monthlyRangePos": 0.034403669724770644,
          "monthlyRangeProb": 0.32323143912612623,
          "monthlyRangeWidth": 0.24289693593314762,
          "monthlyRegimeAligned": null,
          "weeklyBreakoutDownProb": 0.5913388955105284,
          "weeklyBreakoutUpProb": 0.3080055621771951,
          "weeklyRangeProb": 0.39127930075486694,
          "weeklyRegimeAligned": null
        },
        "frameState": "BEARISH",
        "revRisk": 0.5913388955105284,
        "ticker": "1308",
        "upProb": 0.3080055621771951
      },
      {
        "frameSignals": {
          "effectiveRevRisk": 0.6018055555555556,
          "effectiveUpProb": 0.30863035108822173,
          "frameState": "BEARISH",
          "monthlyBoxMonths": 3.0,
          "monthlyBoxPos": 0.06965174129353234,
          "monthlyBoxRangePct": 0.14779411764705883,
          "monthlyBoxState": "box_lower",
          "monthlyBoxWild": false,
          "monthlyBreakoutDownProb": 0.6018055555555556,
          "monthlyBreakoutUpProb": 0.2615277777777778,
          "monthlyRangePos": 0.013888888888888888,
          "monthlyRangeProb": 0.3130555555555556,
          "monthlyRangeWidth": 0.24,
          "monthlyRegimeAligned": null,
          "weeklyBreakoutDownProb": 0.5968656452058687,
          "weeklyBreakoutUpProb": 0.30863035108822173,
          "weeklyRangeProb": 0.39001234005613367,
          "weeklyRegimeAligned": null
        },
        "frameState": "BEARISH",
        "revRisk": 0.6018055555555556,
        "ticker": "1306",
        "upProb": 0.30863035108822173
      },
      {
        "frameSignals": {
          "effectiveRevRisk": 0.5688784962471782,
          "effectiveUpProb": 0.28495310778836797,
          "frameState": "BEARISH",
          "monthlyBoxMonths": 3.0,
          "monthlyBoxPos": 0.1780269058295964,
          "monthlyBoxRangePct": 0.16497743582155805,
          "monthlyBoxState": "box_lower",
          "monthlyBoxWild": false,
          "monthlyBreakoutDownProb": 0.5688784962471782,
          "monthlyBreakoutUpProb": 0.2684605464011598,
          "monthlyRangePos": 0.0708315002199736,
          "monthlyRangeProb": 0.33755512080981764,
          "monthlyRangeWidth": 0.25063402800749807,
          "monthlyRegimeAligned": null,
          "weeklyBreakoutDownProb": 0.5565803678718171,
          "weeklyBreakoutUpProb": 0.28495310778836797,
          "weeklyRangeProb": 0.3688243391702965,
          "weeklyRegimeAligned": null
        },
        "frameState": "BEARISH",
        "revRisk": 0.5688784962471782,
        "ticker": "1001",
        "upProb": 0.28495310778836797
      }
    ],
    "sell": [
      {
        "frameSignals": {
          "effectiveRevRisk": 0.6018055555555556,
          "effectiveUpProb": 0.5968656452058687,
          "frameState": "BEARISH",
          "monthlyBoxMonths": 3.0,
          "monthlyBoxPos": 0.06965174129353234,
          "monthlyBoxRangePct": 0.14779411764705883,
          "monthlyBoxState": "box_lower",
          "monthlyBoxWild": false,
          "monthlyBreakoutDownProb": 0.6018055555555556,
          "monthlyBreakoutUpProb": 0.2615277777777778,
          "monthlyRangePos": 0.013888888888888888,
          "monthlyRangeProb": 0.3130555555555556,
          "monthlyRangeWidth": 0.24,
          "monthlyRegimeAligned": null,
          "weeklyBreakoutDownProb": 0.5968656452058687,
          "weeklyBreakoutUpProb": 0.30863035108822173,
          "weeklyRangeProb": 0.39001234005613367,
          "weeklyRegimeAligned": null
        },
        "frameState": "BEARISH",
        "revRisk": 0.6018055555555556,
        "ticker": "1306",
        "upProb": 0.5968656452058687
      },
      {
        "frameSignals": {
          "effectiveRevRisk": 0.5913388955105284,
          "effectiveUpProb": 0.5913388955105284,
          "frameState": "BEARISH",
          "monthlyBoxMonths": 3.0,
          "monthlyBoxPos": 0.08372093023255814,
          "monthlyBoxRangePct": 0.15855457227138642,
          "monthlyBoxState": "box_lower",
          "monthlyBoxWild": false,
          "monthlyBreakoutDownProb": 0.5910846827891498,
          "monthlyBreakoutUpProb": 0.26516725159648935,
          "monthlyRangePos": 0.034403669724770644,
          "monthlyRangeProb": 0.32323143912612623,
          "monthlyRangeWidth": 0.24289693593314762,
          "monthlyRegimeAligned": null,
          "weeklyBreakoutDownProb": 0.5913388955105284,
          "weeklyBreakoutUpProb": 0.3080055621771951,
          "weeklyRangeProb": 0.39127930075486694,
          "weeklyRegimeAligned": null
        },
        "frameState": "BEARISH",
        "revRisk": 0.5913388955105284,
        "ticker": "1308",
        "upProb": 0.5913388955105284
      },
      {
        "frameSignals": {
          "effectiveRevRisk": 0.5688784962471782,
          "effectiveUpProb": 0.5565803678718171,
          "frameState": "BEARISH",
          "monthlyBoxMonths": 3.0,
          "monthlyBoxPos": 0.1780269058295964,
          "monthlyBoxRangePct": 0.16497743582155805,
          "monthlyBoxState": "box_lower",
          "monthlyBoxWild": false,
          "monthlyBreakoutDownProb": 0.5688784962471782,
          "monthlyBreakoutUpProb": 0.2684605464011598,
          "monthlyRangePos": 0.0708315002199736,
          "monthlyRangeProb": 0.33755512080981764,
          "monthlyRangeWidth": 0.25063402800749807,
          "monthlyRegimeAligned": null,
          "weeklyBreakoutDownProb": 0.5565803678718171,
          "weeklyBreakoutUpProb": 0.28495310778836797,
          "weeklyRangeProb": 0.3688243391702965,
          "weeklyRegimeAligned": null
        },
        "frameState": "BEARISH",
        "revRisk": 0.5688784962471782,
        "ticker": "1001",
        "upProb": 0.5565803678718171
      }
    ]
  },
  "stage": {
    "goal20Reached": false,
    "goal30Reached": false,
    "stage2Active": false
  }
}