{
  "asOf": "2025-07-04",
  "cash": 16451035.398135,
  "cum_pnl": 10416156.570499,
  "cum_return_pct": 104.161566,
  "daily_pnl": -59509.369508,
  "equity": 20416156.570499,
  "game_over": false,
  "goal20_reached": true,
  "goal30_reached": true,
  "holdings_count": 2,
  "max_drawdown_pct": -6.512792,
  "season_id": "tradex_bt3y_v8_fast_baseline_20260217"
}