{
  "actions": [],
  "asOf": "2011-02-03",
  "checks": {
    "exposureOk": true,
    "lossLimitOk": true,
    "maxHoldingsOk": true,
    "noFutureLeakOk": true,
    "unitRuleOk": true
  },
  "mode": "BACKTEST",
  "policyVersion": "toredex.v8",
  "seasonId": "toredex_multiframe_20260318",
  "signals": {
    "buy": [
      {
        "frameSignals": {
          "effectiveRevRisk": 0.43030403642482873,
          "effectiveUpProb": 0.7151388314730606,
          "frameState": "BULLISH",
          "monthlyBoxMonths": 9.0,
          "monthlyBoxPos": 1.0,
          "monthlyBoxRangePct": 0.16336633663366337,
          "monthlyBoxState": "box_upper",
          "monthlyBoxWild": false,
          "monthlyBreakoutDownProb": 0.43030403642482873,
          "monthlyBreakoutUpProb": 0.5375904685856328,
          "monthlyRangePos": 0.6532663316582915,
          "monthlyRangeProb": 0.6078330480726504,
          "monthlyRangeWidth": 0.19722497522299307,
          "monthlyRegimeAligned": null,
          "weeklyBreakoutDownProb": 0.4163583436681825,
          "weeklyBreakoutUpProb": 0.7151388314730606,
          "weeklyRangeProb": 0.5130132975058564,
          "weeklyRegimeAligned": null
        },
        "frameState": "BULLISH",
        "revRisk": 0.43030403642482873,
        "ticker": "1306",
        "upProb": 0.7151388314730606
      },
      {
        "frameSignals": {
          "effectiveRevRisk": 0.42525286992269684,
          "effectiveUpProb": 0.7050666541181638,
          "frameState": "BULLISH",
          "monthlyBoxMonths": 9.0,
          "monthlyBoxPos": 1.0,
          "monthlyBoxRangePct": 0.163727959697733,
          "monthlyBoxState": "box_upper",
          "monthlyBoxWild": false,
          "monthlyBreakoutDownProb": 0.42525286992269684,
          "monthlyBreakoutUpProb": 0.5467554605962719,
          "monthlyRangePos": 0.6735751295336787,
          "monthlyRangeProb": 0.5960477864512701,
          "monthlyRangeWidth": 0.1955420466058764,
          "monthlyRegimeAligned": null,
          "weeklyBreakoutDownProb": 0.42391911313455727,
          "weeklyBreakoutUpProb": 0.7050666541181638,
          "weeklyRangeProb": 0.5291622305748195,
          "weeklyRegimeAligned": null
        },
        "frameState": "BULLISH",
        "revRisk": 0.42525286992269684,
        "ticker": "1308",
        "upProb": 0.7050666541181638
      },
      {
        "frameSignals": {
          "effectiveRevRisk": 0.44205523105242467,
          "effectiveUpProb": 0.6974323781771445,
          "frameState": "BULLISH",
          "monthlyBoxMonths": 9.0,
          "monthlyBoxPos": 1.0,
          "monthlyBoxRangePct": 0.182116953762466,
          "monthlyBoxState": "box_upper",
          "monthlyBoxWild": false,
          "monthlyBreakoutDownProb": 0.4020309070679792,
          "monthlyBreakoutUpProb": 0.5486754986794582,
          "monthlyRangePos": 0.7094922737306844,
          "monthlyRangeProb": 0.5583182845120067,
          "monthlyRangeWidth": 0.20425647037604833,
          "monthlyRegimeAligned": null,
          "weeklyBreakoutDownProb": 0.44205523105242467,
          "weeklyBreakoutUpProb": 0.6974323781771445,
          "weeklyRangeProb": 0.5611382583291165,
          "weeklyRegimeAligned": null
        },
        "frameState": "BULLISH",
        "revRisk": 0.44205523105242467,
        "ticker": "1001",
        "upProb": 0.6974323781771445
      }
    ],
    "sell": [
      {
        "frameSignals": {
          "effectiveRevRisk": 0.44205523105242467,
          "effectiveUpProb": 0.6974323781771445,
          "frameState": "BULLISH",
          "monthlyBoxMonths": 9.0,
          "monthlyBoxPos": 1.0,
          "monthlyBoxRangePct": 0.182116953762466,
          "monthlyBoxState": "box_upper",
          "monthlyBoxWild": false,
          "monthlyBreakoutDownProb": 0.4020309070679792,
          "monthlyBreakoutUpProb": 0.5486754986794582,
          "monthlyRangePos": 0.7094922737306844,
          "monthlyRangeProb": 0.5583182845120067,
          "monthlyRangeWidth": 0.20425647037604833,
          "monthlyRegimeAligned": null,
          "weeklyBreakoutDownProb": 0.44205523105242467,
          "weeklyBreakoutUpProb": 0.6974323781771445,
          "weeklyRangeProb": 0.5611382583291165,
          "weeklyRegimeAligned": null
        },
        "frameState": "BULLISH",
        "revRisk": 0.44205523105242467,
        "ticker": "1001",
        "upProb": 0.6974323781771445
      },
      {
        "frameSignals": {
          "effectiveRevRisk": 0.43030403642482873,
          "effectiveUpProb": 0.7151388314730606,
          "frameState": "BULLISH",
          "monthlyBoxMonths": 9.0,
          "monthlyBoxPos": 1.0,
          "monthlyBoxRangePct": 0.16336633663366337,
          "monthlyBoxState": "box_upper",
          "monthlyBoxWild": false,
          "monthlyBreakoutDownProb": 0.43030403642482873,
          "monthlyBreakoutUpProb": 0.5375904685856328,
          "monthlyRangePos": 0.6532663316582915,
          "monthlyRangeProb": 0.6078330480726504,
          "monthlyRangeWidth": 0.19722497522299307,
          "monthlyRegimeAligned": null,
          "weeklyBreakoutDownProb": 0.4163583436681825,
          "weeklyBreakoutUpProb": 0.7151388314730606,
          "weeklyRangeProb": 0.5130132975058564,
          "weeklyRegimeAligned": null
        },
        "frameState": "BULLISH",
        "revRisk": 0.43030403642482873,
        "ticker": "1306",
        "upProb": 0.7151388314730606
      },
      {
        "frameSignals": {
          "effectiveRevRisk": 0.42525286992269684,
          "effectiveUpProb": 0.7050666541181638,
          "frameState": "BULLISH",
          "monthlyBoxMonths": 9.0,
          "monthlyBoxPos": 1.0,
          "monthlyBoxRangePct": 0.163727959697733,
          "monthlyBoxState": "box_upper",
          "monthlyBoxWild": false,
          "monthlyBreakoutDownProb": 0.42525286992269684,
          "monthlyBreakoutUpProb": 0.5467554605962719,
          "monthlyRangePos": 0.6735751295336787,
          "monthlyRangeProb": 0.5960477864512701,
          "monthlyRangeWidth": 0.1955420466058764,
          "monthlyRegimeAligned": null,
          "weeklyBreakoutDownProb": 0.42391911313455727,
          "weeklyBreakoutUpProb": 0.7050666541181638,
          "weeklyRangeProb": 0.5291622305748195,
          "weeklyRegimeAligned": null
        },
        "frameState": "BULLISH",
        "revRisk": 0.42525286992269684,
        "ticker": "1308",
        "upProb": 0.7050666541181638
      }
    ]
  },
  "stage": {
    "goal20Reached": false,
    "goal30Reached": false,
    "stage2Active": false
  }
}