{
  "actions": [],
  "asOf": "2013-10-16",
  "checks": {
    "exposureOk": true,
    "lossLimitOk": true,
    "maxHoldingsOk": true,
    "noFutureLeakOk": true,
    "unitRuleOk": true
  },
  "mode": "BACKTEST",
  "policyVersion": "toredex.v8",
  "seasonId": "toredex_multiframe_20260318",
  "signals": {
    "buy": [
      {
        "frameSignals": {
          "effectiveRevRisk": 0.43398348665950404,
          "effectiveUpProb": 0.7315131578947368,
          "frameState": "BULLISH",
          "monthlyBoxMonths": 7.0,
          "monthlyBoxPos": 1.0,
          "monthlyBoxRangePct": 0.1509433962264151,
          "monthlyBoxState": "box_upper",
          "monthlyBoxWild": false,
          "monthlyBreakoutDownProb": 0.08664108187134505,
          "monthlyBreakoutUpProb": 0.7315131578947368,
          "monthlyRangePos": 1.0,
          "monthlyRangeProb": 0.0859466374269006,
          "monthlyRangeWidth": 0.37911184210526316,
          "monthlyRegimeAligned": null,
          "weeklyBreakoutDownProb": 0.43398348665950404,
          "weeklyBreakoutUpProb": 0.700858486659504,
          "weeklyRangeProb": 0.546895256961232,
          "weeklyRegimeAligned": null
        },
        "frameState": "BULLISH",
        "revRisk": 0.43398348665950404,
        "ticker": "1306",
        "upProb": 0.7315131578947368
      },
      {
        "frameSignals": {
          "effectiveRevRisk": 0.4383367059857249,
          "effectiveUpProb": 0.7229055690072639,
          "frameState": "BULLISH",
          "monthlyBoxMonths": 7.0,
          "monthlyBoxPos": 0.9767008387698043,
          "monthlyBoxRangePct": 0.17347021259396977,
          "monthlyBoxState": "box_upper",
          "monthlyBoxWild": false,
          "monthlyBreakoutDownProb": 0.0826722779507283,
          "monthlyBreakoutUpProb": 0.7229055690072639,
          "monthlyRangePos": 1.0,
          "monthlyRangeProb": 0.09355278834697718,
          "monthlyRangeWidth": 0.3823590453130405,
          "monthlyRegimeAligned": null,
          "weeklyBreakoutDownProb": 0.4383367059857249,
          "weeklyBreakoutUpProb": 0.6681824147610382,
          "weeklyRangeProb": 0.5671883171205011,
          "weeklyRegimeAligned": null
        },
        "frameState": "BULLISH",
        "revRisk": 0.4383367059857249,
        "ticker": "1001",
        "upProb": 0.7229055690072639
      },
      {
        "frameSignals": {
          "effectiveRevRisk": 0.44076484008260963,
          "effectiveUpProb": 0.7004422594374483,
          "frameState": "BULLISH",
          "monthlyBoxMonths": 7.0,
          "monthlyBoxPos": 0.9873417721518988,
          "monthlyBoxRangePct": 0.15061963775023832,
          "monthlyBoxState": "box_upper",
          "monthlyBoxWild": false,
          "monthlyBreakoutDownProb": 0.08368858426853452,
          "monthlyBreakoutUpProb": 0.43065828123823147,
          "monthlyRangePos": 0.9956709956709957,
          "monthlyRangeProb": 0.10014435992066476,
          "monthlyRangeWidth": 0.3827671913835957,
          "monthlyRegimeAligned": null,
          "weeklyBreakoutDownProb": 0.44076484008260963,
          "weeklyBreakoutUpProb": 0.7004422594374483,
          "weeklyRangeProb": 0.5578540485433774,
          "weeklyRegimeAligned": null
        },
        "frameState": "BULLISH",
        "revRisk": 0.44076484008260963,
        "ticker": "1308",
        "upProb": 0.7004422594374483
      }
    ],
    "sell": [
      {
        "frameSignals": {
          "effectiveRevRisk": 0.44076484008260963,
          "effectiveUpProb": 0.7004422594374483,
          "frameState": "BULLISH",
          "monthlyBoxMonths": 7.0,
          "monthlyBoxPos": 0.9873417721518988,
          "monthlyBoxRangePct": 0.15061963775023832,
          "monthlyBoxState": "box_upper",
          "monthlyBoxWild": false,
          "monthlyBreakoutDownProb": 0.08368858426853452,
          "monthlyBreakoutUpProb": 0.43065828123823147,
          "monthlyRangePos": 0.9956709956709957,
          "monthlyRangeProb": 0.10014435992066476,
          "monthlyRangeWidth": 0.3827671913835957,
          "monthlyRegimeAligned": null,
          "weeklyBreakoutDownProb": 0.44076484008260963,
          "weeklyBreakoutUpProb": 0.7004422594374483,
          "weeklyRangeProb": 0.5578540485433774,
          "weeklyRegimeAligned": null
        },
        "frameState": "BULLISH",
        "revRisk": 0.44076484008260963,
        "ticker": "1308",
        "upProb": 0.7004422594374483
      },
      {
        "frameSignals": {
          "effectiveRevRisk": 0.43398348665950404,
          "effectiveUpProb": 0.7315131578947368,
          "frameState": "BULLISH",
          "monthlyBoxMonths": 7.0,
          "monthlyBoxPos": 1.0,
          "monthlyBoxRangePct": 0.1509433962264151,
          "monthlyBoxState": "box_upper",
          "monthlyBoxWild": false,
          "monthlyBreakoutDownProb": 0.08664108187134505,
          "monthlyBreakoutUpProb": 0.7315131578947368,
          "monthlyRangePos": 1.0,
          "monthlyRangeProb": 0.0859466374269006,
          "monthlyRangeWidth": 0.37911184210526316,
          "monthlyRegimeAligned": null,
          "weeklyBreakoutDownProb": 0.43398348665950404,
          "weeklyBreakoutUpProb": 0.700858486659504,
          "weeklyRangeProb": 0.546895256961232,
          "weeklyRegimeAligned": null
        },
        "frameState": "BULLISH",
        "revRisk": 0.43398348665950404,
        "ticker": "1306",
        "upProb": 0.7315131578947368
      },
      {
        "frameSignals": {
          "effectiveRevRisk": 0.4383367059857249,
          "effectiveUpProb": 0.7229055690072639,
          "frameState": "BULLISH",
          "monthlyBoxMonths": 7.0,
          "monthlyBoxPos": 0.9767008387698043,
          "monthlyBoxRangePct": 0.17347021259396977,
          "monthlyBoxState": "box_upper",
          "monthlyBoxWild": false,
          "monthlyBreakoutDownProb": 0.0826722779507283,
          "monthlyBreakoutUpProb": 0.7229055690072639,
          "monthlyRangePos": 1.0,
          "monthlyRangeProb": 0.09355278834697718,
          "monthlyRangeWidth": 0.3823590453130405,
          "monthlyRegimeAligned": null,
          "weeklyBreakoutDownProb": 0.4383367059857249,
          "weeklyBreakoutUpProb": 0.6681824147610382,
          "weeklyRangeProb": 0.5671883171205011,
          "weeklyRegimeAligned": null
        },
        "frameState": "BULLISH",
        "revRisk": 0.4383367059857249,
        "ticker": "1001",
        "upProb": 0.7229055690072639
      }
    ]
  },
  "stage": {
    "goal20Reached": false,
    "goal30Reached": false,
    "stage2Active": false
  }
}