{
  "asOf": "2025-04-28",
  "cash": 14228862.482362,
  "cum_pnl": 9228862.482362,
  "cum_return_pct": 92.288625,
  "daily_pnl": -78959.961717,
  "equity": 19228862.482362,
  "game_over": false,
  "goal20_reached": true,
  "goal30_reached": true,
  "holdings_count": 1,
  "max_drawdown_pct": -6.512792,
  "season_id": "tradex_bt3y_v8_fast_baseline_20260217"
}