{
  "actions": [],
  "asOf": "2004-04-06",
  "checks": {
    "exposureOk": true,
    "lossLimitOk": true,
    "maxHoldingsOk": true,
    "noFutureLeakOk": true,
    "unitRuleOk": true
  },
  "mode": "BACKTEST",
  "policyVersion": "toredex.v8",
  "seasonId": "toredex_multiframe_20260318",
  "signals": {
    "buy": [
      {
        "frameSignals": {
          "effectiveRevRisk": 0.33413232408186155,
          "effectiveUpProb": 0.8262394603709949,
          "frameState": "BULLISH",
          "monthlyBoxMonths": 4.0,
          "monthlyBoxPos": 1.0,
          "monthlyBoxRangePct": 0.16380952380952382,
          "monthlyBoxState": "box_upper",
          "monthlyBoxWild": false,
          "monthlyBreakoutDownProb": 0.1542720629567173,
          "monthlyBreakoutUpProb": 0.8262394603709949,
          "monthlyRangePos": 1.0,
          "monthlyRangeProb": 0.030550871275997815,
          "monthlyRangeWidth": 0.32377740303541314,
          "monthlyRegimeAligned": null,
          "weeklyBreakoutDownProb": 0.33413232408186155,
          "weeklyBreakoutUpProb": 0.7494365012615644,
          "weeklyRangeProb": 0.3528315110737315,
          "weeklyRegimeAligned": null
        },
        "frameState": "BULLISH",
        "revRisk": 0.33413232408186155,
        "ticker": "1308",
        "upProb": 0.8262394603709949
      },
      {
        "frameSignals": {
          "effectiveRevRisk": 0.3508307372793354,
          "effectiveUpProb": 0.8287494664959454,
          "frameState": "BULLISH",
          "monthlyBoxMonths": 4.0,
          "monthlyBoxPos": 1.0,
          "monthlyBoxRangePct": 0.12018918668274135,
          "monthlyBoxState": "box_upper",
          "monthlyBoxWild": false,
          "monthlyBreakoutDownProb": 0.14478351591027647,
          "monthlyBreakoutUpProb": 0.8287494664959454,
          "monthlyRangePos": 1.0,
          "monthlyRangeProb": 0.015751410821833317,
          "monthlyRangeWidth": 0.3315407597097738,
          "monthlyRegimeAligned": null,
          "weeklyBreakoutDownProb": 0.3508307372793354,
          "weeklyBreakoutUpProb": 0.7333814783347493,
          "weeklyRangeProb": 0.3955017464363258,
          "weeklyRegimeAligned": null
        },
        "frameState": "BULLISH",
        "revRisk": 0.3508307372793354,
        "ticker": "1001",
        "upProb": 0.8287494664959454
      },
      {
        "frameSignals": {
          "effectiveRevRisk": 0.3340126558719524,
          "effectiveUpProb": 0.8167336683417086,
          "frameState": "BULLISH",
          "monthlyBoxMonths": 4.0,
          "monthlyBoxPos": 1.0,
          "monthlyBoxRangePct": 0.16524216524216523,
          "monthlyBoxState": "box_upper",
          "monthlyBoxWild": false,
          "monthlyBreakoutDownProb": 0.15180532291085055,
          "monthlyBreakoutUpProb": 0.8167336683417086,
          "monthlyRangePos": 1.0,
          "monthlyRangeProb": 0.04121533593895402,
          "monthlyRangeWidth": 0.3257956448911223,
          "monthlyRegimeAligned": null,
          "weeklyBreakoutDownProb": 0.3340126558719524,
          "weeklyBreakoutUpProb": 0.7405192629815746,
          "weeklyRangeProb": 0.365428996836032,
          "weeklyRegimeAligned": null
        },
        "frameState": "BULLISH",
        "revRisk": 0.3340126558719524,
        "ticker": "1306",
        "upProb": 0.8167336683417086
      }
    ],
    "sell": [
      {
        "frameSignals": {
          "effectiveRevRisk": 0.3508307372793354,
          "effectiveUpProb": 0.8287494664959454,
          "frameState": "BULLISH",
          "monthlyBoxMonths": 4.0,
          "monthlyBoxPos": 1.0,
          "monthlyBoxRangePct": 0.12018918668274135,
          "monthlyBoxState": "box_upper",
          "monthlyBoxWild": false,
          "monthlyBreakoutDownProb": 0.14478351591027647,
          "monthlyBreakoutUpProb": 0.8287494664959454,
          "monthlyRangePos": 1.0,
          "monthlyRangeProb": 0.015751410821833317,
          "monthlyRangeWidth": 0.3315407597097738,
          "monthlyRegimeAligned": null,
          "weeklyBreakoutDownProb": 0.3508307372793354,
          "weeklyBreakoutUpProb": 0.7333814783347493,
          "weeklyRangeProb": 0.3955017464363258,
          "weeklyRegimeAligned": null
        },
        "frameState": "BULLISH",
        "revRisk": 0.3508307372793354,
        "ticker": "1001",
        "upProb": 0.8287494664959454
      },
      {
        "frameSignals": {
          "effectiveRevRisk": 0.33413232408186155,
          "effectiveUpProb": 0.8262394603709949,
          "frameState": "BULLISH",
          "monthlyBoxMonths": 4.0,
          "monthlyBoxPos": 1.0,
          "monthlyBoxRangePct": 0.16380952380952382,
          "monthlyBoxState": "box_upper",
          "monthlyBoxWild": false,
          "monthlyBreakoutDownProb": 0.1542720629567173,
          "monthlyBreakoutUpProb": 0.8262394603709949,
          "monthlyRangePos": 1.0,
          "monthlyRangeProb": 0.030550871275997815,
          "monthlyRangeWidth": 0.32377740303541314,
          "monthlyRegimeAligned": null,
          "weeklyBreakoutDownProb": 0.33413232408186155,
          "weeklyBreakoutUpProb": 0.7494365012615644,
          "weeklyRangeProb": 0.3528315110737315,
          "weeklyRegimeAligned": null
        },
        "frameState": "BULLISH",
        "revRisk": 0.33413232408186155,
        "ticker": "1308",
        "upProb": 0.8262394603709949
      },
      {
        "frameSignals": {
          "effectiveRevRisk": 0.3340126558719524,
          "effectiveUpProb": 0.8167336683417086,
          "frameState": "BULLISH",
          "monthlyBoxMonths": 4.0,
          "monthlyBoxPos": 1.0,
          "monthlyBoxRangePct": 0.16524216524216523,
          "monthlyBoxState": "box_upper",
          "monthlyBoxWild": false,
          "monthlyBreakoutDownProb": 0.15180532291085055,
          "monthlyBreakoutUpProb": 0.8167336683417086,
          "monthlyRangePos": 1.0,
          "monthlyRangeProb": 0.04121533593895402,
          "monthlyRangeWidth": 0.3257956448911223,
          "monthlyRegimeAligned": null,
          "weeklyBreakoutDownProb": 0.3340126558719524,
          "weeklyBreakoutUpProb": 0.7405192629815746,
          "weeklyRangeProb": 0.365428996836032,
          "weeklyRegimeAligned": null
        },
        "frameState": "BULLISH",
        "revRisk": 0.3340126558719524,
        "ticker": "1306",
        "upProb": 0.8167336683417086
      }
    ]
  },
  "stage": {
    "goal20Reached": false,
    "goal30Reached": false,
    "stage2Active": false
  }
}