{
  "actions": [],
  "asOf": "2011-11-29",
  "checks": {
    "exposureOk": true,
    "lossLimitOk": true,
    "maxHoldingsOk": true,
    "noFutureLeakOk": true,
    "unitRuleOk": true
  },
  "mode": "BACKTEST",
  "policyVersion": "toredex.v8",
  "seasonId": "toredex_multiframe_20260318",
  "signals": {
    "buy": [
      {
        "frameSignals": {
          "effectiveRevRisk": 0.8097126436781609,
          "effectiveUpProb": 0.33743437133493365,
          "frameState": "BEARISH",
          "monthlyBoxMonths": 8.0,
          "monthlyBoxPos": 0.0,
          "monthlyBoxRangePct": 0.17541583107231332,
          "monthlyBoxState": "box_lower",
          "monthlyBoxWild": false,
          "monthlyBreakoutDownProb": 0.8097126436781609,
          "monthlyBreakoutUpProb": 0.3286562918340027,
          "monthlyRangePos": 0.0,
          "monthlyRangeProb": 0.26025106171813694,
          "monthlyRangeWidth": 0.18109939759036145,
          "monthlyRegimeAligned": null,
          "weeklyBreakoutDownProb": 0.8094435156436589,
          "weeklyBreakoutUpProb": 0.33743437133493365,
          "weeklyRangeProb": 0.2710096242944997,
          "weeklyRegimeAligned": null
        },
        "frameState": "BEARISH",
        "revRisk": 0.8097126436781609,
        "ticker": "1001",
        "upProb": 0.33743437133493365
      },
      {
        "frameSignals": {
          "effectiveRevRisk": 0.8605440414507771,
          "effectiveUpProb": 0.345601061812666,
          "frameState": "BEARISH",
          "monthlyBoxMonths": 7.0,
          "monthlyBoxPos": 0.0,
          "monthlyBoxRangePct": 0.19568151147098514,
          "monthlyBoxState": "box_lower",
          "monthlyBoxWild": false,
          "monthlyBreakoutDownProb": 0.8605440414507771,
          "monthlyBreakoutUpProb": 0.3055555555555556,
          "monthlyRangePos": 0.0,
          "monthlyRangeProb": 0.16033390903857234,
          "monthlyRangeWidth": 0.2,
          "monthlyRegimeAligned": null,
          "weeklyBreakoutDownProb": 0.7917213114754098,
          "weeklyBreakoutUpProb": 0.345601061812666,
          "weeklyRangeProb": 0.3059786021124353,
          "weeklyRegimeAligned": null
        },
        "frameState": "BEARISH",
        "revRisk": 0.8605440414507771,
        "ticker": "1306",
        "upProb": 0.345601061812666
      },
      {
        "frameSignals": {
          "effectiveRevRisk": 0.8627631578947368,
          "effectiveUpProb": 0.34301075268817205,
          "frameState": "BEARISH",
          "monthlyBoxMonths": 7.0,
          "monthlyBoxPos": 0.0,
          "monthlyBoxRangePct": 0.1934156378600823,
          "monthlyBoxState": "box_lower",
          "monthlyBoxWild": false,
          "monthlyBreakoutDownProb": 0.8627631578947368,
          "monthlyBreakoutUpProb": 0.3076183778715425,
          "monthlyRangePos": 0.0,
          "monthlyRangeProb": 0.15960162360895208,
          "monthlyRangeWidth": 0.19831223628691982,
          "monthlyRegimeAligned": null,
          "weeklyBreakoutDownProb": 0.7831067961165048,
          "weeklyBreakoutUpProb": 0.34301075268817205,
          "weeklyRangeProb": 0.3152237782053003,
          "weeklyRegimeAligned": null
        },
        "frameState": "BEARISH",
        "revRisk": 0.8627631578947368,
        "ticker": "1308",
        "upProb": 0.34301075268817205
      }
    ],
    "sell": [
      {
        "frameSignals": {
          "effectiveRevRisk": 0.8605440414507771,
          "effectiveUpProb": 0.7917213114754098,
          "frameState": "BEARISH",
          "monthlyBoxMonths": 7.0,
          "monthlyBoxPos": 0.0,
          "monthlyBoxRangePct": 0.19568151147098514,
          "monthlyBoxState": "box_lower",
          "monthlyBoxWild": false,
          "monthlyBreakoutDownProb": 0.8605440414507771,
          "monthlyBreakoutUpProb": 0.3055555555555556,
          "monthlyRangePos": 0.0,
          "monthlyRangeProb": 0.16033390903857234,
          "monthlyRangeWidth": 0.2,
          "monthlyRegimeAligned": null,
          "weeklyBreakoutDownProb": 0.7917213114754098,
          "weeklyBreakoutUpProb": 0.345601061812666,
          "weeklyRangeProb": 0.3059786021124353,
          "weeklyRegimeAligned": null
        },
        "frameState": "BEARISH",
        "revRisk": 0.8605440414507771,
        "ticker": "1306",
        "upProb": 0.7917213114754098
      },
      {
        "frameSignals": {
          "effectiveRevRisk": 0.8627631578947368,
          "effectiveUpProb": 0.7831067961165048,
          "frameState": "BEARISH",
          "monthlyBoxMonths": 7.0,
          "monthlyBoxPos": 0.0,
          "monthlyBoxRangePct": 0.1934156378600823,
          "monthlyBoxState": "box_lower",
          "monthlyBoxWild": false,
          "monthlyBreakoutDownProb": 0.8627631578947368,
          "monthlyBreakoutUpProb": 0.3076183778715425,
          "monthlyRangePos": 0.0,
          "monthlyRangeProb": 0.15960162360895208,
          "monthlyRangeWidth": 0.19831223628691982,
          "monthlyRegimeAligned": null,
          "weeklyBreakoutDownProb": 0.7831067961165048,
          "weeklyBreakoutUpProb": 0.34301075268817205,
          "weeklyRangeProb": 0.3152237782053003,
          "weeklyRegimeAligned": null
        },
        "frameState": "BEARISH",
        "revRisk": 0.8627631578947368,
        "ticker": "1308",
        "upProb": 0.7831067961165048
      },
      {
        "frameSignals": {
          "effectiveRevRisk": 0.8097126436781609,
          "effectiveUpProb": 0.8094435156436589,
          "frameState": "BEARISH",
          "monthlyBoxMonths": 8.0,
          "monthlyBoxPos": 0.0,
          "monthlyBoxRangePct": 0.17541583107231332,
          "monthlyBoxState": "box_lower",
          "monthlyBoxWild": false,
          "monthlyBreakoutDownProb": 0.8097126436781609,
          "monthlyBreakoutUpProb": 0.3286562918340027,
          "monthlyRangePos": 0.0,
          "monthlyRangeProb": 0.26025106171813694,
          "monthlyRangeWidth": 0.18109939759036145,
          "monthlyRegimeAligned": null,
          "weeklyBreakoutDownProb": 0.8094435156436589,
          "weeklyBreakoutUpProb": 0.33743437133493365,
          "weeklyRangeProb": 0.2710096242944997,
          "weeklyRegimeAligned": null
        },
        "frameState": "BEARISH",
        "revRisk": 0.8097126436781609,
        "ticker": "1001",
        "upProb": 0.8094435156436589
      }
    ]
  },
  "stage": {
    "goal20Reached": false,
    "goal30Reached": false,
    "stage2Active": false
  }
}