{
  "actions": [],
  "asOf": "2025-08-01",
  "checks": {
    "exposureOk": true,
    "lossLimitOk": true,
    "maxHoldingsOk": true,
    "noFutureLeakOk": true,
    "unitRuleOk": true
  },
  "mode": "BACKTEST",
  "policyVersion": "toredex.v8",
  "seasonId": "toredex_multiframe_20260318",
  "signals": {
    "buy": [
      {
        "frameSignals": {
          "effectiveRevRisk": 0.43441681210005817,
          "effectiveUpProb": 0.7876890634089586,
          "frameState": "BULLISH",
          "monthlyBoxMonths": 14.0,
          "monthlyBoxPos": 1.0,
          "monthlyBoxRangePct": 0.10733646548608601,
          "monthlyBoxState": "box_upper",
          "monthlyBoxWild": true,
          "monthlyBreakoutDownProb": 0.43441681210005817,
          "monthlyBreakoutUpProb": 0.7876890634089586,
          "monthlyRangePos": 1.0,
          "monthlyRangeProb": 0.5003126817917394,
          "monthlyRangeWidth": 0.09456806282722513,
          "monthlyRegimeAligned": null,
          "weeklyBreakoutDownProb": 0.3723746280571885,
          "weeklyBreakoutUpProb": 0.7231910878873649,
          "weeklyRangeProb": 0.4368132665650628,
          "weeklyRegimeAligned": null
        },
        "frameState": "BULLISH",
        "revRisk": 0.43441681210005817,
        "ticker": "1306",
        "upProb": 0.7876890634089586
      },
      {
        "frameSignals": {
          "effectiveRevRisk": 0.43752804442973264,
          "effectiveUpProb": 0.7895968958034498,
          "frameState": "BULLISH",
          "monthlyBoxMonths": 14.0,
          "monthlyBoxPos": 1.0,
          "monthlyBoxRangePct": 0.10317170980678089,
          "monthlyBoxState": "box_upper",
          "monthlyBoxWild": true,
          "monthlyBreakoutDownProb": 0.43752804442973264,
          "monthlyBreakoutUpProb": 0.7895968958034498,
          "monthlyRangePos": 1.0,
          "monthlyRangeProb": 0.508803192467542,
          "monthlyRangeWidth": 0.09202250910294604,
          "monthlyRegimeAligned": null,
          "weeklyBreakoutDownProb": 0.37276757122471016,
          "weeklyBreakoutUpProb": 0.7196073003443489,
          "weeklyRangeProb": 0.441836331352987,
          "weeklyRegimeAligned": null
        },
        "frameState": "BULLISH",
        "revRisk": 0.43752804442973264,
        "ticker": "1308",
        "upProb": 0.7895968958034498
      },
      {
        "frameSignals": {
          "effectiveRevRisk": 0.40508040291546243,
          "effectiveUpProb": 0.7204142253659394,
          "frameState": "BULLISH",
          "monthlyBoxMonths": 14.0,
          "monthlyBoxPos": 0.950476889214967,
          "monthlyBoxRangePct": 0.15307297077238396,
          "monthlyBoxState": "box_upper",
          "monthlyBoxWild": true,
          "monthlyBreakoutDownProb": 0.40508040291546243,
          "monthlyBreakoutUpProb": 0.7204142253659394,
          "monthlyRangePos": 0.950476889214967,
          "monthlyRangeProb": 0.4929130033521696,
          "monthlyRangeWidth": 0.13275219752124473,
          "monthlyRegimeAligned": null,
          "weeklyBreakoutDownProb": 0.3471588977765199,
          "weeklyBreakoutUpProb": 0.6387292192096288,
          "weeklyRangeProb": 0.4341817476950699,
          "weeklyRegimeAligned": null
        },
        "frameState": "BULLISH",
        "revRisk": 0.40508040291546243,
        "ticker": "1001",
        "upProb": 0.7204142253659394
      }
    ],
    "sell": [
      {
        "frameSignals": {
          "effectiveRevRisk": 0.43752804442973264,
          "effectiveUpProb": 0.7895968958034498,
          "frameState": "BULLISH",
          "monthlyBoxMonths": 14.0,
          "monthlyBoxPos": 1.0,
          "monthlyBoxRangePct": 0.10317170980678089,
          "monthlyBoxState": "box_upper",
          "monthlyBoxWild": true,
          "monthlyBreakoutDownProb": 0.43752804442973264,
          "monthlyBreakoutUpProb": 0.7895968958034498,
          "monthlyRangePos": 1.0,
          "monthlyRangeProb": 0.508803192467542,
          "monthlyRangeWidth": 0.09202250910294604,
          "monthlyRegimeAligned": null,
          "weeklyBreakoutDownProb": 0.37276757122471016,
          "weeklyBreakoutUpProb": 0.7196073003443489,
          "weeklyRangeProb": 0.441836331352987,
          "weeklyRegimeAligned": null
        },
        "frameState": "BULLISH",
        "revRisk": 0.43752804442973264,
        "ticker": "1308",
        "upProb": 0.7895968958034498
      },
      {
        "frameSignals": {
          "effectiveRevRisk": 0.43441681210005817,
          "effectiveUpProb": 0.7876890634089586,
          "frameState": "BULLISH",
          "monthlyBoxMonths": 14.0,
          "monthlyBoxPos": 1.0,
          "monthlyBoxRangePct": 0.10733646548608601,
          "monthlyBoxState": "box_upper",
          "monthlyBoxWild": true,
          "monthlyBreakoutDownProb": 0.43441681210005817,
          "monthlyBreakoutUpProb": 0.7876890634089586,
          "monthlyRangePos": 1.0,
          "monthlyRangeProb": 0.5003126817917394,
          "monthlyRangeWidth": 0.09456806282722513,
          "monthlyRegimeAligned": null,
          "weeklyBreakoutDownProb": 0.3723746280571885,
          "weeklyBreakoutUpProb": 0.7231910878873649,
          "weeklyRangeProb": 0.4368132665650628,
          "weeklyRegimeAligned": null
        },
        "frameState": "BULLISH",
        "revRisk": 0.43441681210005817,
        "ticker": "1306",
        "upProb": 0.7876890634089586
      },
      {
        "frameSignals": {
          "effectiveRevRisk": 0.40508040291546243,
          "effectiveUpProb": 0.7204142253659394,
          "frameState": "BULLISH",
          "monthlyBoxMonths": 14.0,
          "monthlyBoxPos": 0.950476889214967,
          "monthlyBoxRangePct": 0.15307297077238396,
          "monthlyBoxState": "box_upper",
          "monthlyBoxWild": true,
          "monthlyBreakoutDownProb": 0.40508040291546243,
          "monthlyBreakoutUpProb": 0.7204142253659394,
          "monthlyRangePos": 0.950476889214967,
          "monthlyRangeProb": 0.4929130033521696,
          "monthlyRangeWidth": 0.13275219752124473,
          "monthlyRegimeAligned": null,
          "weeklyBreakoutDownProb": 0.3471588977765199,
          "weeklyBreakoutUpProb": 0.6387292192096288,
          "weeklyRangeProb": 0.4341817476950699,
          "weeklyRegimeAligned": null
        },
        "frameState": "BULLISH",
        "revRisk": 0.40508040291546243,
        "ticker": "1001",
        "upProb": 0.7204142253659394
      }
    ]
  },
  "stage": {
    "goal20Reached": false,
    "goal30Reached": false,
    "stage2Active": false
  }
}