{
  "asOf": "2024-12-02",
  "cash": 15355357.199185,
  "cum_pnl": 7355357.199185,
  "cum_return_pct": 73.553572,
  "daily_pnl": 8720.930233,
  "equity": 17355357.199185,
  "game_over": false,
  "goal20_reached": true,
  "goal30_reached": true,
  "holdings_count": 1,
  "max_drawdown_pct": -6.512792,
  "season_id": "tradex_bt3y_v8_fast_baseline_20260217"
}