{
  "actions": [
    {
      "deltaUnits": 2,
      "reasonId": "E_NEW_TOP1_GATE_OK",
      "side": "SHORT",
      "ticker": "1001"
    }
  ],
  "asOf": "2007-12-11",
  "checks": {
    "exposureOk": true,
    "lossLimitOk": true,
    "maxHoldingsOk": true,
    "noFutureLeakOk": true,
    "unitRuleOk": true
  },
  "mode": "BACKTEST",
  "policyVersion": "toredex.v8",
  "seasonId": "toredex_multiframe_20260318",
  "signals": {
    "buy": [
      {
        "frameSignals": {
          "effectiveRevRisk": 0.6826638028436868,
          "effectiveUpProb": 0.45617635149652114,
          "frameState": "BEARISH",
          "monthlyBoxMonths": 14.0,
          "monthlyBoxPos": 0.13178294573643412,
          "monthlyBoxRangePct": 0.16688227684346701,
          "monthlyBoxState": "box_lower",
          "monthlyBoxWild": false,
          "monthlyBreakoutDownProb": 0.6826638028436868,
          "monthlyBreakoutUpProb": 0.42824613216095586,
          "monthlyRangePos": 0.13654618473895583,
          "monthlyRangeProb": 0.5452109272745579,
          "monthlyRangeWidth": 0.13871866295264623,
          "monthlyRegimeAligned": null,
          "weeklyBreakoutDownProb": 0.5384052671591717,
          "weeklyBreakoutUpProb": 0.45617635149652114,
          "weeklyRangeProb": 0.6486602226338951,
          "weeklyRegimeAligned": null
        },
        "frameState": "BEARISH",
        "revRisk": 0.6826638028436868,
        "ticker": "1308",
        "upProb": 0.45617635149652114
      },
      {
        "frameSignals": {
          "effectiveRevRisk": 0.6825378494057488,
          "effectiveUpProb": 0.4442970826365236,
          "frameState": "BEARISH",
          "monthlyBoxMonths": 14.0,
          "monthlyBoxPos": 0.14802765351769012,
          "monthlyBoxRangePct": 0.15682397959183675,
          "monthlyBoxState": "box_lower",
          "monthlyBoxWild": false,
          "monthlyBreakoutDownProb": 0.6825378494057488,
          "monthlyBreakoutUpProb": 0.43619936283129807,
          "monthlyRangePos": 0.14808787632221318,
          "monthlyRangeProb": 0.5579153206565315,
          "monthlyRangeWidth": 0.1355165949939354,
          "monthlyRegimeAligned": null,
          "weeklyBreakoutDownProb": 0.5656032924866308,
          "weeklyBreakoutUpProb": 0.4442970826365236,
          "weeklyRangeProb": 0.6186349209044841,
          "weeklyRegimeAligned": null
        },
        "frameState": "BEARISH",
        "revRisk": 0.6825378494057488,
        "ticker": "1001",
        "upProb": 0.4442970826365236
      },
      {
        "frameSignals": {
          "effectiveRevRisk": 0.6821575426688309,
          "effectiveUpProb": 0.45379892656500054,
          "frameState": "BEARISH",
          "monthlyBoxMonths": 14.0,
          "monthlyBoxPos": 0.13229571984435798,
          "monthlyBoxRangePct": 0.1659134925758554,
          "monthlyBoxState": "box_lower",
          "monthlyBoxWild": false,
          "monthlyBreakoutDownProb": 0.6821575426688309,
          "monthlyBreakoutUpProb": 0.426978259800305,
          "monthlyRangePos": 0.13545816733067728,
          "monthlyRangeProb": 0.5434009640450544,
          "monthlyRangeWidth": 0.13944444444444445,
          "monthlyRegimeAligned": null,
          "weeklyBreakoutDownProb": 0.5436780806435504,
          "weeklyBreakoutUpProb": 0.45379892656500054,
          "weeklyRangeProb": 0.6427208956355939,
          "weeklyRegimeAligned": null
        },
        "frameState": "BEARISH",
        "revRisk": 0.6821575426688309,
        "ticker": "1306",
        "upProb": 0.45379892656500054
      }
    ],
    "sell": [
      {
        "frameSignals": {
          "effectiveRevRisk": 0.6825378494057488,
          "effectiveUpProb": 0.5656032924866308,
          "frameState": "BEARISH",
          "monthlyBoxMonths": 14.0,
          "monthlyBoxPos": 0.14802765351769012,
          "monthlyBoxRangePct": 0.15682397959183675,
          "monthlyBoxState": "box_lower",
          "monthlyBoxWild": false,
          "monthlyBreakoutDownProb": 0.6825378494057488,
          "monthlyBreakoutUpProb": 0.43619936283129807,
          "monthlyRangePos": 0.14808787632221318,
          "monthlyRangeProb": 0.5579153206565315,
          "monthlyRangeWidth": 0.1355165949939354,
          "monthlyRegimeAligned": null,
          "weeklyBreakoutDownProb": 0.5656032924866308,
          "weeklyBreakoutUpProb": 0.4442970826365236,
          "weeklyRangeProb": 0.6186349209044841,
          "weeklyRegimeAligned": null
        },
        "frameState": "BEARISH",
        "revRisk": 0.6825378494057488,
        "ticker": "1001",
        "upProb": 0.5656032924866308
      },
      {
        "frameSignals": {
          "effectiveRevRisk": 0.6821575426688309,
          "effectiveUpProb": 0.5436780806435504,
          "frameState": "BEARISH",
          "monthlyBoxMonths": 14.0,
          "monthlyBoxPos": 0.13229571984435798,
          "monthlyBoxRangePct": 0.1659134925758554,
          "monthlyBoxState": "box_lower",
          "monthlyBoxWild": false,
          "monthlyBreakoutDownProb": 0.6821575426688309,
          "monthlyBreakoutUpProb": 0.426978259800305,
          "monthlyRangePos": 0.13545816733067728,
          "monthlyRangeProb": 0.5434009640450544,
          "monthlyRangeWidth": 0.13944444444444445,
          "monthlyRegimeAligned": null,
          "weeklyBreakoutDownProb": 0.5436780806435504,
          "weeklyBreakoutUpProb": 0.45379892656500054,
          "weeklyRangeProb": 0.6427208956355939,
          "weeklyRegimeAligned": null
        },
        "frameState": "BEARISH",
        "revRisk": 0.6821575426688309,
        "ticker": "1306",
        "upProb": 0.5436780806435504
      },
      {
        "frameSignals": {
          "effectiveRevRisk": 0.6826638028436868,
          "effectiveUpProb": 0.5384052671591717,
          "frameState": "BEARISH",
          "monthlyBoxMonths": 14.0,
          "monthlyBoxPos": 0.13178294573643412,
          "monthlyBoxRangePct": 0.16688227684346701,
          "monthlyBoxState": "box_lower",
          "monthlyBoxWild": false,
          "monthlyBreakoutDownProb": 0.6826638028436868,
          "monthlyBreakoutUpProb": 0.42824613216095586,
          "monthlyRangePos": 0.13654618473895583,
          "monthlyRangeProb": 0.5452109272745579,
          "monthlyRangeWidth": 0.13871866295264623,
          "monthlyRegimeAligned": null,
          "weeklyBreakoutDownProb": 0.5384052671591717,
          "weeklyBreakoutUpProb": 0.45617635149652114,
          "weeklyRangeProb": 0.6486602226338951,
          "weeklyRegimeAligned": null
        },
        "frameState": "BEARISH",
        "revRisk": 0.6826638028436868,
        "ticker": "1308",
        "upProb": 0.5384052671591717
      }
    ]
  },
  "stage": {
    "goal20Reached": false,
    "goal30Reached": false,
    "stage2Active": false
  }
}