{
  "actions": [],
  "asOf": "2024-06-14",
  "checks": {
    "exposureOk": true,
    "lossLimitOk": true,
    "maxHoldingsOk": true,
    "noFutureLeakOk": true,
    "unitRuleOk": true
  },
  "mode": "BACKTEST",
  "policyVersion": "toredex.v8",
  "seasonId": "toredex_multiframe_20260318",
  "signals": {
    "buy": [
      {
        "frameSignals": {
          "effectiveRevRisk": 0.455987495227186,
          "effectiveUpProb": 0.718487495227186,
          "frameState": "BULLISH",
          "monthlyBoxMonths": 7.0,
          "monthlyBoxPos": 0.9006211180124224,
          "monthlyBoxRangePct": 0.19843878389482333,
          "monthlyBoxState": "box_upper",
          "monthlyBoxWild": false,
          "monthlyBreakoutDownProb": 0.32671432637513703,
          "monthlyBreakoutUpProb": 0.6423283614628563,
          "monthlyRangePos": 0.9508771929824561,
          "monthlyRangeProb": 0.4001839168165495,
          "monthlyRangeWidth": 0.19675526406627547,
          "monthlyRegimeAligned": null,
          "weeklyBreakoutDownProb": 0.455987495227186,
          "weeklyBreakoutUpProb": 0.718487495227186,
          "weeklyRangeProb": 0.5746897670866744,
          "weeklyRegimeAligned": null
        },
        "frameState": "BULLISH",
        "revRisk": 0.455987495227186,
        "ticker": "1308",
        "upProb": 0.718487495227186
      },
      {
        "frameSignals": {
          "effectiveRevRisk": 0.45863097426982696,
          "effectiveUpProb": 0.7112936961633181,
          "frameState": "BULLISH",
          "monthlyBoxMonths": 7.0,
          "monthlyBoxPos": 0.9006147540983607,
          "monthlyBoxRangePct": 0.19809214532169678,
          "monthlyBoxState": "box_upper",
          "monthlyBoxWild": false,
          "monthlyBreakoutDownProb": 0.33182239483925835,
          "monthlyBreakoutUpProb": 0.6263885279479356,
          "monthlyRangePos": 0.9208087615838247,
          "monthlyRangeProb": 0.4148312303564828,
          "monthlyRangeWidth": 0.2011864406779661,
          "monthlyRegimeAligned": null,
          "weeklyBreakoutDownProb": 0.45863097426982696,
          "weeklyBreakoutUpProb": 0.7112936961633181,
          "weeklyRangeProb": 0.5818382197260945,
          "weeklyRegimeAligned": null
        },
        "frameState": "BULLISH",
        "revRisk": 0.45863097426982696,
        "ticker": "1306",
        "upProb": 0.7112936961633181
      },
      {
        "frameSignals": {
          "effectiveRevRisk": 0.537753187925309,
          "effectiveUpProb": 0.6051368749021437,
          "frameState": "MIXED",
          "monthlyBoxMonths": 5.0,
          "monthlyBoxPos": 0.605002156101768,
          "monthlyBoxRangePct": 0.12880471006443012,
          "monthlyBoxState": "box_mid",
          "monthlyBoxWild": false,
          "monthlyBreakoutDownProb": 0.31926573409897085,
          "monthlyBreakoutUpProb": 0.554819303650017,
          "monthlyRangePos": 0.8365050993586374,
          "monthlyRangeProb": 0.42413304366426485,
          "monthlyRangeWidth": 0.23560157546632318,
          "monthlyRegimeAligned": null,
          "weeklyBreakoutDownProb": 0.537753187925309,
          "weeklyBreakoutUpProb": 0.6051368749021437,
          "weeklyRangeProb": 0.7511422592393873,
          "weeklyRegimeAligned": null
        },
        "frameState": "MIXED",
        "revRisk": 0.537753187925309,
        "ticker": "1001",
        "upProb": 0.6051368749021437
      }
    ],
    "sell": [
      {
        "frameSignals": {
          "effectiveRevRisk": 0.537753187925309,
          "effectiveUpProb": 0.6051368749021437,
          "frameState": "MIXED",
          "monthlyBoxMonths": 5.0,
          "monthlyBoxPos": 0.605002156101768,
          "monthlyBoxRangePct": 0.12880471006443012,
          "monthlyBoxState": "box_mid",
          "monthlyBoxWild": false,
          "monthlyBreakoutDownProb": 0.31926573409897085,
          "monthlyBreakoutUpProb": 0.554819303650017,
          "monthlyRangePos": 0.8365050993586374,
          "monthlyRangeProb": 0.42413304366426485,
          "monthlyRangeWidth": 0.23560157546632318,
          "monthlyRegimeAligned": null,
          "weeklyBreakoutDownProb": 0.537753187925309,
          "weeklyBreakoutUpProb": 0.6051368749021437,
          "weeklyRangeProb": 0.7511422592393873,
          "weeklyRegimeAligned": null
        },
        "frameState": "MIXED",
        "revRisk": 0.537753187925309,
        "ticker": "1001",
        "upProb": 0.6051368749021437
      },
      {
        "frameSignals": {
          "effectiveRevRisk": 0.45863097426982696,
          "effectiveUpProb": 0.7112936961633181,
          "frameState": "BULLISH",
          "monthlyBoxMonths": 7.0,
          "monthlyBoxPos": 0.9006147540983607,
          "monthlyBoxRangePct": 0.19809214532169678,
          "monthlyBoxState": "box_upper",
          "monthlyBoxWild": false,
          "monthlyBreakoutDownProb": 0.33182239483925835,
          "monthlyBreakoutUpProb": 0.6263885279479356,
          "monthlyRangePos": 0.9208087615838247,
          "monthlyRangeProb": 0.4148312303564828,
          "monthlyRangeWidth": 0.2011864406779661,
          "monthlyRegimeAligned": null,
          "weeklyBreakoutDownProb": 0.45863097426982696,
          "weeklyBreakoutUpProb": 0.7112936961633181,
          "weeklyRangeProb": 0.5818382197260945,
          "weeklyRegimeAligned": null
        },
        "frameState": "BULLISH",
        "revRisk": 0.45863097426982696,
        "ticker": "1306",
        "upProb": 0.7112936961633181
      },
      {
        "frameSignals": {
          "effectiveRevRisk": 0.455987495227186,
          "effectiveUpProb": 0.718487495227186,
          "frameState": "BULLISH",
          "monthlyBoxMonths": 7.0,
          "monthlyBoxPos": 0.9006211180124224,
          "monthlyBoxRangePct": 0.19843878389482333,
          "monthlyBoxState": "box_upper",
          "monthlyBoxWild": false,
          "monthlyBreakoutDownProb": 0.32671432637513703,
          "monthlyBreakoutUpProb": 0.6423283614628563,
          "monthlyRangePos": 0.9508771929824561,
          "monthlyRangeProb": 0.4001839168165495,
          "monthlyRangeWidth": 0.19675526406627547,
          "monthlyRegimeAligned": null,
          "weeklyBreakoutDownProb": 0.455987495227186,
          "weeklyBreakoutUpProb": 0.718487495227186,
          "weeklyRangeProb": 0.5746897670866744,
          "weeklyRegimeAligned": null
        },
        "frameState": "BULLISH",
        "revRisk": 0.455987495227186,
        "ticker": "1308",
        "upProb": 0.718487495227186
      }
    ]
  },
  "stage": {
    "goal20Reached": false,
    "goal30Reached": false,
    "stage2Active": false
  }
}