{
  "actions": [],
  "asOf": "2012-02-22",
  "checks": {
    "exposureOk": true,
    "lossLimitOk": true,
    "maxHoldingsOk": true,
    "noFutureLeakOk": true,
    "unitRuleOk": true
  },
  "mode": "BACKTEST",
  "policyVersion": "toredex.v8",
  "seasonId": "toredex_multiframe_20260318",
  "signals": {
    "buy": [
      {
        "frameSignals": {
          "effectiveRevRisk": 0.4690592850855477,
          "effectiveUpProb": 0.8491712707182321,
          "frameState": "BULLISH",
          "monthlyBoxMonths": 11.0,
          "monthlyBoxPos": 0.7320261437908496,
          "monthlyBoxRangePct": 0.18140858430163623,
          "monthlyBoxState": "box_mid",
          "monthlyBoxWild": false,
          "monthlyBreakoutDownProb": 0.4690592850855477,
          "monthlyBreakoutUpProb": 0.4770501526654563,
          "monthlyRangePos": 0.5114155251141552,
          "monthlyRangeProb": 0.6942556183638664,
          "monthlyRangeWidth": 0.2061370481927711,
          "monthlyRegimeAligned": null,
          "weeklyBreakoutDownProb": 0.42980356046654394,
          "weeklyBreakoutUpProb": 0.8491712707182321,
          "weeklyRangeProb": 0.32341927562922035,
          "weeklyRegimeAligned": null
        },
        "frameState": "BULLISH",
        "revRisk": 0.4690592850855477,
        "ticker": "1001",
        "upProb": 0.8491712707182321
      },
      {
        "frameSignals": {
          "effectiveRevRisk": 0.45670162688033134,
          "effectiveUpProb": 0.8592811296534018,
          "frameState": "BULLISH",
          "monthlyBoxMonths": 10.0,
          "monthlyBoxPos": 0.6993006993006993,
          "monthlyBoxRangePct": 0.19669876203576342,
          "monthlyBoxState": "box_mid",
          "monthlyBoxWild": false,
          "monthlyBreakoutDownProb": 0.45670162688033134,
          "monthlyBreakoutUpProb": 0.4234437083282951,
          "monthlyRangePos": 0.45248868778280543,
          "monthlyRangeProb": 0.6300097795257884,
          "monthlyRangeWidth": 0.23312236286919832,
          "monthlyRegimeAligned": null,
          "weeklyBreakoutDownProb": 0.43860362287833415,
          "weeklyBreakoutUpProb": 0.8592811296534018,
          "weeklyRangeProb": 0.3193766937669377,
          "weeklyRegimeAligned": null
        },
        "frameState": "BULLISH",
        "revRisk": 0.45670162688033134,
        "ticker": "1308",
        "upProb": 0.8592811296534018
      },
      {
        "frameSignals": {
          "effectiveRevRisk": 0.46102590673575133,
          "effectiveUpProb": 0.8525757575757575,
          "frameState": "BULLISH",
          "monthlyBoxMonths": 10.0,
          "monthlyBoxPos": 0.678082191780822,
          "monthlyBoxRangePct": 0.1972972972972973,
          "monthlyBoxState": "box_mid",
          "monthlyBoxWild": false,
          "monthlyBreakoutDownProb": 0.46102590673575133,
          "monthlyBreakoutUpProb": 0.41902590673575135,
          "monthlyRangePos": 0.44,
          "monthlyRangeProb": 0.6212124352331607,
          "monthlyRangeWidth": 0.23316062176165803,
          "monthlyRegimeAligned": null,
          "weeklyBreakoutDownProb": 0.4342592592592593,
          "weeklyBreakoutUpProb": 0.8525757575757575,
          "weeklyRangeProb": 0.3238215488215488,
          "weeklyRegimeAligned": null
        },
        "frameState": "BULLISH",
        "revRisk": 0.46102590673575133,
        "ticker": "1306",
        "upProb": 0.8525757575757575
      }
    ],
    "sell": [
      {
        "frameSignals": {
          "effectiveRevRisk": 0.45670162688033134,
          "effectiveUpProb": 0.8592811296534018,
          "frameState": "BULLISH",
          "monthlyBoxMonths": 10.0,
          "monthlyBoxPos": 0.6993006993006993,
          "monthlyBoxRangePct": 0.19669876203576342,
          "monthlyBoxState": "box_mid",
          "monthlyBoxWild": false,
          "monthlyBreakoutDownProb": 0.45670162688033134,
          "monthlyBreakoutUpProb": 0.4234437083282951,
          "monthlyRangePos": 0.45248868778280543,
          "monthlyRangeProb": 0.6300097795257884,
          "monthlyRangeWidth": 0.23312236286919832,
          "monthlyRegimeAligned": null,
          "weeklyBreakoutDownProb": 0.43860362287833415,
          "weeklyBreakoutUpProb": 0.8592811296534018,
          "weeklyRangeProb": 0.3193766937669377,
          "weeklyRegimeAligned": null
        },
        "frameState": "BULLISH",
        "revRisk": 0.45670162688033134,
        "ticker": "1308",
        "upProb": 0.8592811296534018
      },
      {
        "frameSignals": {
          "effectiveRevRisk": 0.4690592850855477,
          "effectiveUpProb": 0.8491712707182321,
          "frameState": "BULLISH",
          "monthlyBoxMonths": 11.0,
          "monthlyBoxPos": 0.7320261437908496,
          "monthlyBoxRangePct": 0.18140858430163623,
          "monthlyBoxState": "box_mid",
          "monthlyBoxWild": false,
          "monthlyBreakoutDownProb": 0.4690592850855477,
          "monthlyBreakoutUpProb": 0.4770501526654563,
          "monthlyRangePos": 0.5114155251141552,
          "monthlyRangeProb": 0.6942556183638664,
          "monthlyRangeWidth": 0.2061370481927711,
          "monthlyRegimeAligned": null,
          "weeklyBreakoutDownProb": 0.42980356046654394,
          "weeklyBreakoutUpProb": 0.8491712707182321,
          "weeklyRangeProb": 0.32341927562922035,
          "weeklyRegimeAligned": null
        },
        "frameState": "BULLISH",
        "revRisk": 0.4690592850855477,
        "ticker": "1001",
        "upProb": 0.8491712707182321
      },
      {
        "frameSignals": {
          "effectiveRevRisk": 0.46102590673575133,
          "effectiveUpProb": 0.8525757575757575,
          "frameState": "BULLISH",
          "monthlyBoxMonths": 10.0,
          "monthlyBoxPos": 0.678082191780822,
          "monthlyBoxRangePct": 0.1972972972972973,
          "monthlyBoxState": "box_mid",
          "monthlyBoxWild": false,
          "monthlyBreakoutDownProb": 0.46102590673575133,
          "monthlyBreakoutUpProb": 0.41902590673575135,
          "monthlyRangePos": 0.44,
          "monthlyRangeProb": 0.6212124352331607,
          "monthlyRangeWidth": 0.23316062176165803,
          "monthlyRegimeAligned": null,
          "weeklyBreakoutDownProb": 0.4342592592592593,
          "weeklyBreakoutUpProb": 0.8525757575757575,
          "weeklyRangeProb": 0.3238215488215488,
          "weeklyRegimeAligned": null
        },
        "frameState": "BULLISH",
        "revRisk": 0.46102590673575133,
        "ticker": "1306",
        "upProb": 0.8525757575757575
      }
    ]
  },
  "stage": {
    "goal20Reached": false,
    "goal30Reached": false,
    "stage2Active": false
  }
}