{
  "asOf": "2024-01-09",
  "cash": 8485032.99494,
  "cum_pnl": 3707030.976777,
  "cum_return_pct": 37.07031,
  "daily_pnl": 221997.981837,
  "equity": 13707030.976777,
  "game_over": false,
  "goal20_reached": true,
  "goal30_reached": true,
  "holdings_count": 1,
  "max_drawdown_pct": -6.512792,
  "season_id": "tradex_bt3y_v8_fast_baseline_20260217"
}