{
  "actions": [],
  "asOf": "2023-12-29",
  "checks": {
    "exposureOk": true,
    "lossLimitOk": true,
    "maxHoldingsOk": true,
    "noFutureLeakOk": true,
    "unitRuleOk": true
  },
  "mode": "BACKTEST",
  "policyVersion": "toredex.v8",
  "seasonId": "toredex_multiframe_20260318",
  "signals": {
    "buy": [
      {
        "frameSignals": {
          "effectiveRevRisk": 0.47565106288088577,
          "effectiveUpProb": 0.7828644265862768,
          "frameState": "BULLISH",
          "monthlyBoxMonths": 9.0,
          "monthlyBoxPos": 0.9863142107236595,
          "monthlyBoxRangePct": 0.18912881608339538,
          "monthlyBoxState": "box_upper",
          "monthlyBoxWild": false,
          "monthlyBreakoutDownProb": 0.2812373703438253,
          "monthlyBreakoutUpProb": 0.629154037010492,
          "monthlyRangePos": 0.9970238095238095,
          "monthlyRangeProb": 0.33322371040633897,
          "monthlyRangeWidth": 0.2207489697186884,
          "monthlyRegimeAligned": null,
          "weeklyBreakoutDownProb": 0.47565106288088577,
          "weeklyBreakoutUpProb": 0.7828644265862768,
          "weeklyRangeProb": 0.5796366982524778,
          "weeklyRegimeAligned": null
        },
        "frameState": "BULLISH",
        "revRisk": 0.47565106288088577,
        "ticker": "1001",
        "upProb": 0.7828644265862768
      },
      {
        "frameSignals": {
          "effectiveRevRisk": 0.5225149839660446,
          "effectiveUpProb": 0.7318114663781049,
          "frameState": "BULLISH",
          "monthlyBoxMonths": 9.0,
          "monthlyBoxPos": 0.946927374301676,
          "monthlyBoxRangePct": 0.16990982439487423,
          "monthlyBoxState": "box_upper",
          "monthlyBoxWild": false,
          "monthlyBreakoutDownProb": 0.30457825756544626,
          "monthlyBreakoutUpProb": 0.6503443865977043,
          "monthlyRangePos": 0.9939516129032258,
          "monthlyRangeProb": 0.36168816070051274,
          "monthlyRangeWidth": 0.20253164556962025,
          "monthlyRegimeAligned": null,
          "weeklyBreakoutDownProb": 0.5225149839660446,
          "weeklyBreakoutUpProb": 0.7318114663781049,
          "weeklyRangeProb": 0.6750782382458461,
          "weeklyRegimeAligned": null
        },
        "frameState": "BULLISH",
        "revRisk": 0.5225149839660446,
        "ticker": "1308",
        "upProb": 0.7318114663781049
      },
      {
        "frameSignals": {
          "effectiveRevRisk": 0.5228925600769181,
          "effectiveUpProb": 0.730813352156126,
          "frameState": "BULLISH",
          "monthlyBoxMonths": 9.0,
          "monthlyBoxPos": 0.9449793672627235,
          "monthlyBoxRangePct": 0.170577193805725,
          "monthlyBoxState": "box_upper",
          "monthlyBoxWild": false,
          "monthlyBreakoutDownProb": 0.3052619473234106,
          "monthlyBreakoutUpProb": 0.6449171197372037,
          "monthlyRangePos": 0.9852216748768473,
          "monthlyRangeProb": 0.3649960944856607,
          "monthlyRangeWidth": 0.20447219983883966,
          "monthlyRegimeAligned": null,
          "weeklyBreakoutDownProb": 0.5228925600769181,
          "weeklyBreakoutUpProb": 0.730813352156126,
          "weeklyRangeProb": 0.6760872469675909,
          "weeklyRegimeAligned": null
        },
        "frameState": "BULLISH",
        "revRisk": 0.5228925600769181,
        "ticker": "1306",
        "upProb": 0.730813352156126
      }
    ],
    "sell": [
      {
        "frameSignals": {
          "effectiveRevRisk": 0.5228925600769181,
          "effectiveUpProb": 0.730813352156126,
          "frameState": "BULLISH",
          "monthlyBoxMonths": 9.0,
          "monthlyBoxPos": 0.9449793672627235,
          "monthlyBoxRangePct": 0.170577193805725,
          "monthlyBoxState": "box_upper",
          "monthlyBoxWild": false,
          "monthlyBreakoutDownProb": 0.3052619473234106,
          "monthlyBreakoutUpProb": 0.6449171197372037,
          "monthlyRangePos": 0.9852216748768473,
          "monthlyRangeProb": 0.3649960944856607,
          "monthlyRangeWidth": 0.20447219983883966,
          "monthlyRegimeAligned": null,
          "weeklyBreakoutDownProb": 0.5228925600769181,
          "weeklyBreakoutUpProb": 0.730813352156126,
          "weeklyRangeProb": 0.6760872469675909,
          "weeklyRegimeAligned": null
        },
        "frameState": "BULLISH",
        "revRisk": 0.5228925600769181,
        "ticker": "1306",
        "upProb": 0.730813352156126
      },
      {
        "frameSignals": {
          "effectiveRevRisk": 0.5225149839660446,
          "effectiveUpProb": 0.7318114663781049,
          "frameState": "BULLISH",
          "monthlyBoxMonths": 9.0,
          "monthlyBoxPos": 0.946927374301676,
          "monthlyBoxRangePct": 0.16990982439487423,
          "monthlyBoxState": "box_upper",
          "monthlyBoxWild": false,
          "monthlyBreakoutDownProb": 0.30457825756544626,
          "monthlyBreakoutUpProb": 0.6503443865977043,
          "monthlyRangePos": 0.9939516129032258,
          "monthlyRangeProb": 0.36168816070051274,
          "monthlyRangeWidth": 0.20253164556962025,
          "monthlyRegimeAligned": null,
          "weeklyBreakoutDownProb": 0.5225149839660446,
          "weeklyBreakoutUpProb": 0.7318114663781049,
          "weeklyRangeProb": 0.6750782382458461,
          "weeklyRegimeAligned": null
        },
        "frameState": "BULLISH",
        "revRisk": 0.5225149839660446,
        "ticker": "1308",
        "upProb": 0.7318114663781049
      },
      {
        "frameSignals": {
          "effectiveRevRisk": 0.47565106288088577,
          "effectiveUpProb": 0.7828644265862768,
          "frameState": "BULLISH",
          "monthlyBoxMonths": 9.0,
          "monthlyBoxPos": 0.9863142107236595,
          "monthlyBoxRangePct": 0.18912881608339538,
          "monthlyBoxState": "box_upper",
          "monthlyBoxWild": false,
          "monthlyBreakoutDownProb": 0.2812373703438253,
          "monthlyBreakoutUpProb": 0.629154037010492,
          "monthlyRangePos": 0.9970238095238095,
          "monthlyRangeProb": 0.33322371040633897,
          "monthlyRangeWidth": 0.2207489697186884,
          "monthlyRegimeAligned": null,
          "weeklyBreakoutDownProb": 0.47565106288088577,
          "weeklyBreakoutUpProb": 0.7828644265862768,
          "weeklyRangeProb": 0.5796366982524778,
          "weeklyRegimeAligned": null
        },
        "frameState": "BULLISH",
        "revRisk": 0.47565106288088577,
        "ticker": "1001",
        "upProb": 0.7828644265862768
      }
    ]
  },
  "stage": {
    "goal20Reached": false,
    "goal30Reached": false,
    "stage2Active": false
  }
}