{
  "actions": [],
  "asOf": "2019-11-14",
  "checks": {
    "exposureOk": true,
    "lossLimitOk": true,
    "maxHoldingsOk": true,
    "noFutureLeakOk": true,
    "unitRuleOk": true
  },
  "mode": "BACKTEST",
  "policyVersion": "toredex.v8",
  "seasonId": "toredex_multiframe_20260318",
  "signals": {
    "buy": [
      {
        "frameSignals": {
          "effectiveRevRisk": 0.4245166279969065,
          "effectiveUpProb": 0.8012064965197215,
          "frameState": "BULLISH",
          "monthlyBoxMonths": 13.0,
          "monthlyBoxPos": 1.0,
          "monthlyBoxRangePct": 0.15660252156602522,
          "monthlyBoxState": "box_upper",
          "monthlyBoxWild": false,
          "monthlyBreakoutDownProb": 0.4245166279969065,
          "monthlyBreakoutUpProb": 0.7882927300850735,
          "monthlyRangePos": 1.0,
          "monthlyRangeProb": 0.4465970610982212,
          "monthlyRangeWidth": 0.10266821345707657,
          "monthlyRegimeAligned": null,
          "weeklyBreakoutDownProb": 0.4082108790925497,
          "weeklyBreakoutUpProb": 0.8012064965197215,
          "weeklyRangeProb": 0.3664217581850993,
          "weeklyRegimeAligned": null
        },
        "frameState": "BULLISH",
        "revRisk": 0.4245166279969065,
        "ticker": "1306",
        "upProb": 0.8012064965197215
      },
      {
        "frameSignals": {
          "effectiveRevRisk": 0.41991490396304404,
          "effectiveUpProb": 0.8028665207877461,
          "frameState": "BULLISH",
          "monthlyBoxMonths": 13.0,
          "monthlyBoxPos": 1.0,
          "monthlyBoxRangePct": 0.1773594505214958,
          "monthlyBoxState": "box_upper",
          "monthlyBoxWild": false,
          "monthlyBreakoutDownProb": 0.39471002166295927,
          "monthlyBreakoutUpProb": 0.7563774879690611,
          "monthlyRangePos": 1.0,
          "monthlyRangeProb": 0.4198056149227257,
          "monthlyRangeWidth": 0.12705543682121517,
          "monthlyRegimeAligned": null,
          "weeklyBreakoutDownProb": 0.41991490396304404,
          "weeklyBreakoutUpProb": 0.8028665207877461,
          "weeklyRangeProb": 0.3778823243374666,
          "weeklyRegimeAligned": null
        },
        "frameState": "BULLISH",
        "revRisk": 0.41991490396304404,
        "ticker": "1001",
        "upProb": 0.8028665207877461
      },
      {
        "frameSignals": {
          "effectiveRevRisk": 0.4231926533802267,
          "effectiveUpProb": 0.7959085580304807,
          "frameState": "BULLISH",
          "monthlyBoxMonths": 13.0,
          "monthlyBoxPos": 1.0,
          "monthlyBoxRangePct": 0.1584956346541303,
          "monthlyBoxState": "box_upper",
          "monthlyBoxWild": false,
          "monthlyBreakoutDownProb": 0.4231926533802267,
          "monthlyBreakoutUpProb": 0.7871141070730755,
          "monthlyRangePos": 1.0,
          "monthlyRangeProb": 0.44445095740523644,
          "monthlyRangeWidth": 0.10375146541617819,
          "monthlyRegimeAligned": null,
          "weeklyBreakoutDownProb": 0.40814771395076205,
          "weeklyBreakoutUpProb": 0.7959085580304807,
          "weeklyRangeProb": 0.373915592028136,
          "weeklyRegimeAligned": null
        },
        "frameState": "BULLISH",
        "revRisk": 0.4231926533802267,
        "ticker": "1308",
        "upProb": 0.7959085580304807
      }
    ],
    "sell": [
      {
        "frameSignals": {
          "effectiveRevRisk": 0.4231926533802267,
          "effectiveUpProb": 0.7959085580304807,
          "frameState": "BULLISH",
          "monthlyBoxMonths": 13.0,
          "monthlyBoxPos": 1.0,
          "monthlyBoxRangePct": 0.1584956346541303,
          "monthlyBoxState": "box_upper",
          "monthlyBoxWild": false,
          "monthlyBreakoutDownProb": 0.4231926533802267,
          "monthlyBreakoutUpProb": 0.7871141070730755,
          "monthlyRangePos": 1.0,
          "monthlyRangeProb": 0.44445095740523644,
          "monthlyRangeWidth": 0.10375146541617819,
          "monthlyRegimeAligned": null,
          "weeklyBreakoutDownProb": 0.40814771395076205,
          "weeklyBreakoutUpProb": 0.7959085580304807,
          "weeklyRangeProb": 0.373915592028136,
          "weeklyRegimeAligned": null
        },
        "frameState": "BULLISH",
        "revRisk": 0.4231926533802267,
        "ticker": "1308",
        "upProb": 0.7959085580304807
      },
      {
        "frameSignals": {
          "effectiveRevRisk": 0.4245166279969065,
          "effectiveUpProb": 0.8012064965197215,
          "frameState": "BULLISH",
          "monthlyBoxMonths": 13.0,
          "monthlyBoxPos": 1.0,
          "monthlyBoxRangePct": 0.15660252156602522,
          "monthlyBoxState": "box_upper",
          "monthlyBoxWild": false,
          "monthlyBreakoutDownProb": 0.4245166279969065,
          "monthlyBreakoutUpProb": 0.7882927300850735,
          "monthlyRangePos": 1.0,
          "monthlyRangeProb": 0.4465970610982212,
          "monthlyRangeWidth": 0.10266821345707657,
          "monthlyRegimeAligned": null,
          "weeklyBreakoutDownProb": 0.4082108790925497,
          "weeklyBreakoutUpProb": 0.8012064965197215,
          "weeklyRangeProb": 0.3664217581850993,
          "weeklyRegimeAligned": null
        },
        "frameState": "BULLISH",
        "revRisk": 0.4245166279969065,
        "ticker": "1306",
        "upProb": 0.8012064965197215
      },
      {
        "frameSignals": {
          "effectiveRevRisk": 0.41991490396304404,
          "effectiveUpProb": 0.8028665207877461,
          "frameState": "BULLISH",
          "monthlyBoxMonths": 13.0,
          "monthlyBoxPos": 1.0,
          "monthlyBoxRangePct": 0.1773594505214958,
          "monthlyBoxState": "box_upper",
          "monthlyBoxWild": false,
          "monthlyBreakoutDownProb": 0.39471002166295927,
          "monthlyBreakoutUpProb": 0.7563774879690611,
          "monthlyRangePos": 1.0,
          "monthlyRangeProb": 0.4198056149227257,
          "monthlyRangeWidth": 0.12705543682121517,
          "monthlyRegimeAligned": null,
          "weeklyBreakoutDownProb": 0.41991490396304404,
          "weeklyBreakoutUpProb": 0.8028665207877461,
          "weeklyRangeProb": 0.3778823243374666,
          "weeklyRegimeAligned": null
        },
        "frameState": "BULLISH",
        "revRisk": 0.41991490396304404,
        "ticker": "1001",
        "upProb": 0.8028665207877461
      }
    ]
  },
  "stage": {
    "goal20Reached": false,
    "goal30Reached": false,
    "stage2Active": false
  }
}