{
  "actions": [],
  "asOf": "2013-06-14",
  "checks": {
    "exposureOk": true,
    "lossLimitOk": true,
    "maxHoldingsOk": true,
    "noFutureLeakOk": true,
    "unitRuleOk": true
  },
  "mode": "BACKTEST",
  "policyVersion": "toredex.v8",
  "seasonId": "toredex_multiframe_20260318",
  "signals": {
    "buy": [
      {
        "frameSignals": {
          "effectiveRevRisk": 0.41367984344599484,
          "effectiveUpProb": 0.3649779328030377,
          "frameState": "MIXED",
          "monthlyBoxMonths": 3.0,
          "monthlyBoxPos": 0.21155137676292815,
          "monthlyBoxRangePct": 0.12036213725648695,
          "monthlyBoxState": "box_lower",
          "monthlyBoxWild": true,
          "monthlyBreakoutDownProb": 0.17408732292888476,
          "monthlyBreakoutUpProb": 0.3649779328030377,
          "monthlyRangePos": 0.7727008712487899,
          "monthlyRangeProb": 0.27082976851289214,
          "monthlyRangeWidth": 0.37265512265512263,
          "monthlyRegimeAligned": null,
          "weeklyBreakoutDownProb": 0.41367984344599484,
          "weeklyBreakoutUpProb": 0.356177469276954,
          "weeklyRangeProb": 0.5405951288036107,
          "weeklyRegimeAligned": null
        },
        "frameState": "MIXED",
        "revRisk": 0.41367984344599484,
        "ticker": "1001",
        "upProb": 0.3649779328030377
      },
      {
        "frameSignals": {
          "effectiveRevRisk": 0.41496089726804575,
          "effectiveUpProb": 0.36296089726804576,
          "frameState": "MIXED",
          "monthlyBoxMonths": 3.0,
          "monthlyBoxPos": 0.17293233082706766,
          "monthlyBoxRangePct": 0.12678741658722592,
          "monthlyBoxState": "box_lower",
          "monthlyBoxWild": true,
          "monthlyBreakoutDownProb": 0.16545506058030432,
          "monthlyBreakoutUpProb": 0.34819842341216267,
          "monthlyRangePos": 0.7610619469026548,
          "monthlyRangeProb": 0.26396096861823576,
          "monthlyRangeWidth": 0.38305084745762713,
          "monthlyRegimeAligned": null,
          "weeklyBreakoutDownProb": 0.41496089726804575,
          "weeklyBreakoutUpProb": 0.36296089726804576,
          "weeklyRangeProb": 0.5508628785895087,
          "weeklyRegimeAligned": null
        },
        "frameState": "MIXED",
        "revRisk": 0.41496089726804575,
        "ticker": "1308",
        "upProb": 0.36296089726804576
      },
      {
        "frameSignals": {
          "effectiveRevRisk": 0.4110383984720418,
          "effectiveUpProb": 0.3638473872360868,
          "frameState": "MIXED",
          "monthlyBoxMonths": 3.0,
          "monthlyBoxPos": 0.19285714285714287,
          "monthlyBoxRangePct": 0.1320754716981132,
          "monthlyBoxState": "box_lower",
          "monthlyBoxWild": true,
          "monthlyBreakoutDownProb": 0.16384709223262145,
          "monthlyBreakoutUpProb": 0.3430047596192305,
          "monthlyRangePos": 0.755939524838013,
          "monthlyRangeProb": 0.26352751779857614,
          "monthlyRangeWidth": 0.3858333333333333,
          "monthlyRegimeAligned": null,
          "weeklyBreakoutDownProb": 0.4110383984720418,
          "weeklyBreakoutUpProb": 0.3638473872360868,
          "weeklyRangeProb": 0.5538778621370299,
          "weeklyRegimeAligned": null
        },
        "frameState": "MIXED",
        "revRisk": 0.4110383984720418,
        "ticker": "1306",
        "upProb": 0.3638473872360868
      }
    ],
    "sell": [
      {
        "frameSignals": {
          "effectiveRevRisk": 0.41496089726804575,
          "effectiveUpProb": 0.41496089726804575,
          "frameState": "MIXED",
          "monthlyBoxMonths": 3.0,
          "monthlyBoxPos": 0.17293233082706766,
          "monthlyBoxRangePct": 0.12678741658722592,
          "monthlyBoxState": "box_lower",
          "monthlyBoxWild": true,
          "monthlyBreakoutDownProb": 0.16545506058030432,
          "monthlyBreakoutUpProb": 0.34819842341216267,
          "monthlyRangePos": 0.7610619469026548,
          "monthlyRangeProb": 0.26396096861823576,
          "monthlyRangeWidth": 0.38305084745762713,
          "monthlyRegimeAligned": null,
          "weeklyBreakoutDownProb": 0.41496089726804575,
          "weeklyBreakoutUpProb": 0.36296089726804576,
          "weeklyRangeProb": 0.5508628785895087,
          "weeklyRegimeAligned": null
        },
        "frameState": "MIXED",
        "revRisk": 0.41496089726804575,
        "ticker": "1308",
        "upProb": 0.41496089726804575
      },
      {
        "frameSignals": {
          "effectiveRevRisk": 0.4110383984720418,
          "effectiveUpProb": 0.4110383984720418,
          "frameState": "MIXED",
          "monthlyBoxMonths": 3.0,
          "monthlyBoxPos": 0.19285714285714287,
          "monthlyBoxRangePct": 0.1320754716981132,
          "monthlyBoxState": "box_lower",
          "monthlyBoxWild": true,
          "monthlyBreakoutDownProb": 0.16384709223262145,
          "monthlyBreakoutUpProb": 0.3430047596192305,
          "monthlyRangePos": 0.755939524838013,
          "monthlyRangeProb": 0.26352751779857614,
          "monthlyRangeWidth": 0.3858333333333333,
          "monthlyRegimeAligned": null,
          "weeklyBreakoutDownProb": 0.4110383984720418,
          "weeklyBreakoutUpProb": 0.3638473872360868,
          "weeklyRangeProb": 0.5538778621370299,
          "weeklyRegimeAligned": null
        },
        "frameState": "MIXED",
        "revRisk": 0.4110383984720418,
        "ticker": "1306",
        "upProb": 0.4110383984720418
      },
      {
        "frameSignals": {
          "effectiveRevRisk": 0.41367984344599484,
          "effectiveUpProb": 0.41367984344599484,
          "frameState": "MIXED",
          "monthlyBoxMonths": 3.0,
          "monthlyBoxPos": 0.21155137676292815,
          "monthlyBoxRangePct": 0.12036213725648695,
          "monthlyBoxState": "box_lower",
          "monthlyBoxWild": true,
          "monthlyBreakoutDownProb": 0.17408732292888476,
          "monthlyBreakoutUpProb": 0.3649779328030377,
          "monthlyRangePos": 0.7727008712487899,
          "monthlyRangeProb": 0.27082976851289214,
          "monthlyRangeWidth": 0.37265512265512263,
          "monthlyRegimeAligned": null,
          "weeklyBreakoutDownProb": 0.41367984344599484,
          "weeklyBreakoutUpProb": 0.356177469276954,
          "weeklyRangeProb": 0.5405951288036107,
          "weeklyRegimeAligned": null
        },
        "frameState": "MIXED",
        "revRisk": 0.41367984344599484,
        "ticker": "1001",
        "upProb": 0.41367984344599484
      }
    ]
  },
  "stage": {
    "goal20Reached": false,
    "goal30Reached": false,
    "stage2Active": false
  }
}