{
  "actions": [
    {
      "deltaUnits": 2,
      "reasonId": "E_NEW_TOP1_GATE_OK",
      "side": "LONG",
      "ticker": "1308"
    }
  ],
  "asOf": "2006-10-31",
  "checks": {
    "exposureOk": true,
    "lossLimitOk": true,
    "maxHoldingsOk": true,
    "noFutureLeakOk": true,
    "unitRuleOk": true
  },
  "mode": "BACKTEST",
  "policyVersion": "toredex.v8",
  "seasonId": "toredex_multiframe_20260318",
  "signals": {
    "buy": [
      {
        "frameSignals": {
          "effectiveRevRisk": 0.4833216125219697,
          "effectiveUpProb": 0.8076876513317192,
          "frameState": "BULLISH",
          "monthlyBoxMonths": 12.0,
          "monthlyBoxPos": 0.5627240143369175,
          "monthlyBoxRangePct": 0.1894093686354379,
          "monthlyBoxState": "box_mid",
          "monthlyBoxWild": false,
          "monthlyBreakoutDownProb": 0.4833216125219697,
          "monthlyBreakoutUpProb": 0.5576366810151204,
          "monthlyRangePos": 0.6061643835616438,
          "monthlyRangeProb": 0.6839784685969481,
          "monthlyRangeWidth": 0.1673352435530086,
          "monthlyRegimeAligned": null,
          "weeklyBreakoutDownProb": 0.4501210653753027,
          "weeklyBreakoutUpProb": 0.8076876513317192,
          "weeklyRangeProb": 0.5016949152542374,
          "weeklyRegimeAligned": null
        },
        "frameState": "BULLISH",
        "revRisk": 0.4833216125219697,
        "ticker": "1308",
        "upProb": 0.8076876513317192
      },
      {
        "frameSignals": {
          "effectiveRevRisk": 0.4882686788462762,
          "effectiveUpProb": 0.8108796296296298,
          "frameState": "BULLISH",
          "monthlyBoxMonths": 12.0,
          "monthlyBoxPos": 0.555956678700361,
          "monthlyBoxRangePct": 0.18741542625169147,
          "monthlyBoxState": "box_mid",
          "monthlyBoxWild": false,
          "monthlyBreakoutDownProb": 0.4882686788462762,
          "monthlyBreakoutUpProb": 0.5587547899573873,
          "monthlyRangePos": 0.6006944444444444,
          "monthlyRangeProb": 0.6913913931819627,
          "monthlyRangeWidth": 0.1648540354894104,
          "monthlyRegimeAligned": null,
          "weeklyBreakoutDownProb": 0.4525764895330114,
          "weeklyBreakoutUpProb": 0.8108796296296298,
          "weeklyRangeProb": 0.5016505636070854,
          "weeklyRegimeAligned": null
        },
        "frameState": "BULLISH",
        "revRisk": 0.4882686788462762,
        "ticker": "1306",
        "upProb": 0.8108796296296298
      },
      {
        "frameSignals": {
          "effectiveRevRisk": 0.41046216777103817,
          "effectiveUpProb": 0.7618134379650204,
          "frameState": "BULLISH",
          "monthlyBoxMonths": 11.0,
          "monthlyBoxPos": 0.6710347943967465,
          "monthlyBoxRangePct": 0.14838406866031917,
          "monthlyBoxState": "box_mid",
          "monthlyBoxWild": false,
          "monthlyBreakoutDownProb": 0.36950205795877805,
          "monthlyBreakoutUpProb": 0.5857053594357546,
          "monthlyRangePos": 0.8088618592528236,
          "monthlyRangeProb": 0.4914192633470655,
          "monthlyRangeWidth": 0.20241514742950936,
          "monthlyRegimeAligned": null,
          "weeklyBreakoutDownProb": 0.41046216777103817,
          "weeklyBreakoutUpProb": 0.7618134379650204,
          "weeklyRangeProb": 0.47968657204438847,
          "weeklyRegimeAligned": null
        },
        "frameState": "BULLISH",
        "revRisk": 0.41046216777103817,
        "ticker": "1001",
        "upProb": 0.7618134379650204
      }
    ],
    "sell": [
      {
        "frameSignals": {
          "effectiveRevRisk": 0.4882686788462762,
          "effectiveUpProb": 0.8108796296296298,
          "frameState": "BULLISH",
          "monthlyBoxMonths": 12.0,
          "monthlyBoxPos": 0.555956678700361,
          "monthlyBoxRangePct": 0.18741542625169147,
          "monthlyBoxState": "box_mid",
          "monthlyBoxWild": false,
          "monthlyBreakoutDownProb": 0.4882686788462762,
          "monthlyBreakoutUpProb": 0.5587547899573873,
          "monthlyRangePos": 0.6006944444444444,
          "monthlyRangeProb": 0.6913913931819627,
          "monthlyRangeWidth": 0.1648540354894104,
          "monthlyRegimeAligned": null,
          "weeklyBreakoutDownProb": 0.4525764895330114,
          "weeklyBreakoutUpProb": 0.8108796296296298,
          "weeklyRangeProb": 0.5016505636070854,
          "weeklyRegimeAligned": null
        },
        "frameState": "BULLISH",
        "revRisk": 0.4882686788462762,
        "ticker": "1306",
        "upProb": 0.8108796296296298
      },
      {
        "frameSignals": {
          "effectiveRevRisk": 0.4833216125219697,
          "effectiveUpProb": 0.8076876513317192,
          "frameState": "BULLISH",
          "monthlyBoxMonths": 12.0,
          "monthlyBoxPos": 0.5627240143369175,
          "monthlyBoxRangePct": 0.1894093686354379,
          "monthlyBoxState": "box_mid",
          "monthlyBoxWild": false,
          "monthlyBreakoutDownProb": 0.4833216125219697,
          "monthlyBreakoutUpProb": 0.5576366810151204,
          "monthlyRangePos": 0.6061643835616438,
          "monthlyRangeProb": 0.6839784685969481,
          "monthlyRangeWidth": 0.1673352435530086,
          "monthlyRegimeAligned": null,
          "weeklyBreakoutDownProb": 0.4501210653753027,
          "weeklyBreakoutUpProb": 0.8076876513317192,
          "weeklyRangeProb": 0.5016949152542374,
          "weeklyRegimeAligned": null
        },
        "frameState": "BULLISH",
        "revRisk": 0.4833216125219697,
        "ticker": "1308",
        "upProb": 0.8076876513317192
      },
      {
        "frameSignals": {
          "effectiveRevRisk": 0.41046216777103817,
          "effectiveUpProb": 0.7618134379650204,
          "frameState": "BULLISH",
          "monthlyBoxMonths": 11.0,
          "monthlyBoxPos": 0.6710347943967465,
          "monthlyBoxRangePct": 0.14838406866031917,
          "monthlyBoxState": "box_mid",
          "monthlyBoxWild": false,
          "monthlyBreakoutDownProb": 0.36950205795877805,
          "monthlyBreakoutUpProb": 0.5857053594357546,
          "monthlyRangePos": 0.8088618592528236,
          "monthlyRangeProb": 0.4914192633470655,
          "monthlyRangeWidth": 0.20241514742950936,
          "monthlyRegimeAligned": null,
          "weeklyBreakoutDownProb": 0.41046216777103817,
          "weeklyBreakoutUpProb": 0.7618134379650204,
          "weeklyRangeProb": 0.47968657204438847,
          "weeklyRegimeAligned": null
        },
        "frameState": "BULLISH",
        "revRisk": 0.41046216777103817,
        "ticker": "1001",
        "upProb": 0.7618134379650204
      }
    ]
  },
  "stage": {
    "goal20Reached": false,
    "goal30Reached": false,
    "stage2Active": false
  }
}