{
  "actions": [],
  "asOf": "2007-11-28",
  "checks": {
    "exposureOk": true,
    "lossLimitOk": true,
    "maxHoldingsOk": true,
    "noFutureLeakOk": true,
    "unitRuleOk": true
  },
  "mode": "BACKTEST",
  "policyVersion": "toredex.v8",
  "seasonId": "toredex_multiframe_20260318",
  "signals": {
    "buy": [
      {
        "frameSignals": {
          "effectiveRevRisk": 0.9803843769373837,
          "effectiveUpProb": 0.42607551841535135,
          "frameState": "BEARISH",
          "monthlyBoxMonths": 4.0,
          "monthlyBoxPos": 0.0,
          "monthlyBoxRangePct": 0.13395847287340926,
          "monthlyBoxState": "box_lower",
          "monthlyBoxWild": false,
          "monthlyBreakoutDownProb": 0.9803843769373837,
          "monthlyBreakoutUpProb": 0.42607551841535135,
          "monthlyRangePos": 0.0,
          "monthlyRangeProb": 0.1315661131517501,
          "monthlyRangeWidth": 0.10139275766016713,
          "monthlyRegimeAligned": null,
          "weeklyBreakoutDownProb": 0.8093817204301075,
          "weeklyBreakoutUpProb": 0.3443605987205764,
          "weeklyRangeProb": 0.2792834446267613,
          "weeklyRegimeAligned": null
        },
        "frameState": "BEARISH",
        "revRisk": 0.9803843769373837,
        "ticker": "1308",
        "upProb": 0.42607551841535135
      },
      {
        "frameSignals": {
          "effectiveRevRisk": 0.9902285361334158,
          "effectiveUpProb": 0.4270987654320988,
          "frameState": "BEARISH",
          "monthlyBoxMonths": 4.0,
          "monthlyBoxPos": 0.0,
          "monthlyBoxRangePct": 0.13788487282463185,
          "monthlyBoxState": "box_lower",
          "monthlyBoxWild": false,
          "monthlyBreakoutDownProb": 0.9902285361334158,
          "monthlyBreakoutUpProb": 0.4270987654320988,
          "monthlyRangePos": 0.0,
          "monthlyRangeProb": 0.11871232051487351,
          "monthlyRangeWidth": 0.10055555555555555,
          "monthlyRegimeAligned": null,
          "weeklyBreakoutDownProb": 0.79981220657277,
          "weeklyBreakoutUpProb": 0.34243999010146003,
          "weeklyRangeProb": 0.2906843685224437,
          "weeklyRegimeAligned": null
        },
        "frameState": "BEARISH",
        "revRisk": 0.9902285361334158,
        "ticker": "1306",
        "upProb": 0.4270987654320988
      },
      {
        "frameSignals": {
          "effectiveRevRisk": 0.9610900823399288,
          "effectiveUpProb": 0.4243950698962278,
          "frameState": "BEARISH",
          "monthlyBoxMonths": 14.0,
          "monthlyBoxPos": 0.0,
          "monthlyBoxRangePct": 0.19705668844453245,
          "monthlyBoxState": "box_lower",
          "monthlyBoxWild": false,
          "monthlyBreakoutDownProb": 0.9610900823399288,
          "monthlyBreakoutUpProb": 0.4243950698962278,
          "monthlyRangePos": 0.0,
          "monthlyRangeProb": 0.15714340653460473,
          "monthlyRangeWidth": 0.10276767008490462,
          "monthlyRegimeAligned": null,
          "weeklyBreakoutDownProb": 0.7814359245083806,
          "weeklyBreakoutUpProb": 0.3433252915158826,
          "weeklyRangeProb": 0.3179824653509538,
          "weeklyRegimeAligned": null
        },
        "frameState": "BEARISH",
        "revRisk": 0.9610900823399288,
        "ticker": "1001",
        "upProb": 0.4243950698962278
      }
    ],
    "sell": [
      {
        "frameSignals": {
          "effectiveRevRisk": 0.9902285361334158,
          "effectiveUpProb": 0.79981220657277,
          "frameState": "BEARISH",
          "monthlyBoxMonths": 4.0,
          "monthlyBoxPos": 0.0,
          "monthlyBoxRangePct": 0.13788487282463185,
          "monthlyBoxState": "box_lower",
          "monthlyBoxWild": false,
          "monthlyBreakoutDownProb": 0.9902285361334158,
          "monthlyBreakoutUpProb": 0.4270987654320988,
          "monthlyRangePos": 0.0,
          "monthlyRangeProb": 0.11871232051487351,
          "monthlyRangeWidth": 0.10055555555555555,
          "monthlyRegimeAligned": null,
          "weeklyBreakoutDownProb": 0.79981220657277,
          "weeklyBreakoutUpProb": 0.34243999010146003,
          "weeklyRangeProb": 0.2906843685224437,
          "weeklyRegimeAligned": null
        },
        "frameState": "BEARISH",
        "revRisk": 0.9902285361334158,
        "ticker": "1306",
        "upProb": 0.79981220657277
      },
      {
        "frameSignals": {
          "effectiveRevRisk": 0.9803843769373837,
          "effectiveUpProb": 0.8093817204301075,
          "frameState": "BEARISH",
          "monthlyBoxMonths": 4.0,
          "monthlyBoxPos": 0.0,
          "monthlyBoxRangePct": 0.13395847287340926,
          "monthlyBoxState": "box_lower",
          "monthlyBoxWild": false,
          "monthlyBreakoutDownProb": 0.9803843769373837,
          "monthlyBreakoutUpProb": 0.42607551841535135,
          "monthlyRangePos": 0.0,
          "monthlyRangeProb": 0.1315661131517501,
          "monthlyRangeWidth": 0.10139275766016713,
          "monthlyRegimeAligned": null,
          "weeklyBreakoutDownProb": 0.8093817204301075,
          "weeklyBreakoutUpProb": 0.3443605987205764,
          "weeklyRangeProb": 0.2792834446267613,
          "weeklyRegimeAligned": null
        },
        "frameState": "BEARISH",
        "revRisk": 0.9803843769373837,
        "ticker": "1308",
        "upProb": 0.8093817204301075
      },
      {
        "frameSignals": {
          "effectiveRevRisk": 0.9610900823399288,
          "effectiveUpProb": 0.7814359245083806,
          "frameState": "BEARISH",
          "monthlyBoxMonths": 14.0,
          "monthlyBoxPos": 0.0,
          "monthlyBoxRangePct": 0.19705668844453245,
          "monthlyBoxState": "box_lower",
          "monthlyBoxWild": false,
          "monthlyBreakoutDownProb": 0.9610900823399288,
          "monthlyBreakoutUpProb": 0.4243950698962278,
          "monthlyRangePos": 0.0,
          "monthlyRangeProb": 0.15714340653460473,
          "monthlyRangeWidth": 0.10276767008490462,
          "monthlyRegimeAligned": null,
          "weeklyBreakoutDownProb": 0.7814359245083806,
          "weeklyBreakoutUpProb": 0.3433252915158826,
          "weeklyRangeProb": 0.3179824653509538,
          "weeklyRegimeAligned": null
        },
        "frameState": "BEARISH",
        "revRisk": 0.9610900823399288,
        "ticker": "1001",
        "upProb": 0.7814359245083806
      }
    ]
  },
  "stage": {
    "goal20Reached": false,
    "goal30Reached": false,
    "stage2Active": false
  }
}