{
  "actions": [],
  "asOf": "2006-03-09",
  "checks": {
    "exposureOk": true,
    "lossLimitOk": true,
    "maxHoldingsOk": true,
    "noFutureLeakOk": true,
    "unitRuleOk": true
  },
  "mode": "BACKTEST",
  "policyVersion": "toredex.v8",
  "seasonId": "toredex_multiframe_20260318",
  "signals": {
    "buy": [
      {
        "frameSignals": {
          "effectiveRevRisk": 0.42074346198688817,
          "effectiveUpProb": 0.5667557319255384,
          "frameState": "BULLISH",
          "monthlyBoxMonths": 5.0,
          "monthlyBoxPos": 0.7096774193548387,
          "monthlyBoxRangePct": 0.16779431664411368,
          "monthlyBoxState": "box_mid",
          "monthlyBoxWild": false,
          "monthlyBreakoutDownProb": 0.1772612979080454,
          "monthlyBreakoutUpProb": 0.4414009912640931,
          "monthlyRangePos": 0.8773424190800682,
          "monthlyRangeProb": 0.24461529570021595,
          "monthlyRangeWidth": 0.34009269988412516,
          "monthlyRegimeAligned": null,
          "weeklyBreakoutDownProb": 0.42074346198688817,
          "weeklyBreakoutUpProb": 0.5667557319255384,
          "weeklyRangeProb": 0.58069179919142,
          "weeklyRegimeAligned": null
        },
        "frameState": "BULLISH",
        "revRisk": 0.42074346198688817,
        "ticker": "1306",
        "upProb": 0.5667557319255384
      },
      {
        "frameSignals": {
          "effectiveRevRisk": 0.42159330593300604,
          "effectiveUpProb": 0.5639480459941681,
          "frameState": "BULLISH",
          "monthlyBoxMonths": 5.0,
          "monthlyBoxPos": 0.7051792828685259,
          "monthlyBoxRangePct": 0.17040054310930075,
          "monthlyBoxState": "box_mid",
          "monthlyBoxWild": false,
          "monthlyBreakoutDownProb": 0.18189537637237785,
          "monthlyBreakoutUpProb": 0.44289193994626097,
          "monthlyRangePos": 0.872852233676976,
          "monthlyRangeProb": 0.2513777597053125,
          "monthlyRangeWidth": 0.3375870069605568,
          "monthlyRegimeAligned": null,
          "weeklyBreakoutDownProb": 0.42159330593300604,
          "weeklyBreakoutUpProb": 0.5639480459941681,
          "weeklyRangeProb": 0.583192422441259,
          "weeklyRegimeAligned": null
        },
        "frameState": "BULLISH",
        "revRisk": 0.42159330593300604,
        "ticker": "1308",
        "upProb": 0.5639480459941681
      },
      {
        "frameSignals": {
          "effectiveRevRisk": 0.3969013407053565,
          "effectiveUpProb": 0.545398450531946,
          "frameState": "BULLISH",
          "monthlyBoxMonths": 4.0,
          "monthlyBoxPos": 0.646685878962536,
          "monthlyBoxRangePct": 0.11633364623843369,
          "monthlyBoxState": "box_mid",
          "monthlyBoxWild": false,
          "monthlyBreakoutDownProb": 0.17392174415510947,
          "monthlyBreakoutUpProb": 0.44785367111841384,
          "monthlyRangePos": 0.891331324233292,
          "monthlyRangeProb": 0.23666263660741393,
          "monthlyRangeWidth": 0.338819148297195,
          "monthlyRegimeAligned": null,
          "weeklyBreakoutDownProb": 0.3969013407053565,
          "weeklyBreakoutUpProb": 0.545398450531946,
          "weeklyRangeProb": 0.5514982213590892,
          "weeklyRegimeAligned": null
        },
        "frameState": "BULLISH",
        "revRisk": 0.3969013407053565,
        "ticker": "1001",
        "upProb": 0.545398450531946
      }
    ],
    "sell": [
      {
        "frameSignals": {
          "effectiveRevRisk": 0.42159330593300604,
          "effectiveUpProb": 0.5639480459941681,
          "frameState": "BULLISH",
          "monthlyBoxMonths": 5.0,
          "monthlyBoxPos": 0.7051792828685259,
          "monthlyBoxRangePct": 0.17040054310930075,
          "monthlyBoxState": "box_mid",
          "monthlyBoxWild": false,
          "monthlyBreakoutDownProb": 0.18189537637237785,
          "monthlyBreakoutUpProb": 0.44289193994626097,
          "monthlyRangePos": 0.872852233676976,
          "monthlyRangeProb": 0.2513777597053125,
          "monthlyRangeWidth": 0.3375870069605568,
          "monthlyRegimeAligned": null,
          "weeklyBreakoutDownProb": 0.42159330593300604,
          "weeklyBreakoutUpProb": 0.5639480459941681,
          "weeklyRangeProb": 0.583192422441259,
          "weeklyRegimeAligned": null
        },
        "frameState": "BULLISH",
        "revRisk": 0.42159330593300604,
        "ticker": "1308",
        "upProb": 0.5639480459941681
      },
      {
        "frameSignals": {
          "effectiveRevRisk": 0.42074346198688817,
          "effectiveUpProb": 0.5667557319255384,
          "frameState": "BULLISH",
          "monthlyBoxMonths": 5.0,
          "monthlyBoxPos": 0.7096774193548387,
          "monthlyBoxRangePct": 0.16779431664411368,
          "monthlyBoxState": "box_mid",
          "monthlyBoxWild": false,
          "monthlyBreakoutDownProb": 0.1772612979080454,
          "monthlyBreakoutUpProb": 0.4414009912640931,
          "monthlyRangePos": 0.8773424190800682,
          "monthlyRangeProb": 0.24461529570021595,
          "monthlyRangeWidth": 0.34009269988412516,
          "monthlyRegimeAligned": null,
          "weeklyBreakoutDownProb": 0.42074346198688817,
          "weeklyBreakoutUpProb": 0.5667557319255384,
          "weeklyRangeProb": 0.58069179919142,
          "weeklyRegimeAligned": null
        },
        "frameState": "BULLISH",
        "revRisk": 0.42074346198688817,
        "ticker": "1306",
        "upProb": 0.5667557319255384
      },
      {
        "frameSignals": {
          "effectiveRevRisk": 0.3969013407053565,
          "effectiveUpProb": 0.545398450531946,
          "frameState": "BULLISH",
          "monthlyBoxMonths": 4.0,
          "monthlyBoxPos": 0.646685878962536,
          "monthlyBoxRangePct": 0.11633364623843369,
          "monthlyBoxState": "box_mid",
          "monthlyBoxWild": false,
          "monthlyBreakoutDownProb": 0.17392174415510947,
          "monthlyBreakoutUpProb": 0.44785367111841384,
          "monthlyRangePos": 0.891331324233292,
          "monthlyRangeProb": 0.23666263660741393,
          "monthlyRangeWidth": 0.338819148297195,
          "monthlyRegimeAligned": null,
          "weeklyBreakoutDownProb": 0.3969013407053565,
          "weeklyBreakoutUpProb": 0.545398450531946,
          "weeklyRangeProb": 0.5514982213590892,
          "weeklyRegimeAligned": null
        },
        "frameState": "BULLISH",
        "revRisk": 0.3969013407053565,
        "ticker": "1001",
        "upProb": 0.545398450531946
      }
    ]
  },
  "stage": {
    "goal20Reached": false,
    "goal30Reached": false,
    "stage2Active": false
  }
}