{
  "actions": [],
  "asOf": "2003-06-26",
  "checks": {
    "exposureOk": true,
    "lossLimitOk": true,
    "maxHoldingsOk": true,
    "noFutureLeakOk": true,
    "unitRuleOk": true
  },
  "mode": "BACKTEST",
  "policyVersion": "toredex.v8",
  "seasonId": "toredex_multiframe_20260318",
  "signals": {
    "buy": [
      {
        "frameSignals": {
          "effectiveRevRisk": 0.45966979738909564,
          "effectiveUpProb": 0.8028635851183765,
          "frameState": "BULLISH",
          "monthlyBoxMonths": 10.0,
          "monthlyBoxPos": 0.7615894039735099,
          "monthlyBoxRangePct": 0.19138149556400508,
          "monthlyBoxState": "box_upper",
          "monthlyBoxWild": false,
          "monthlyBreakoutDownProb": 0.45966979738909564,
          "monthlyBreakoutUpProb": 0.439972827692126,
          "monthlyRangePos": 0.47186147186147187,
          "monthlyRangeProb": 0.6550918542146612,
          "monthlyRangeWidth": 0.22514619883040934,
          "monthlyRegimeAligned": null,
          "weeklyBreakoutDownProb": 0.4135851183765502,
          "weeklyBreakoutUpProb": 0.8028635851183765,
          "weeklyRangeProb": 0.3704058624577227,
          "weeklyRegimeAligned": null
        },
        "frameState": "BULLISH",
        "revRisk": 0.45966979738909564,
        "ticker": "1308",
        "upProb": 0.8028635851183765
      },
      {
        "frameSignals": {
          "effectiveRevRisk": 0.47694313965148916,
          "effectiveUpProb": 0.8025842696629213,
          "frameState": "BULLISH",
          "monthlyBoxMonths": 10.0,
          "monthlyBoxPos": 0.6866666666666666,
          "monthlyBoxRangePct": 0.18867924528301888,
          "monthlyBoxState": "box_mid",
          "monthlyBoxWild": false,
          "monthlyBreakoutDownProb": 0.47694313965148916,
          "monthlyBreakoutUpProb": 0.43222948326382393,
          "monthlyRangePos": 0.43612334801762115,
          "monthlyRangeProb": 0.6357065298804743,
          "monthlyRangeWidth": 0.2212475633528265,
          "monthlyRegimeAligned": null,
          "weeklyBreakoutDownProb": 0.4167915106117354,
          "weeklyBreakoutUpProb": 0.8025842696629213,
          "weeklyRangeProb": 0.3745942571785269,
          "weeklyRegimeAligned": null
        },
        "frameState": "BULLISH",
        "revRisk": 0.47694313965148916,
        "ticker": "1306",
        "upProb": 0.8025842696629213
      },
      {
        "frameSignals": {
          "effectiveRevRisk": 0.44194870579993173,
          "effectiveUpProb": 0.77456570155902,
          "frameState": "BULLISH",
          "monthlyBoxMonths": 9.0,
          "monthlyBoxPos": 0.7535353535353535,
          "monthlyBoxRangePct": 0.19028703229113275,
          "monthlyBoxState": "box_upper",
          "monthlyBoxWild": false,
          "monthlyBreakoutDownProb": 0.44194870579993173,
          "monthlyBreakoutUpProb": 0.3659272004235877,
          "monthlyRangePos": 0.3913978494623656,
          "monthlyRangeProb": 0.5445415301193719,
          "monthlyRangeWidth": 0.2626871292721966,
          "monthlyRegimeAligned": null,
          "weeklyBreakoutDownProb": 0.37564959168522644,
          "weeklyBreakoutUpProb": 0.77456570155902,
          "weeklyRangeProb": 0.36599851521900517,
          "weeklyRegimeAligned": null
        },
        "frameState": "BULLISH",
        "revRisk": 0.44194870579993173,
        "ticker": "1001",
        "upProb": 0.77456570155902
      }
    ],
    "sell": [
      {
        "frameSignals": {
          "effectiveRevRisk": 0.47694313965148916,
          "effectiveUpProb": 0.8025842696629213,
          "frameState": "BULLISH",
          "monthlyBoxMonths": 10.0,
          "monthlyBoxPos": 0.6866666666666666,
          "monthlyBoxRangePct": 0.18867924528301888,
          "monthlyBoxState": "box_mid",
          "monthlyBoxWild": false,
          "monthlyBreakoutDownProb": 0.47694313965148916,
          "monthlyBreakoutUpProb": 0.43222948326382393,
          "monthlyRangePos": 0.43612334801762115,
          "monthlyRangeProb": 0.6357065298804743,
          "monthlyRangeWidth": 0.2212475633528265,
          "monthlyRegimeAligned": null,
          "weeklyBreakoutDownProb": 0.4167915106117354,
          "weeklyBreakoutUpProb": 0.8025842696629213,
          "weeklyRangeProb": 0.3745942571785269,
          "weeklyRegimeAligned": null
        },
        "frameState": "BULLISH",
        "revRisk": 0.47694313965148916,
        "ticker": "1306",
        "upProb": 0.8025842696629213
      },
      {
        "frameSignals": {
          "effectiveRevRisk": 0.45966979738909564,
          "effectiveUpProb": 0.8028635851183765,
          "frameState": "BULLISH",
          "monthlyBoxMonths": 10.0,
          "monthlyBoxPos": 0.7615894039735099,
          "monthlyBoxRangePct": 0.19138149556400508,
          "monthlyBoxState": "box_upper",
          "monthlyBoxWild": false,
          "monthlyBreakoutDownProb": 0.45966979738909564,
          "monthlyBreakoutUpProb": 0.439972827692126,
          "monthlyRangePos": 0.47186147186147187,
          "monthlyRangeProb": 0.6550918542146612,
          "monthlyRangeWidth": 0.22514619883040934,
          "monthlyRegimeAligned": null,
          "weeklyBreakoutDownProb": 0.4135851183765502,
          "weeklyBreakoutUpProb": 0.8028635851183765,
          "weeklyRangeProb": 0.3704058624577227,
          "weeklyRegimeAligned": null
        },
        "frameState": "BULLISH",
        "revRisk": 0.45966979738909564,
        "ticker": "1308",
        "upProb": 0.8028635851183765
      },
      {
        "frameSignals": {
          "effectiveRevRisk": 0.44194870579993173,
          "effectiveUpProb": 0.77456570155902,
          "frameState": "BULLISH",
          "monthlyBoxMonths": 9.0,
          "monthlyBoxPos": 0.7535353535353535,
          "monthlyBoxRangePct": 0.19028703229113275,
          "monthlyBoxState": "box_upper",
          "monthlyBoxWild": false,
          "monthlyBreakoutDownProb": 0.44194870579993173,
          "monthlyBreakoutUpProb": 0.3659272004235877,
          "monthlyRangePos": 0.3913978494623656,
          "monthlyRangeProb": 0.5445415301193719,
          "monthlyRangeWidth": 0.2626871292721966,
          "monthlyRegimeAligned": null,
          "weeklyBreakoutDownProb": 0.37564959168522644,
          "weeklyBreakoutUpProb": 0.77456570155902,
          "weeklyRangeProb": 0.36599851521900517,
          "weeklyRegimeAligned": null
        },
        "frameState": "BULLISH",
        "revRisk": 0.44194870579993173,
        "ticker": "1001",
        "upProb": 0.77456570155902
      }
    ]
  },
  "stage": {
    "goal20Reached": false,
    "goal30Reached": false,
    "stage2Active": false
  }
}