{
  "actions": [],
  "asOf": "2019-09-20",
  "checks": {
    "exposureOk": true,
    "lossLimitOk": true,
    "maxHoldingsOk": true,
    "noFutureLeakOk": true,
    "unitRuleOk": true
  },
  "mode": "BACKTEST",
  "policyVersion": "toredex.v8",
  "seasonId": "toredex_multiframe_20260318",
  "signals": {
    "buy": [
      {
        "frameSignals": {
          "effectiveRevRisk": 0.5686337814473731,
          "effectiveUpProb": 0.7127211726501248,
          "frameState": "BULLISH",
          "monthlyBoxMonths": 11.0,
          "monthlyBoxPos": 0.635593220338983,
          "monthlyBoxRangePct": 0.15660252156602522,
          "monthlyBoxState": "box_mid",
          "monthlyBoxWild": false,
          "monthlyBreakoutDownProb": 0.5686337814473731,
          "monthlyBreakoutUpProb": 0.4526763346388625,
          "monthlyRangePos": 0.3343465045592705,
          "monthlyRangeProb": 0.6307258036060831,
          "monthlyRangeWidth": 0.17537313432835822,
          "monthlyRegimeAligned": null,
          "weeklyBreakoutDownProb": 0.4984787484077005,
          "weeklyBreakoutUpProb": 0.7127211726501248,
          "weeklyRangeProb": 0.6446484382008361,
          "weeklyRegimeAligned": null
        },
        "frameState": "BULLISH",
        "revRisk": 0.5686337814473731,
        "ticker": "1306",
        "upProb": 0.7127211726501248
      },
      {
        "frameSignals": {
          "effectiveRevRisk": 0.5159155625419654,
          "effectiveUpProb": 0.764913757057659,
          "frameState": "BULLISH",
          "monthlyBoxMonths": 11.0,
          "monthlyBoxPos": 0.8150638870208473,
          "monthlyBoxRangePct": 0.1513100992113966,
          "monthlyBoxState": "box_upper",
          "monthlyBoxWild": false,
          "monthlyBreakoutDownProb": 0.5159155625419654,
          "monthlyBreakoutUpProb": 0.517961349195643,
          "monthlyRangePos": 0.5029225523623965,
          "monthlyRangeProb": 0.7520632975549092,
          "monthlyRangeWidth": 0.17023217247097844,
          "monthlyRegimeAligned": null,
          "weeklyBreakoutDownProb": 0.48301158314461556,
          "weeklyBreakoutUpProb": 0.764913757057659,
          "weeklyRangeProb": 0.5986900725701187,
          "weeklyRegimeAligned": null
        },
        "frameState": "BULLISH",
        "revRisk": 0.5159155625419654,
        "ticker": "1001",
        "upProb": 0.764913757057659
      },
      {
        "frameSignals": {
          "effectiveRevRisk": 0.5690660260466096,
          "effectiveUpProb": 0.703094423010741,
          "frameState": "BULLISH",
          "monthlyBoxMonths": 11.0,
          "monthlyBoxPos": 0.6297872340425532,
          "monthlyBoxRangePct": 0.15782404298186703,
          "monthlyBoxState": "box_mid",
          "monthlyBoxWild": false,
          "monthlyBreakoutDownProb": 0.5690660260466096,
          "monthlyBreakoutUpProb": 0.4502586865970684,
          "monthlyRangePos": 0.3302752293577982,
          "monthlyRangeProb": 0.6267027180217231,
          "monthlyRangeWidth": 0.17618534482758622,
          "monthlyRegimeAligned": null,
          "weeklyBreakoutDownProb": 0.5058216957380137,
          "weeklyBreakoutUpProb": 0.703094423010741,
          "weeklyRangeProb": 0.6602686156242642,
          "weeklyRegimeAligned": null
        },
        "frameState": "BULLISH",
        "revRisk": 0.5690660260466096,
        "ticker": "1308",
        "upProb": 0.703094423010741
      }
    ],
    "sell": [
      {
        "frameSignals": {
          "effectiveRevRisk": 0.5690660260466096,
          "effectiveUpProb": 0.703094423010741,
          "frameState": "BULLISH",
          "monthlyBoxMonths": 11.0,
          "monthlyBoxPos": 0.6297872340425532,
          "monthlyBoxRangePct": 0.15782404298186703,
          "monthlyBoxState": "box_mid",
          "monthlyBoxWild": false,
          "monthlyBreakoutDownProb": 0.5690660260466096,
          "monthlyBreakoutUpProb": 0.4502586865970684,
          "monthlyRangePos": 0.3302752293577982,
          "monthlyRangeProb": 0.6267027180217231,
          "monthlyRangeWidth": 0.17618534482758622,
          "monthlyRegimeAligned": null,
          "weeklyBreakoutDownProb": 0.5058216957380137,
          "weeklyBreakoutUpProb": 0.703094423010741,
          "weeklyRangeProb": 0.6602686156242642,
          "weeklyRegimeAligned": null
        },
        "frameState": "BULLISH",
        "revRisk": 0.5690660260466096,
        "ticker": "1308",
        "upProb": 0.703094423010741
      },
      {
        "frameSignals": {
          "effectiveRevRisk": 0.5686337814473731,
          "effectiveUpProb": 0.7127211726501248,
          "frameState": "BULLISH",
          "monthlyBoxMonths": 11.0,
          "monthlyBoxPos": 0.635593220338983,
          "monthlyBoxRangePct": 0.15660252156602522,
          "monthlyBoxState": "box_mid",
          "monthlyBoxWild": false,
          "monthlyBreakoutDownProb": 0.5686337814473731,
          "monthlyBreakoutUpProb": 0.4526763346388625,
          "monthlyRangePos": 0.3343465045592705,
          "monthlyRangeProb": 0.6307258036060831,
          "monthlyRangeWidth": 0.17537313432835822,
          "monthlyRegimeAligned": null,
          "weeklyBreakoutDownProb": 0.4984787484077005,
          "weeklyBreakoutUpProb": 0.7127211726501248,
          "weeklyRangeProb": 0.6446484382008361,
          "weeklyRegimeAligned": null
        },
        "frameState": "BULLISH",
        "revRisk": 0.5686337814473731,
        "ticker": "1306",
        "upProb": 0.7127211726501248
      },
      {
        "frameSignals": {
          "effectiveRevRisk": 0.5159155625419654,
          "effectiveUpProb": 0.764913757057659,
          "frameState": "BULLISH",
          "monthlyBoxMonths": 11.0,
          "monthlyBoxPos": 0.8150638870208473,
          "monthlyBoxRangePct": 0.1513100992113966,
          "monthlyBoxState": "box_upper",
          "monthlyBoxWild": false,
          "monthlyBreakoutDownProb": 0.5159155625419654,
          "monthlyBreakoutUpProb": 0.517961349195643,
          "monthlyRangePos": 0.5029225523623965,
          "monthlyRangeProb": 0.7520632975549092,
          "monthlyRangeWidth": 0.17023217247097844,
          "monthlyRegimeAligned": null,
          "weeklyBreakoutDownProb": 0.48301158314461556,
          "weeklyBreakoutUpProb": 0.764913757057659,
          "weeklyRangeProb": 0.5986900725701187,
          "weeklyRegimeAligned": null
        },
        "frameState": "BULLISH",
        "revRisk": 0.5159155625419654,
        "ticker": "1001",
        "upProb": 0.764913757057659
      }
    ]
  },
  "stage": {
    "goal20Reached": false,
    "goal30Reached": false,
    "stage2Active": false
  }
}