{
  "actions": [],
  "asOf": "2019-09-26",
  "checks": {
    "exposureOk": true,
    "lossLimitOk": true,
    "maxHoldingsOk": true,
    "noFutureLeakOk": true,
    "unitRuleOk": true
  },
  "mode": "BACKTEST",
  "policyVersion": "toredex.v8",
  "seasonId": "toredex_multiframe_20260318",
  "signals": {
    "buy": [
      {
        "frameSignals": {
          "effectiveRevRisk": 0.5633146325112028,
          "effectiveUpProb": 0.7127211726501248,
          "frameState": "BULLISH",
          "monthlyBoxMonths": 11.0,
          "monthlyBoxPos": 0.6567796610169492,
          "monthlyBoxRangePct": 0.15660252156602522,
          "monthlyBoxState": "box_mid",
          "monthlyBoxWild": false,
          "monthlyBreakoutDownProb": 0.5633146325112028,
          "monthlyBreakoutUpProb": 0.45799548357503267,
          "monthlyRangePos": 0.3495440729483283,
          "monthlyRangeProb": 0.6413641014784235,
          "monthlyRangeWidth": 0.17537313432835822,
          "monthlyRegimeAligned": null,
          "weeklyBreakoutDownProb": 0.4984787484077005,
          "weeklyBreakoutUpProb": 0.7127211726501248,
          "weeklyRangeProb": 0.6446484382008361,
          "weeklyRegimeAligned": null
        },
        "frameState": "BULLISH",
        "revRisk": 0.5633146325112028,
        "ticker": "1306",
        "upProb": 0.7127211726501248
      },
      {
        "frameSignals": {
          "effectiveRevRisk": 0.5626440076979858,
          "effectiveUpProb": 0.703094423010741,
          "frameState": "BULLISH",
          "monthlyBoxMonths": 11.0,
          "monthlyBoxPos": 0.6553191489361702,
          "monthlyBoxRangePct": 0.15782404298186703,
          "monthlyBoxState": "box_mid",
          "monthlyBoxWild": false,
          "monthlyBreakoutDownProb": 0.5626440076979858,
          "monthlyBreakoutUpProb": 0.45668070494569224,
          "monthlyRangePos": 0.3486238532110092,
          "monthlyRangeProb": 0.6395467547189707,
          "monthlyRangeWidth": 0.17618534482758622,
          "monthlyRegimeAligned": null,
          "weeklyBreakoutDownProb": 0.5058216957380137,
          "weeklyBreakoutUpProb": 0.703094423010741,
          "weeklyRangeProb": 0.6602686156242642,
          "weeklyRegimeAligned": null
        },
        "frameState": "BULLISH",
        "revRisk": 0.5626440076979858,
        "ticker": "1308",
        "upProb": 0.703094423010741
      },
      {
        "frameSignals": {
          "effectiveRevRisk": 0.5185580369696322,
          "effectiveUpProb": 0.764913757057659,
          "frameState": "BULLISH",
          "monthlyBoxMonths": 11.0,
          "monthlyBoxPos": 0.804640215198386,
          "monthlyBoxRangePct": 0.1513100992113966,
          "monthlyBoxState": "box_upper",
          "monthlyBoxWild": false,
          "monthlyBreakoutDownProb": 0.5185580369696322,
          "monthlyBreakoutUpProb": 0.5153188747679761,
          "monthlyRangePos": 0.4953726254262055,
          "monthlyRangeProb": 0.7508699220069306,
          "monthlyRangeWidth": 0.17023217247097844,
          "monthlyRegimeAligned": null,
          "weeklyBreakoutDownProb": 0.48301158314461556,
          "weeklyBreakoutUpProb": 0.764913757057659,
          "weeklyRangeProb": 0.5986900725701187,
          "weeklyRegimeAligned": null
        },
        "frameState": "BULLISH",
        "revRisk": 0.5185580369696322,
        "ticker": "1001",
        "upProb": 0.764913757057659
      }
    ],
    "sell": [
      {
        "frameSignals": {
          "effectiveRevRisk": 0.5626440076979858,
          "effectiveUpProb": 0.703094423010741,
          "frameState": "BULLISH",
          "monthlyBoxMonths": 11.0,
          "monthlyBoxPos": 0.6553191489361702,
          "monthlyBoxRangePct": 0.15782404298186703,
          "monthlyBoxState": "box_mid",
          "monthlyBoxWild": false,
          "monthlyBreakoutDownProb": 0.5626440076979858,
          "monthlyBreakoutUpProb": 0.45668070494569224,
          "monthlyRangePos": 0.3486238532110092,
          "monthlyRangeProb": 0.6395467547189707,
          "monthlyRangeWidth": 0.17618534482758622,
          "monthlyRegimeAligned": null,
          "weeklyBreakoutDownProb": 0.5058216957380137,
          "weeklyBreakoutUpProb": 0.703094423010741,
          "weeklyRangeProb": 0.6602686156242642,
          "weeklyRegimeAligned": null
        },
        "frameState": "BULLISH",
        "revRisk": 0.5626440076979858,
        "ticker": "1308",
        "upProb": 0.703094423010741
      },
      {
        "frameSignals": {
          "effectiveRevRisk": 0.5633146325112028,
          "effectiveUpProb": 0.7127211726501248,
          "frameState": "BULLISH",
          "monthlyBoxMonths": 11.0,
          "monthlyBoxPos": 0.6567796610169492,
          "monthlyBoxRangePct": 0.15660252156602522,
          "monthlyBoxState": "box_mid",
          "monthlyBoxWild": false,
          "monthlyBreakoutDownProb": 0.5633146325112028,
          "monthlyBreakoutUpProb": 0.45799548357503267,
          "monthlyRangePos": 0.3495440729483283,
          "monthlyRangeProb": 0.6413641014784235,
          "monthlyRangeWidth": 0.17537313432835822,
          "monthlyRegimeAligned": null,
          "weeklyBreakoutDownProb": 0.4984787484077005,
          "weeklyBreakoutUpProb": 0.7127211726501248,
          "weeklyRangeProb": 0.6446484382008361,
          "weeklyRegimeAligned": null
        },
        "frameState": "BULLISH",
        "revRisk": 0.5633146325112028,
        "ticker": "1306",
        "upProb": 0.7127211726501248
      },
      {
        "frameSignals": {
          "effectiveRevRisk": 0.5185580369696322,
          "effectiveUpProb": 0.764913757057659,
          "frameState": "BULLISH",
          "monthlyBoxMonths": 11.0,
          "monthlyBoxPos": 0.804640215198386,
          "monthlyBoxRangePct": 0.1513100992113966,
          "monthlyBoxState": "box_upper",
          "monthlyBoxWild": false,
          "monthlyBreakoutDownProb": 0.5185580369696322,
          "monthlyBreakoutUpProb": 0.5153188747679761,
          "monthlyRangePos": 0.4953726254262055,
          "monthlyRangeProb": 0.7508699220069306,
          "monthlyRangeWidth": 0.17023217247097844,
          "monthlyRegimeAligned": null,
          "weeklyBreakoutDownProb": 0.48301158314461556,
          "weeklyBreakoutUpProb": 0.764913757057659,
          "weeklyRangeProb": 0.5986900725701187,
          "weeklyRegimeAligned": null
        },
        "frameState": "BULLISH",
        "revRisk": 0.5185580369696322,
        "ticker": "1001",
        "upProb": 0.764913757057659
      }
    ]
  },
  "stage": {
    "goal20Reached": false,
    "goal30Reached": false,
    "stage2Active": false
  }
}