{
  "actions": [],
  "asOf": "2021-04-01",
  "checks": {
    "exposureOk": true,
    "lossLimitOk": true,
    "maxHoldingsOk": true,
    "noFutureLeakOk": true,
    "unitRuleOk": true
  },
  "mode": "BACKTEST",
  "policyVersion": "toredex.v8",
  "seasonId": "toredex_multiframe_20260318",
  "signals": {
    "buy": [
      {
        "frameSignals": {
          "effectiveRevRisk": 0.3602296942383773,
          "effectiveUpProb": 0.7217232890201871,
          "frameState": "BULLISH",
          "monthlyBoxMonths": 5.0,
          "monthlyBoxPos": 0.9444444444444444,
          "monthlyBoxRangePct": 0.12921038100496962,
          "monthlyBoxState": "box_upper",
          "monthlyBoxWild": false,
          "monthlyBreakoutDownProb": 0.24248864817550195,
          "monthlyBreakoutUpProb": 0.7217232890201871,
          "monthlyRangePos": 1.0,
          "monthlyRangeProb": 0.2841156518409103,
          "monthlyRangeWidth": 0.2516001969473166,
          "monthlyRegimeAligned": null,
          "weeklyBreakoutDownProb": 0.3602296942383773,
          "weeklyBreakoutUpProb": 0.6534729374816206,
          "weeklyRangeProb": 0.44894467550039185,
          "weeklyRegimeAligned": null
        },
        "frameState": "BULLISH",
        "revRisk": 0.3602296942383773,
        "ticker": "1308",
        "upProb": 0.7217232890201871
      },
      {
        "frameSignals": {
          "effectiveRevRisk": 0.36994796761130533,
          "effectiveUpProb": 0.7451902118034135,
          "frameState": "BULLISH",
          "monthlyBoxMonths": 5.0,
          "monthlyBoxPos": 0.9811856585019524,
          "monthlyBoxRangePct": 0.10580679086538461,
          "monthlyBoxState": "box_upper",
          "monthlyBoxWild": false,
          "monthlyBreakoutDownProb": 0.1736319601526264,
          "monthlyBreakoutUpProb": 0.7451902118034135,
          "monthlyRangePos": 1.0,
          "monthlyRangeProb": 0.1692153905910846,
          "monthlyRangeWidth": 0.30793748714785113,
          "monthlyRegimeAligned": null,
          "weeklyBreakoutDownProb": 0.36994796761130533,
          "weeklyBreakoutUpProb": 0.6165221067539617,
          "weeklyRangeProb": 0.47952181389136506,
          "weeklyRegimeAligned": null
        },
        "frameState": "BULLISH",
        "revRisk": 0.36994796761130533,
        "ticker": "1001",
        "upProb": 0.7451902118034135
      },
      {
        "frameSignals": {
          "effectiveRevRisk": 0.3596037347245062,
          "effectiveUpProb": 0.6551801422312085,
          "frameState": "BULLISH",
          "monthlyBoxMonths": 5.0,
          "monthlyBoxPos": 0.9246861924686193,
          "monthlyBoxRangePct": 0.13052976515565265,
          "monthlyBoxState": "box_upper",
          "monthlyBoxWild": false,
          "monthlyBreakoutDownProb": 0.2408706952566602,
          "monthlyBreakoutUpProb": 0.5908706952566601,
          "monthlyRangePos": 1.0,
          "monthlyRangeProb": 0.2846653671215075,
          "monthlyRangeWidth": 0.25292397660818716,
          "monthlyRegimeAligned": null,
          "weeklyBreakoutDownProb": 0.3596037347245062,
          "weeklyBreakoutUpProb": 0.6551801422312085,
          "weeklyRangeProb": 0.4472504288762199,
          "weeklyRegimeAligned": null
        },
        "frameState": "BULLISH",
        "revRisk": 0.3596037347245062,
        "ticker": "1306",
        "upProb": 0.6551801422312085
      }
    ],
    "sell": [
      {
        "frameSignals": {
          "effectiveRevRisk": 0.3596037347245062,
          "effectiveUpProb": 0.6551801422312085,
          "frameState": "BULLISH",
          "monthlyBoxMonths": 5.0,
          "monthlyBoxPos": 0.9246861924686193,
          "monthlyBoxRangePct": 0.13052976515565265,
          "monthlyBoxState": "box_upper",
          "monthlyBoxWild": false,
          "monthlyBreakoutDownProb": 0.2408706952566602,
          "monthlyBreakoutUpProb": 0.5908706952566601,
          "monthlyRangePos": 1.0,
          "monthlyRangeProb": 0.2846653671215075,
          "monthlyRangeWidth": 0.25292397660818716,
          "monthlyRegimeAligned": null,
          "weeklyBreakoutDownProb": 0.3596037347245062,
          "weeklyBreakoutUpProb": 0.6551801422312085,
          "weeklyRangeProb": 0.4472504288762199,
          "weeklyRegimeAligned": null
        },
        "frameState": "BULLISH",
        "revRisk": 0.3596037347245062,
        "ticker": "1306",
        "upProb": 0.6551801422312085
      },
      {
        "frameSignals": {
          "effectiveRevRisk": 0.3602296942383773,
          "effectiveUpProb": 0.7217232890201871,
          "frameState": "BULLISH",
          "monthlyBoxMonths": 5.0,
          "monthlyBoxPos": 0.9444444444444444,
          "monthlyBoxRangePct": 0.12921038100496962,
          "monthlyBoxState": "box_upper",
          "monthlyBoxWild": false,
          "monthlyBreakoutDownProb": 0.24248864817550195,
          "monthlyBreakoutUpProb": 0.7217232890201871,
          "monthlyRangePos": 1.0,
          "monthlyRangeProb": 0.2841156518409103,
          "monthlyRangeWidth": 0.2516001969473166,
          "monthlyRegimeAligned": null,
          "weeklyBreakoutDownProb": 0.3602296942383773,
          "weeklyBreakoutUpProb": 0.6534729374816206,
          "weeklyRangeProb": 0.44894467550039185,
          "weeklyRegimeAligned": null
        },
        "frameState": "BULLISH",
        "revRisk": 0.3602296942383773,
        "ticker": "1308",
        "upProb": 0.7217232890201871
      },
      {
        "frameSignals": {
          "effectiveRevRisk": 0.36994796761130533,
          "effectiveUpProb": 0.7451902118034135,
          "frameState": "BULLISH",
          "monthlyBoxMonths": 5.0,
          "monthlyBoxPos": 0.9811856585019524,
          "monthlyBoxRangePct": 0.10580679086538461,
          "monthlyBoxState": "box_upper",
          "monthlyBoxWild": false,
          "monthlyBreakoutDownProb": 0.1736319601526264,
          "monthlyBreakoutUpProb": 0.7451902118034135,
          "monthlyRangePos": 1.0,
          "monthlyRangeProb": 0.1692153905910846,
          "monthlyRangeWidth": 0.30793748714785113,
          "monthlyRegimeAligned": null,
          "weeklyBreakoutDownProb": 0.36994796761130533,
          "weeklyBreakoutUpProb": 0.6165221067539617,
          "weeklyRangeProb": 0.47952181389136506,
          "weeklyRegimeAligned": null
        },
        "frameState": "BULLISH",
        "revRisk": 0.36994796761130533,
        "ticker": "1001",
        "upProb": 0.7451902118034135
      }
    ]
  },
  "stage": {
    "goal20Reached": false,
    "goal30Reached": false,
    "stage2Active": false
  }
}