{
  "actions": [],
  "asOf": "2007-12-03",
  "checks": {
    "exposureOk": true,
    "lossLimitOk": true,
    "maxHoldingsOk": true,
    "noFutureLeakOk": true,
    "unitRuleOk": true
  },
  "mode": "BACKTEST",
  "policyVersion": "toredex.v8",
  "seasonId": "toredex_multiframe_20260318",
  "signals": {
    "buy": [
      {
        "frameSignals": {
          "effectiveRevRisk": 0.7225957896807831,
          "effectiveUpProb": 0.4142874036699056,
          "frameState": "BEARISH",
          "monthlyBoxMonths": 14.0,
          "monthlyBoxPos": 0.019455252918287938,
          "monthlyBoxRangePct": 0.1659134925758554,
          "monthlyBoxState": "box_lower",
          "monthlyBoxWild": false,
          "monthlyBreakoutDownProb": 0.7225957896807831,
          "monthlyBreakoutUpProb": 0.3865400127883528,
          "monthlyRangePos": 0.0199203187250996,
          "monthlyRangeProb": 0.46252447002115005,
          "monthlyRangeWidth": 0.13944444444444445,
          "monthlyRegimeAligned": null,
          "weeklyBreakoutDownProb": 0.5743169021949793,
          "weeklyBreakoutUpProb": 0.4142874036699056,
          "weeklyRangeProb": 0.5673275913041764,
          "weeklyRegimeAligned": null
        },
        "frameState": "BEARISH",
        "revRisk": 0.7225957896807831,
        "ticker": "1306",
        "upProb": 0.4142874036699056
      },
      {
        "frameSignals": {
          "effectiveRevRisk": 0.7290493450123614,
          "effectiveUpProb": 0.41751452254106136,
          "frameState": "BEARISH",
          "monthlyBoxMonths": 14.0,
          "monthlyBoxPos": 0.003875968992248062,
          "monthlyBoxRangePct": 0.16688227684346701,
          "monthlyBoxState": "box_lower",
          "monthlyBoxWild": false,
          "monthlyBreakoutDownProb": 0.7290493450123614,
          "monthlyBreakoutUpProb": 0.3818605899922812,
          "monthlyRangePos": 0.004016064257028112,
          "monthlyRangeProb": 0.4524398429372085,
          "monthlyRangeWidth": 0.13871866295264623,
          "monthlyRegimeAligned": null,
          "weeklyBreakoutDownProb": 0.5692844340454861,
          "weeklyBreakoutUpProb": 0.41751452254106136,
          "weeklyRangeProb": 0.5745203810239896,
          "weeklyRegimeAligned": null
        },
        "frameState": "BEARISH",
        "revRisk": 0.7290493450123614,
        "ticker": "1308",
        "upProb": 0.41751452254106136
      },
      {
        "frameSignals": {
          "effectiveRevRisk": 0.7385140142817888,
          "effectiveUpProb": 0.4082455314901168,
          "frameState": "BEARISH",
          "monthlyBoxMonths": 14.0,
          "monthlyBoxPos": 0.0,
          "monthlyBoxRangePct": 0.16067315075505503,
          "monthlyBoxState": "box_lower",
          "monthlyBoxWild": false,
          "monthlyBreakoutDownProb": 0.7385140142817888,
          "monthlyBreakoutUpProb": 0.38436860611852347,
          "monthlyRangePos": 0.0,
          "monthlyRangeProb": 0.437672174577921,
          "monthlyRangeWidth": 0.1355165949939354,
          "monthlyRegimeAligned": null,
          "weeklyBreakoutDownProb": 0.5927529941766839,
          "weeklyBreakoutUpProb": 0.4082455314901168,
          "weeklyRangeProb": 0.5501734842983605,
          "weeklyRegimeAligned": null
        },
        "frameState": "BEARISH",
        "revRisk": 0.7385140142817888,
        "ticker": "1001",
        "upProb": 0.4082455314901168
      }
    ],
    "sell": [
      {
        "frameSignals": {
          "effectiveRevRisk": 0.7385140142817888,
          "effectiveUpProb": 0.5927529941766839,
          "frameState": "BEARISH",
          "monthlyBoxMonths": 14.0,
          "monthlyBoxPos": 0.0,
          "monthlyBoxRangePct": 0.16067315075505503,
          "monthlyBoxState": "box_lower",
          "monthlyBoxWild": false,
          "monthlyBreakoutDownProb": 0.7385140142817888,
          "monthlyBreakoutUpProb": 0.38436860611852347,
          "monthlyRangePos": 0.0,
          "monthlyRangeProb": 0.437672174577921,
          "monthlyRangeWidth": 0.1355165949939354,
          "monthlyRegimeAligned": null,
          "weeklyBreakoutDownProb": 0.5927529941766839,
          "weeklyBreakoutUpProb": 0.4082455314901168,
          "weeklyRangeProb": 0.5501734842983605,
          "weeklyRegimeAligned": null
        },
        "frameState": "BEARISH",
        "revRisk": 0.7385140142817888,
        "ticker": "1001",
        "upProb": 0.5927529941766839
      },
      {
        "frameSignals": {
          "effectiveRevRisk": 0.7290493450123614,
          "effectiveUpProb": 0.5692844340454861,
          "frameState": "BEARISH",
          "monthlyBoxMonths": 14.0,
          "monthlyBoxPos": 0.003875968992248062,
          "monthlyBoxRangePct": 0.16688227684346701,
          "monthlyBoxState": "box_lower",
          "monthlyBoxWild": false,
          "monthlyBreakoutDownProb": 0.7290493450123614,
          "monthlyBreakoutUpProb": 0.3818605899922812,
          "monthlyRangePos": 0.004016064257028112,
          "monthlyRangeProb": 0.4524398429372085,
          "monthlyRangeWidth": 0.13871866295264623,
          "monthlyRegimeAligned": null,
          "weeklyBreakoutDownProb": 0.5692844340454861,
          "weeklyBreakoutUpProb": 0.41751452254106136,
          "weeklyRangeProb": 0.5745203810239896,
          "weeklyRegimeAligned": null
        },
        "frameState": "BEARISH",
        "revRisk": 0.7290493450123614,
        "ticker": "1308",
        "upProb": 0.5692844340454861
      },
      {
        "frameSignals": {
          "effectiveRevRisk": 0.7225957896807831,
          "effectiveUpProb": 0.5743169021949793,
          "frameState": "BEARISH",
          "monthlyBoxMonths": 14.0,
          "monthlyBoxPos": 0.019455252918287938,
          "monthlyBoxRangePct": 0.1659134925758554,
          "monthlyBoxState": "box_lower",
          "monthlyBoxWild": false,
          "monthlyBreakoutDownProb": 0.7225957896807831,
          "monthlyBreakoutUpProb": 0.3865400127883528,
          "monthlyRangePos": 0.0199203187250996,
          "monthlyRangeProb": 0.46252447002115005,
          "monthlyRangeWidth": 0.13944444444444445,
          "monthlyRegimeAligned": null,
          "weeklyBreakoutDownProb": 0.5743169021949793,
          "weeklyBreakoutUpProb": 0.4142874036699056,
          "weeklyRangeProb": 0.5673275913041764,
          "weeklyRegimeAligned": null
        },
        "frameState": "BEARISH",
        "revRisk": 0.7225957896807831,
        "ticker": "1306",
        "upProb": 0.5743169021949793
      }
    ]
  },
  "stage": {
    "goal20Reached": false,
    "goal30Reached": false,
    "stage2Active": false
  }
}