{
  "actions": [],
  "asOf": "2019-09-24",
  "checks": {
    "exposureOk": true,
    "lossLimitOk": true,
    "maxHoldingsOk": true,
    "noFutureLeakOk": true,
    "unitRuleOk": true
  },
  "mode": "BACKTEST",
  "policyVersion": "toredex.v8",
  "seasonId": "toredex_multiframe_20260318",
  "signals": {
    "buy": [
      {
        "frameSignals": {
          "effectiveRevRisk": 0.5590593133622668,
          "effectiveUpProb": 0.7127211726501248,
          "frameState": "BULLISH",
          "monthlyBoxMonths": 11.0,
          "monthlyBoxPos": 0.673728813559322,
          "monthlyBoxRangePct": 0.15660252156602522,
          "monthlyBoxState": "box_mid",
          "monthlyBoxWild": false,
          "monthlyBreakoutDownProb": 0.5590593133622668,
          "monthlyBreakoutUpProb": 0.46225080272396885,
          "monthlyRangePos": 0.3617021276595745,
          "monthlyRangeProb": 0.6498747397762958,
          "monthlyRangeWidth": 0.17537313432835822,
          "monthlyRegimeAligned": null,
          "weeklyBreakoutDownProb": 0.4984787484077005,
          "weeklyBreakoutUpProb": 0.7127211726501248,
          "weeklyRangeProb": 0.6446484382008361,
          "weeklyRegimeAligned": null
        },
        "frameState": "BULLISH",
        "revRisk": 0.5590593133622668,
        "ticker": "1306",
        "upProb": 0.7127211726501248
      },
      {
        "frameSignals": {
          "effectiveRevRisk": 0.5572923257407993,
          "effectiveUpProb": 0.703094423010741,
          "frameState": "BULLISH",
          "monthlyBoxMonths": 11.0,
          "monthlyBoxPos": 0.676595744680851,
          "monthlyBoxRangePct": 0.15782404298186703,
          "monthlyBoxState": "box_mid",
          "monthlyBoxWild": false,
          "monthlyBreakoutDownProb": 0.5572923257407993,
          "monthlyBreakoutUpProb": 0.4620323869028788,
          "monthlyRangePos": 0.363914373088685,
          "monthlyRangeProb": 0.6502501186333438,
          "monthlyRangeWidth": 0.17618534482758622,
          "monthlyRegimeAligned": null,
          "weeklyBreakoutDownProb": 0.5058216957380137,
          "weeklyBreakoutUpProb": 0.703094423010741,
          "weeklyRangeProb": 0.6602686156242642,
          "weeklyRegimeAligned": null
        },
        "frameState": "BULLISH",
        "revRisk": 0.5572923257407993,
        "ticker": "1308",
        "upProb": 0.703094423010741
      },
      {
        "frameSignals": {
          "effectiveRevRisk": 0.5142959814411373,
          "effectiveUpProb": 0.764913757057659,
          "frameState": "BULLISH",
          "monthlyBoxMonths": 11.0,
          "monthlyBoxPos": 0.8214525891055817,
          "monthlyBoxRangePct": 0.1513100992113966,
          "monthlyBoxState": "box_upper",
          "monthlyBoxWild": false,
          "monthlyBreakoutDownProb": 0.5142959814411373,
          "monthlyBreakoutUpProb": 0.519580930296471,
          "monthlyRangePos": 0.5075499269361909,
          "monthlyRangeProb": 0.7488241353532531,
          "monthlyRangeWidth": 0.17023217247097844,
          "monthlyRegimeAligned": null,
          "weeklyBreakoutDownProb": 0.48301158314461556,
          "weeklyBreakoutUpProb": 0.764913757057659,
          "weeklyRangeProb": 0.5986900725701187,
          "weeklyRegimeAligned": null
        },
        "frameState": "BULLISH",
        "revRisk": 0.5142959814411373,
        "ticker": "1001",
        "upProb": 0.764913757057659
      }
    ],
    "sell": [
      {
        "frameSignals": {
          "effectiveRevRisk": 0.5572923257407993,
          "effectiveUpProb": 0.703094423010741,
          "frameState": "BULLISH",
          "monthlyBoxMonths": 11.0,
          "monthlyBoxPos": 0.676595744680851,
          "monthlyBoxRangePct": 0.15782404298186703,
          "monthlyBoxState": "box_mid",
          "monthlyBoxWild": false,
          "monthlyBreakoutDownProb": 0.5572923257407993,
          "monthlyBreakoutUpProb": 0.4620323869028788,
          "monthlyRangePos": 0.363914373088685,
          "monthlyRangeProb": 0.6502501186333438,
          "monthlyRangeWidth": 0.17618534482758622,
          "monthlyRegimeAligned": null,
          "weeklyBreakoutDownProb": 0.5058216957380137,
          "weeklyBreakoutUpProb": 0.703094423010741,
          "weeklyRangeProb": 0.6602686156242642,
          "weeklyRegimeAligned": null
        },
        "frameState": "BULLISH",
        "revRisk": 0.5572923257407993,
        "ticker": "1308",
        "upProb": 0.703094423010741
      },
      {
        "frameSignals": {
          "effectiveRevRisk": 0.5590593133622668,
          "effectiveUpProb": 0.7127211726501248,
          "frameState": "BULLISH",
          "monthlyBoxMonths": 11.0,
          "monthlyBoxPos": 0.673728813559322,
          "monthlyBoxRangePct": 0.15660252156602522,
          "monthlyBoxState": "box_mid",
          "monthlyBoxWild": false,
          "monthlyBreakoutDownProb": 0.5590593133622668,
          "monthlyBreakoutUpProb": 0.46225080272396885,
          "monthlyRangePos": 0.3617021276595745,
          "monthlyRangeProb": 0.6498747397762958,
          "monthlyRangeWidth": 0.17537313432835822,
          "monthlyRegimeAligned": null,
          "weeklyBreakoutDownProb": 0.4984787484077005,
          "weeklyBreakoutUpProb": 0.7127211726501248,
          "weeklyRangeProb": 0.6446484382008361,
          "weeklyRegimeAligned": null
        },
        "frameState": "BULLISH",
        "revRisk": 0.5590593133622668,
        "ticker": "1306",
        "upProb": 0.7127211726501248
      },
      {
        "frameSignals": {
          "effectiveRevRisk": 0.5142959814411373,
          "effectiveUpProb": 0.764913757057659,
          "frameState": "BULLISH",
          "monthlyBoxMonths": 11.0,
          "monthlyBoxPos": 0.8214525891055817,
          "monthlyBoxRangePct": 0.1513100992113966,
          "monthlyBoxState": "box_upper",
          "monthlyBoxWild": false,
          "monthlyBreakoutDownProb": 0.5142959814411373,
          "monthlyBreakoutUpProb": 0.519580930296471,
          "monthlyRangePos": 0.5075499269361909,
          "monthlyRangeProb": 0.7488241353532531,
          "monthlyRangeWidth": 0.17023217247097844,
          "monthlyRegimeAligned": null,
          "weeklyBreakoutDownProb": 0.48301158314461556,
          "weeklyBreakoutUpProb": 0.764913757057659,
          "weeklyRangeProb": 0.5986900725701187,
          "weeklyRegimeAligned": null
        },
        "frameState": "BULLISH",
        "revRisk": 0.5142959814411373,
        "ticker": "1001",
        "upProb": 0.764913757057659
      }
    ]
  },
  "stage": {
    "goal20Reached": false,
    "goal30Reached": false,
    "stage2Active": false
  }
}