{
  "actions": [],
  "asOf": "2007-08-10",
  "checks": {
    "exposureOk": true,
    "lossLimitOk": true,
    "maxHoldingsOk": true,
    "noFutureLeakOk": true,
    "unitRuleOk": true
  },
  "mode": "BACKTEST",
  "policyVersion": "toredex.v8",
  "seasonId": "toredex_multiframe_20260318",
  "signals": {
    "buy": [
      {
        "frameSignals": {
          "effectiveRevRisk": 0.8314563081420722,
          "effectiveUpProb": 0.5253547720540787,
          "frameState": "BEARISH",
          "monthlyBoxMonths": 14.0,
          "monthlyBoxPos": 0.5003633720930233,
          "monthlyBoxRangePct": 0.17885227789692598,
          "monthlyBoxState": "box_mid",
          "monthlyBoxWild": false,
          "monthlyBreakoutDownProb": 0.6536242897069877,
          "monthlyBreakoutUpProb": 0.5253547720540787,
          "monthlyRangePos": 0.3167578319244157,
          "monthlyRangeProb": 0.7115817461149938,
          "monthlyRangeWidth": 0.11087220200683648,
          "monthlyRegimeAligned": null,
          "weeklyBreakoutDownProb": 0.8314563081420722,
          "weeklyBreakoutUpProb": 0.4656279319126123,
          "weeklyRangeProb": 0.4869740509788839,
          "weeklyRegimeAligned": null
        },
        "frameState": "BEARISH",
        "revRisk": 0.8314563081420722,
        "ticker": "1001",
        "upProb": 0.5253547720540787
      },
      {
        "frameSignals": {
          "effectiveRevRisk": 0.8430107195431467,
          "effectiveUpProb": 0.4876139799538129,
          "frameState": "BEARISH",
          "monthlyBoxMonths": 14.0,
          "monthlyBoxPos": 0.3291139240506329,
          "monthlyBoxRangePct": 0.15124441608168473,
          "monthlyBoxState": "box_mid",
          "monthlyBoxWild": false,
          "monthlyBreakoutDownProb": 0.7145370568768898,
          "monthlyBreakoutUpProb": 0.4876139799538129,
          "monthlyRangePos": 0.17582417582417584,
          "monthlyRangeProb": 0.6266207175677928,
          "monthlyRangeWidth": 0.10139275766016713,
          "monthlyRegimeAligned": null,
          "weeklyBreakoutDownProb": 0.8430107195431467,
          "weeklyBreakoutUpProb": 0.4684278828327772,
          "weeklyRangeProb": 0.45526524196089513,
          "weeklyRegimeAligned": null
        },
        "frameState": "BEARISH",
        "revRisk": 0.8430107195431467,
        "ticker": "1308",
        "upProb": 0.4876139799538129
      },
      {
        "frameSignals": {
          "effectiveRevRisk": 0.850477863509323,
          "effectiveUpProb": 0.47930871018348,
          "frameState": "BEARISH",
          "monthlyBoxMonths": 14.0,
          "monthlyBoxPos": 0.2920353982300885,
          "monthlyBoxRangePct": 0.14303797468354432,
          "monthlyBoxState": "box_mid",
          "monthlyBoxWild": false,
          "monthlyBreakoutDownProb": 0.7248888206807176,
          "monthlyBreakoutUpProb": 0.47930871018348,
          "monthlyRangePos": 0.14917127071823205,
          "monthlyRangeProb": 0.6091729759225155,
          "monthlyRangeWidth": 0.10055555555555555,
          "monthlyRegimeAligned": null,
          "weeklyBreakoutDownProb": 0.850477863509323,
          "weeklyBreakoutUpProb": 0.4700984918436442,
          "weeklyRangeProb": 0.43405345824341,
          "weeklyRegimeAligned": null
        },
        "frameState": "BEARISH",
        "revRisk": 0.850477863509323,
        "ticker": "1306",
        "upProb": 0.47930871018348
      }
    ],
    "sell": [
      {
        "frameSignals": {
          "effectiveRevRisk": 0.850477863509323,
          "effectiveUpProb": 0.850477863509323,
          "frameState": "BEARISH",
          "monthlyBoxMonths": 14.0,
          "monthlyBoxPos": 0.2920353982300885,
          "monthlyBoxRangePct": 0.14303797468354432,
          "monthlyBoxState": "box_mid",
          "monthlyBoxWild": false,
          "monthlyBreakoutDownProb": 0.7248888206807176,
          "monthlyBreakoutUpProb": 0.47930871018348,
          "monthlyRangePos": 0.14917127071823205,
          "monthlyRangeProb": 0.6091729759225155,
          "monthlyRangeWidth": 0.10055555555555555,
          "monthlyRegimeAligned": null,
          "weeklyBreakoutDownProb": 0.850477863509323,
          "weeklyBreakoutUpProb": 0.4700984918436442,
          "weeklyRangeProb": 0.43405345824341,
          "weeklyRegimeAligned": null
        },
        "frameState": "BEARISH",
        "revRisk": 0.850477863509323,
        "ticker": "1306",
        "upProb": 0.850477863509323
      },
      {
        "frameSignals": {
          "effectiveRevRisk": 0.8430107195431467,
          "effectiveUpProb": 0.8430107195431467,
          "frameState": "BEARISH",
          "monthlyBoxMonths": 14.0,
          "monthlyBoxPos": 0.3291139240506329,
          "monthlyBoxRangePct": 0.15124441608168473,
          "monthlyBoxState": "box_mid",
          "monthlyBoxWild": false,
          "monthlyBreakoutDownProb": 0.7145370568768898,
          "monthlyBreakoutUpProb": 0.4876139799538129,
          "monthlyRangePos": 0.17582417582417584,
          "monthlyRangeProb": 0.6266207175677928,
          "monthlyRangeWidth": 0.10139275766016713,
          "monthlyRegimeAligned": null,
          "weeklyBreakoutDownProb": 0.8430107195431467,
          "weeklyBreakoutUpProb": 0.4684278828327772,
          "weeklyRangeProb": 0.45526524196089513,
          "weeklyRegimeAligned": null
        },
        "frameState": "BEARISH",
        "revRisk": 0.8430107195431467,
        "ticker": "1308",
        "upProb": 0.8430107195431467
      },
      {
        "frameSignals": {
          "effectiveRevRisk": 0.8314563081420722,
          "effectiveUpProb": 0.8314563081420722,
          "frameState": "BEARISH",
          "monthlyBoxMonths": 14.0,
          "monthlyBoxPos": 0.5003633720930233,
          "monthlyBoxRangePct": 0.17885227789692598,
          "monthlyBoxState": "box_mid",
          "monthlyBoxWild": false,
          "monthlyBreakoutDownProb": 0.6536242897069877,
          "monthlyBreakoutUpProb": 0.5253547720540787,
          "monthlyRangePos": 0.3167578319244157,
          "monthlyRangeProb": 0.7115817461149938,
          "monthlyRangeWidth": 0.11087220200683648,
          "monthlyRegimeAligned": null,
          "weeklyBreakoutDownProb": 0.8314563081420722,
          "weeklyBreakoutUpProb": 0.4656279319126123,
          "weeklyRangeProb": 0.4869740509788839,
          "weeklyRegimeAligned": null
        },
        "frameState": "BEARISH",
        "revRisk": 0.8314563081420722,
        "ticker": "1001",
        "upProb": 0.8314563081420722
      }
    ]
  },
  "stage": {
    "goal20Reached": false,
    "goal30Reached": false,
    "stage2Active": false
  }
}