{
  "asOf": "2025-10-04",
  "cash": 973653.447145,
  "cum_pnl": -26346.552855,
  "cum_return_pct": -0.263466,
  "daily_pnl": 0.0,
  "equity": 9973653.447145,
  "game_over": false,
  "goal20_reached": false,
  "goal30_reached": false,
  "holdings_count": 3,
  "max_drawdown_pct": -0.696896,
  "season_id": "tradex_demo_202510_v4"
}