{
  "actions": [],
  "asOf": "2015-08-05",
  "checks": {
    "exposureOk": true,
    "lossLimitOk": true,
    "maxHoldingsOk": true,
    "noFutureLeakOk": true,
    "unitRuleOk": true
  },
  "mode": "BACKTEST",
  "policyVersion": "toredex.v8",
  "seasonId": "toredex_multiframe_20260318",
  "signals": {
    "buy": [
      {
        "frameSignals": {
          "effectiveRevRisk": 0.4934588203097331,
          "effectiveUpProb": 0.7851254869763997,
          "frameState": "BULLISH",
          "monthlyBoxMonths": 9.0,
          "monthlyBoxPos": 1.0,
          "monthlyBoxRangePct": 0.18984126984126984,
          "monthlyBoxState": "box_upper",
          "monthlyBoxWild": false,
          "monthlyBreakoutDownProb": 0.24356867190241008,
          "monthlyBreakoutUpProb": 0.7249307748360456,
          "monthlyRangePos": 1.0,
          "monthlyRangeProb": 0.2808099209240817,
          "monthlyRangeWidth": 0.2507165411707554,
          "monthlyRegimeAligned": null,
          "weeklyBreakoutDownProb": 0.4934588203097331,
          "weeklyBreakoutUpProb": 0.7851254869763997,
          "weeklyRangeProb": 0.60704224218423,
          "weeklyRegimeAligned": null
        },
        "frameState": "BULLISH",
        "revRisk": 0.4934588203097331,
        "ticker": "1001",
        "upProb": 0.7851254869763997
      },
      {
        "frameSignals": {
          "effectiveRevRisk": 0.5563160296019908,
          "effectiveUpProb": 0.7134026437752192,
          "frameState": "BULLISH",
          "monthlyBoxMonths": 6.0,
          "monthlyBoxPos": 0.84375,
          "monthlyBoxRangePct": 0.10243277848911651,
          "monthlyBoxState": "box_upper",
          "monthlyBoxWild": false,
          "monthlyBreakoutDownProb": 0.2674204392317147,
          "monthlyBreakoutUpProb": 0.5764368326743377,
          "monthlyRangePos": 0.9414519906323185,
          "monthlyRangeProb": 0.3328083581382262,
          "monthlyRangeWidth": 0.24796747967479674,
          "monthlyRegimeAligned": null,
          "weeklyBreakoutDownProb": 0.5563160296019908,
          "weeklyBreakoutUpProb": 0.7134026437752192,
          "weeklyRangeProb": 0.736383511004214,
          "weeklyRegimeAligned": null
        },
        "frameState": "BULLISH",
        "revRisk": 0.5563160296019908,
        "ticker": "1306",
        "upProb": 0.7134026437752192
      },
      {
        "frameSignals": {
          "effectiveRevRisk": 0.561141679707877,
          "effectiveUpProb": 0.7095416797078768,
          "frameState": "BULLISH",
          "monthlyBoxMonths": 6.0,
          "monthlyBoxPos": 0.8417721518987342,
          "monthlyBoxRangePct": 0.10219922380336352,
          "monthlyBoxState": "box_upper",
          "monthlyBoxWild": false,
          "monthlyBreakoutDownProb": 0.2672818233276729,
          "monthlyBreakoutUpProb": 0.5759106649352379,
          "monthlyRangePos": 0.9408983451536643,
          "monthlyRangeProb": 0.33280308327506414,
          "monthlyRangeWidth": 0.2482394366197183,
          "monthlyRegimeAligned": null,
          "weeklyBreakoutDownProb": 0.561141679707877,
          "weeklyBreakoutUpProb": 0.7095416797078768,
          "weeklyRangeProb": 0.7456401669274909,
          "weeklyRegimeAligned": null
        },
        "frameState": "BULLISH",
        "revRisk": 0.561141679707877,
        "ticker": "1308",
        "upProb": 0.7095416797078768
      }
    ],
    "sell": [
      {
        "frameSignals": {
          "effectiveRevRisk": 0.561141679707877,
          "effectiveUpProb": 0.7095416797078768,
          "frameState": "BULLISH",
          "monthlyBoxMonths": 6.0,
          "monthlyBoxPos": 0.8417721518987342,
          "monthlyBoxRangePct": 0.10219922380336352,
          "monthlyBoxState": "box_upper",
          "monthlyBoxWild": false,
          "monthlyBreakoutDownProb": 0.2672818233276729,
          "monthlyBreakoutUpProb": 0.5759106649352379,
          "monthlyRangePos": 0.9408983451536643,
          "monthlyRangeProb": 0.33280308327506414,
          "monthlyRangeWidth": 0.2482394366197183,
          "monthlyRegimeAligned": null,
          "weeklyBreakoutDownProb": 0.561141679707877,
          "weeklyBreakoutUpProb": 0.7095416797078768,
          "weeklyRangeProb": 0.7456401669274909,
          "weeklyRegimeAligned": null
        },
        "frameState": "BULLISH",
        "revRisk": 0.561141679707877,
        "ticker": "1308",
        "upProb": 0.7095416797078768
      },
      {
        "frameSignals": {
          "effectiveRevRisk": 0.5563160296019908,
          "effectiveUpProb": 0.7134026437752192,
          "frameState": "BULLISH",
          "monthlyBoxMonths": 6.0,
          "monthlyBoxPos": 0.84375,
          "monthlyBoxRangePct": 0.10243277848911651,
          "monthlyBoxState": "box_upper",
          "monthlyBoxWild": false,
          "monthlyBreakoutDownProb": 0.2674204392317147,
          "monthlyBreakoutUpProb": 0.5764368326743377,
          "monthlyRangePos": 0.9414519906323185,
          "monthlyRangeProb": 0.3328083581382262,
          "monthlyRangeWidth": 0.24796747967479674,
          "monthlyRegimeAligned": null,
          "weeklyBreakoutDownProb": 0.5563160296019908,
          "weeklyBreakoutUpProb": 0.7134026437752192,
          "weeklyRangeProb": 0.736383511004214,
          "weeklyRegimeAligned": null
        },
        "frameState": "BULLISH",
        "revRisk": 0.5563160296019908,
        "ticker": "1306",
        "upProb": 0.7134026437752192
      },
      {
        "frameSignals": {
          "effectiveRevRisk": 0.4934588203097331,
          "effectiveUpProb": 0.7851254869763997,
          "frameState": "BULLISH",
          "monthlyBoxMonths": 9.0,
          "monthlyBoxPos": 1.0,
          "monthlyBoxRangePct": 0.18984126984126984,
          "monthlyBoxState": "box_upper",
          "monthlyBoxWild": false,
          "monthlyBreakoutDownProb": 0.24356867190241008,
          "monthlyBreakoutUpProb": 0.7249307748360456,
          "monthlyRangePos": 1.0,
          "monthlyRangeProb": 0.2808099209240817,
          "monthlyRangeWidth": 0.2507165411707554,
          "monthlyRegimeAligned": null,
          "weeklyBreakoutDownProb": 0.4934588203097331,
          "weeklyBreakoutUpProb": 0.7851254869763997,
          "weeklyRangeProb": 0.60704224218423,
          "weeklyRegimeAligned": null
        },
        "frameState": "BULLISH",
        "revRisk": 0.4934588203097331,
        "ticker": "1001",
        "upProb": 0.7851254869763997
      }
    ]
  },
  "stage": {
    "goal20Reached": false,
    "goal30Reached": false,
    "stage2Active": false
  }
}