{
  "actions": [],
  "asOf": "2024-05-17",
  "checks": {
    "exposureOk": true,
    "lossLimitOk": true,
    "maxHoldingsOk": true,
    "noFutureLeakOk": true,
    "unitRuleOk": true
  },
  "mode": "BACKTEST",
  "policyVersion": "toredex.v8",
  "seasonId": "toredex_multiframe_20260318",
  "signals": {
    "buy": [
      {
        "frameSignals": {
          "effectiveRevRisk": 0.38683927242350485,
          "effectiveUpProb": 0.6715850351353692,
          "frameState": "BULLISH",
          "monthlyBoxMonths": 6.0,
          "monthlyBoxPos": 0.9242105263157895,
          "monthlyBoxRangePct": 0.19281510046681552,
          "monthlyBoxState": "box_upper",
          "monthlyBoxWild": false,
          "monthlyBreakoutDownProb": 0.27992284952872887,
          "monthlyBreakoutUpProb": 0.606070997676877,
          "monthlyRangePos": 0.965925925925926,
          "monthlyRangeProb": 0.34057548883698263,
          "monthlyRangeWidth": 0.23072978977952488,
          "monthlyRegimeAligned": null,
          "weeklyBreakoutDownProb": 0.38683927242350485,
          "weeklyBreakoutUpProb": 0.6715850351353692,
          "weeklyRangeProb": 0.48386860084565203,
          "weeklyRegimeAligned": null
        },
        "frameState": "BULLISH",
        "revRisk": 0.38683927242350485,
        "ticker": "1306",
        "upProb": 0.6715850351353692
      },
      {
        "frameSignals": {
          "effectiveRevRisk": 0.38830611183526226,
          "effectiveUpProb": 0.6719268014904347,
          "frameState": "BULLISH",
          "monthlyBoxMonths": 6.0,
          "monthlyBoxPos": 0.927038626609442,
          "monthlyBoxRangePct": 0.1914543960558751,
          "monthlyBoxState": "box_upper",
          "monthlyBoxWild": false,
          "monthlyBreakoutDownProb": 0.28108989754891434,
          "monthlyBreakoutUpProb": 0.6038647666588619,
          "monthlyRangePos": 0.9611069558713538,
          "monthlyRangeProb": 0.3433347051946474,
          "monthlyRangeWidth": 0.23115491009681882,
          "monthlyRegimeAligned": null,
          "weeklyBreakoutDownProb": 0.38830611183526226,
          "weeklyBreakoutUpProb": 0.6719268014904347,
          "weeklyRangeProb": 0.48606239549183033,
          "weeklyRegimeAligned": null
        },
        "frameState": "BULLISH",
        "revRisk": 0.38830611183526226,
        "ticker": "1308",
        "upProb": 0.6719268014904347
      },
      {
        "frameSignals": {
          "effectiveRevRisk": 0.4233846076965043,
          "effectiveUpProb": 0.5775784567179395,
          "frameState": "BULLISH",
          "monthlyBoxMonths": 4.0,
          "monthlyBoxPos": 0.5991806813281587,
          "monthlyBoxRangePct": 0.12880471006443012,
          "monthlyBoxState": "box_mid",
          "monthlyBoxWild": false,
          "monthlyBreakoutDownProb": 0.32025932047264344,
          "monthlyBreakoutUpProb": 0.5538257172763443,
          "monthlyRangePos": 0.8336662811481442,
          "monthlyRangeProb": 0.42612021641161,
          "monthlyRangeWidth": 0.23560157546632318,
          "monthlyRegimeAligned": null,
          "weeklyBreakoutDownProb": 0.4233846076965043,
          "weeklyBreakoutUpProb": 0.5775784567179395,
          "weeklyRangeProb": 0.5804661435870997,
          "weeklyRegimeAligned": null
        },
        "frameState": "BULLISH",
        "revRisk": 0.4233846076965043,
        "ticker": "1001",
        "upProb": 0.5775784567179395
      }
    ],
    "sell": [
      {
        "frameSignals": {
          "effectiveRevRisk": 0.4233846076965043,
          "effectiveUpProb": 0.5775784567179395,
          "frameState": "BULLISH",
          "monthlyBoxMonths": 4.0,
          "monthlyBoxPos": 0.5991806813281587,
          "monthlyBoxRangePct": 0.12880471006443012,
          "monthlyBoxState": "box_mid",
          "monthlyBoxWild": false,
          "monthlyBreakoutDownProb": 0.32025932047264344,
          "monthlyBreakoutUpProb": 0.5538257172763443,
          "monthlyRangePos": 0.8336662811481442,
          "monthlyRangeProb": 0.42612021641161,
          "monthlyRangeWidth": 0.23560157546632318,
          "monthlyRegimeAligned": null,
          "weeklyBreakoutDownProb": 0.4233846076965043,
          "weeklyBreakoutUpProb": 0.5775784567179395,
          "weeklyRangeProb": 0.5804661435870997,
          "weeklyRegimeAligned": null
        },
        "frameState": "BULLISH",
        "revRisk": 0.4233846076965043,
        "ticker": "1001",
        "upProb": 0.5775784567179395
      },
      {
        "frameSignals": {
          "effectiveRevRisk": 0.38830611183526226,
          "effectiveUpProb": 0.6719268014904347,
          "frameState": "BULLISH",
          "monthlyBoxMonths": 6.0,
          "monthlyBoxPos": 0.927038626609442,
          "monthlyBoxRangePct": 0.1914543960558751,
          "monthlyBoxState": "box_upper",
          "monthlyBoxWild": false,
          "monthlyBreakoutDownProb": 0.28108989754891434,
          "monthlyBreakoutUpProb": 0.6038647666588619,
          "monthlyRangePos": 0.9611069558713538,
          "monthlyRangeProb": 0.3433347051946474,
          "monthlyRangeWidth": 0.23115491009681882,
          "monthlyRegimeAligned": null,
          "weeklyBreakoutDownProb": 0.38830611183526226,
          "weeklyBreakoutUpProb": 0.6719268014904347,
          "weeklyRangeProb": 0.48606239549183033,
          "weeklyRegimeAligned": null
        },
        "frameState": "BULLISH",
        "revRisk": 0.38830611183526226,
        "ticker": "1308",
        "upProb": 0.6719268014904347
      },
      {
        "frameSignals": {
          "effectiveRevRisk": 0.38683927242350485,
          "effectiveUpProb": 0.6715850351353692,
          "frameState": "BULLISH",
          "monthlyBoxMonths": 6.0,
          "monthlyBoxPos": 0.9242105263157895,
          "monthlyBoxRangePct": 0.19281510046681552,
          "monthlyBoxState": "box_upper",
          "monthlyBoxWild": false,
          "monthlyBreakoutDownProb": 0.27992284952872887,
          "monthlyBreakoutUpProb": 0.606070997676877,
          "monthlyRangePos": 0.965925925925926,
          "monthlyRangeProb": 0.34057548883698263,
          "monthlyRangeWidth": 0.23072978977952488,
          "monthlyRegimeAligned": null,
          "weeklyBreakoutDownProb": 0.38683927242350485,
          "weeklyBreakoutUpProb": 0.6715850351353692,
          "weeklyRangeProb": 0.48386860084565203,
          "weeklyRegimeAligned": null
        },
        "frameState": "BULLISH",
        "revRisk": 0.38683927242350485,
        "ticker": "1306",
        "upProb": 0.6715850351353692
      }
    ]
  },
  "stage": {
    "goal20Reached": false,
    "goal30Reached": false,
    "stage2Active": false
  }
}