{
  "asOf": "2024-05-07",
  "cash": 14292796.476792,
  "cum_pnl": 6292796.476792,
  "cum_return_pct": 62.927965,
  "daily_pnl": 20348.837209,
  "equity": 16292796.476792,
  "game_over": false,
  "goal20_reached": true,
  "goal30_reached": true,
  "holdings_count": 1,
  "max_drawdown_pct": -6.512792,
  "season_id": "tradex_bt3y_v8_fast_baseline_20260217"
}