{
  "actions": [],
  "asOf": "2005-11-07",
  "checks": {
    "exposureOk": true,
    "lossLimitOk": true,
    "maxHoldingsOk": true,
    "noFutureLeakOk": true,
    "unitRuleOk": true
  },
  "mode": "BACKTEST",
  "policyVersion": "toredex.v8",
  "seasonId": "toredex_multiframe_20260318",
  "signals": {
    "buy": [
      {
        "frameSignals": {
          "effectiveRevRisk": 0.33506629448709,
          "effectiveUpProb": 0.8958548499651082,
          "frameState": "BULLISH",
          "monthlyBoxMonths": 3.0,
          "monthlyBoxPos": 1.0,
          "monthlyBoxRangePct": 0.17523364485981308,
          "monthlyBoxState": "box_upper",
          "monthlyBoxWild": false,
          "monthlyBreakoutDownProb": 0.25177442692864216,
          "monthlyBreakoutUpProb": 0.839945167923235,
          "monthlyRangePos": 1.0,
          "monthlyRangeProb": 0.1262013555707867,
          "monthlyRangeWidth": 0.24400274160383825,
          "monthlyRegimeAligned": null,
          "weeklyBreakoutDownProb": 0.33506629448709,
          "weeklyBreakoutUpProb": 0.8958548499651082,
          "weeklyRangeProb": 0.14476622470341938,
          "weeklyRegimeAligned": null
        },
        "frameState": "BULLISH",
        "revRisk": 0.33506629448709,
        "ticker": "1306",
        "upProb": 0.8958548499651082
      },
      {
        "frameSignals": {
          "effectiveRevRisk": 0.33360936163595367,
          "effectiveUpProb": 0.8938978306508047,
          "frameState": "BULLISH",
          "monthlyBoxMonths": 3.0,
          "monthlyBoxPos": 1.0,
          "monthlyBoxRangePct": 0.17330210772833723,
          "monthlyBoxState": "box_upper",
          "monthlyBoxWild": false,
          "monthlyBreakoutDownProb": 0.25054293798271776,
          "monthlyBreakoutUpProb": 0.840440467997247,
          "monthlyRangePos": 1.0,
          "monthlyRangeProb": 0.12403838800948228,
          "monthlyRangeWidth": 0.24501032346868548,
          "monthlyRegimeAligned": null,
          "weeklyBreakoutDownProb": 0.33360936163595367,
          "weeklyBreakoutUpProb": 0.8938978306508047,
          "weeklyRangeProb": 0.14584013684783456,
          "weeklyRegimeAligned": null
        },
        "frameState": "BULLISH",
        "revRisk": 0.33360936163595367,
        "ticker": "1308",
        "upProb": 0.8938978306508047
      },
      {
        "frameSignals": {
          "effectiveRevRisk": 0.3645146767513056,
          "effectiveUpProb": 0.8491807867982908,
          "frameState": "BULLISH",
          "monthlyBoxMonths": 4.0,
          "monthlyBoxPos": 1.0,
          "monthlyBoxRangePct": 0.18090199042579996,
          "monthlyBoxState": "box_upper",
          "monthlyBoxWild": false,
          "monthlyBreakoutDownProb": 0.3068311365900665,
          "monthlyBreakoutUpProb": 0.8370439511980009,
          "monthlyRangePos": 1.0,
          "monthlyRangeProb": 0.19541297140150587,
          "monthlyRangeWidth": 0.19895634278994562,
          "monthlyRegimeAligned": null,
          "weeklyBreakoutDownProb": 0.3645146767513056,
          "weeklyBreakoutUpProb": 0.8491807867982908,
          "weeklyRangeProb": 0.24624609138385475,
          "weeklyRegimeAligned": null
        },
        "frameState": "BULLISH",
        "revRisk": 0.3645146767513056,
        "ticker": "1001",
        "upProb": 0.8491807867982908
      }
    ],
    "sell": [
      {
        "frameSignals": {
          "effectiveRevRisk": 0.3645146767513056,
          "effectiveUpProb": 0.8491807867982908,
          "frameState": "BULLISH",
          "monthlyBoxMonths": 4.0,
          "monthlyBoxPos": 1.0,
          "monthlyBoxRangePct": 0.18090199042579996,
          "monthlyBoxState": "box_upper",
          "monthlyBoxWild": false,
          "monthlyBreakoutDownProb": 0.3068311365900665,
          "monthlyBreakoutUpProb": 0.8370439511980009,
          "monthlyRangePos": 1.0,
          "monthlyRangeProb": 0.19541297140150587,
          "monthlyRangeWidth": 0.19895634278994562,
          "monthlyRegimeAligned": null,
          "weeklyBreakoutDownProb": 0.3645146767513056,
          "weeklyBreakoutUpProb": 0.8491807867982908,
          "weeklyRangeProb": 0.24624609138385475,
          "weeklyRegimeAligned": null
        },
        "frameState": "BULLISH",
        "revRisk": 0.3645146767513056,
        "ticker": "1001",
        "upProb": 0.8491807867982908
      },
      {
        "frameSignals": {
          "effectiveRevRisk": 0.33360936163595367,
          "effectiveUpProb": 0.8938978306508047,
          "frameState": "BULLISH",
          "monthlyBoxMonths": 3.0,
          "monthlyBoxPos": 1.0,
          "monthlyBoxRangePct": 0.17330210772833723,
          "monthlyBoxState": "box_upper",
          "monthlyBoxWild": false,
          "monthlyBreakoutDownProb": 0.25054293798271776,
          "monthlyBreakoutUpProb": 0.840440467997247,
          "monthlyRangePos": 1.0,
          "monthlyRangeProb": 0.12403838800948228,
          "monthlyRangeWidth": 0.24501032346868548,
          "monthlyRegimeAligned": null,
          "weeklyBreakoutDownProb": 0.33360936163595367,
          "weeklyBreakoutUpProb": 0.8938978306508047,
          "weeklyRangeProb": 0.14584013684783456,
          "weeklyRegimeAligned": null
        },
        "frameState": "BULLISH",
        "revRisk": 0.33360936163595367,
        "ticker": "1308",
        "upProb": 0.8938978306508047
      },
      {
        "frameSignals": {
          "effectiveRevRisk": 0.33506629448709,
          "effectiveUpProb": 0.8958548499651082,
          "frameState": "BULLISH",
          "monthlyBoxMonths": 3.0,
          "monthlyBoxPos": 1.0,
          "monthlyBoxRangePct": 0.17523364485981308,
          "monthlyBoxState": "box_upper",
          "monthlyBoxWild": false,
          "monthlyBreakoutDownProb": 0.25177442692864216,
          "monthlyBreakoutUpProb": 0.839945167923235,
          "monthlyRangePos": 1.0,
          "monthlyRangeProb": 0.1262013555707867,
          "monthlyRangeWidth": 0.24400274160383825,
          "monthlyRegimeAligned": null,
          "weeklyBreakoutDownProb": 0.33506629448709,
          "weeklyBreakoutUpProb": 0.8958548499651082,
          "weeklyRangeProb": 0.14476622470341938,
          "weeklyRegimeAligned": null
        },
        "frameState": "BULLISH",
        "revRisk": 0.33506629448709,
        "ticker": "1306",
        "upProb": 0.8958548499651082
      }
    ]
  },
  "stage": {
    "goal20Reached": false,
    "goal30Reached": false,
    "stage2Active": false
  }
}