{
  "asOf": "2026-01-08",
  "cash": 23435265.629314,
  "cum_pnl": 15435265.629314,
  "cum_return_pct": 154.352656,
  "daily_pnl": 0.0,
  "equity": 25435265.629314,
  "game_over": false,
  "goal20_reached": true,
  "goal30_reached": true,
  "holdings_count": 1,
  "max_drawdown_pct": -6.512792,
  "season_id": "tradex_bt3y_v8_fast_baseline_20260217"
}