{
  "asOf": "2025-10-17",
  "cash": 8391347.280238,
  "cum_pnl": 291347.280238,
  "cum_return_pct": 2.913473,
  "daily_pnl": -100000.0,
  "equity": 10291347.280238,
  "game_over": false,
  "goal20_reached": false,
  "goal30_reached": false,
  "holdings_count": 1,
  "max_drawdown_pct": -1.919775,
  "season_id": "tradex_demo_202510_v12_marketclosed_fix"
}