{
  "actions": [],
  "asOf": "2005-09-13",
  "checks": {
    "exposureOk": true,
    "lossLimitOk": true,
    "maxHoldingsOk": true,
    "noFutureLeakOk": true,
    "unitRuleOk": true
  },
  "mode": "BACKTEST",
  "policyVersion": "toredex.v8",
  "seasonId": "toredex_multiframe_20260318",
  "signals": {
    "buy": [
      {
        "frameSignals": {
          "effectiveRevRisk": 0.4190817478933195,
          "effectiveUpProb": 0.8382246661429693,
          "frameState": "BULLISH",
          "monthlyBoxMonths": 9.0,
          "monthlyBoxPos": 1.0,
          "monthlyBoxRangePct": 0.15236427320490367,
          "monthlyBoxState": "box_upper",
          "monthlyBoxWild": false,
          "monthlyBreakoutDownProb": 0.36565854935847086,
          "monthlyBreakoutUpProb": 0.8382246661429693,
          "monthlyRangePos": 1.0,
          "monthlyRangeProb": 0.26324954176486004,
          "monthlyRangeWidth": 0.15082482325216026,
          "monthlyRegimeAligned": null,
          "weeklyBreakoutDownProb": 0.4190817478933195,
          "weeklyBreakoutUpProb": 0.7798323342889409,
          "weeklyRangeProb": 0.45227608374598216,
          "weeklyRegimeAligned": null
        },
        "frameState": "BULLISH",
        "revRisk": 0.4190817478933195,
        "ticker": "1308",
        "upProb": 0.8382246661429693
      },
      {
        "frameSignals": {
          "effectiveRevRisk": 0.4102903058579575,
          "effectiveUpProb": 0.8380392156862745,
          "frameState": "BULLISH",
          "monthlyBoxMonths": 9.0,
          "monthlyBoxPos": 1.0,
          "monthlyBoxRangePct": 0.15817223198594024,
          "monthlyBoxState": "box_upper",
          "monthlyBoxWild": false,
          "monthlyBreakoutDownProb": 0.37169934640522884,
          "monthlyBreakoutUpProb": 0.8380392156862745,
          "monthlyRangePos": 1.0,
          "monthlyRangeProb": 0.27065359477124185,
          "monthlyRangeWidth": 0.14588235294117646,
          "monthlyRegimeAligned": null,
          "weeklyBreakoutDownProb": 0.4102903058579575,
          "weeklyBreakoutUpProb": 0.7700103680663557,
          "weeklyRangeProb": 0.4460082944530845,
          "weeklyRegimeAligned": null
        },
        "frameState": "BULLISH",
        "revRisk": 0.4102903058579575,
        "ticker": "1306",
        "upProb": 0.8380392156862745
      },
      {
        "frameSignals": {
          "effectiveRevRisk": 0.39557319223985893,
          "effectiveUpProb": 0.8575976798517683,
          "frameState": "BULLISH",
          "monthlyBoxMonths": 10.0,
          "monthlyBoxPos": 1.0,
          "monthlyBoxRangePct": 0.19564411492122336,
          "monthlyBoxState": "box_upper",
          "monthlyBoxWild": false,
          "monthlyBreakoutDownProb": 0.38832362129308884,
          "monthlyBreakoutUpProb": 0.8575976798517683,
          "monthlyRangePos": 1.0,
          "monthlyRangeProb": 0.2623598019996958,
          "monthlyRangeWidth": 0.1322806734874728,
          "monthlyRegimeAligned": null,
          "weeklyBreakoutDownProb": 0.39557319223985893,
          "weeklyBreakoutUpProb": 0.7547001763668431,
          "weeklyRangeProb": 0.4309876543209877,
          "weeklyRegimeAligned": null
        },
        "frameState": "BULLISH",
        "revRisk": 0.39557319223985893,
        "ticker": "1001",
        "upProb": 0.8575976798517683
      }
    ],
    "sell": [
      {
        "frameSignals": {
          "effectiveRevRisk": 0.4102903058579575,
          "effectiveUpProb": 0.8380392156862745,
          "frameState": "BULLISH",
          "monthlyBoxMonths": 9.0,
          "monthlyBoxPos": 1.0,
          "monthlyBoxRangePct": 0.15817223198594024,
          "monthlyBoxState": "box_upper",
          "monthlyBoxWild": false,
          "monthlyBreakoutDownProb": 0.37169934640522884,
          "monthlyBreakoutUpProb": 0.8380392156862745,
          "monthlyRangePos": 1.0,
          "monthlyRangeProb": 0.27065359477124185,
          "monthlyRangeWidth": 0.14588235294117646,
          "monthlyRegimeAligned": null,
          "weeklyBreakoutDownProb": 0.4102903058579575,
          "weeklyBreakoutUpProb": 0.7700103680663557,
          "weeklyRangeProb": 0.4460082944530845,
          "weeklyRegimeAligned": null
        },
        "frameState": "BULLISH",
        "revRisk": 0.4102903058579575,
        "ticker": "1306",
        "upProb": 0.8380392156862745
      },
      {
        "frameSignals": {
          "effectiveRevRisk": 0.4190817478933195,
          "effectiveUpProb": 0.8382246661429693,
          "frameState": "BULLISH",
          "monthlyBoxMonths": 9.0,
          "monthlyBoxPos": 1.0,
          "monthlyBoxRangePct": 0.15236427320490367,
          "monthlyBoxState": "box_upper",
          "monthlyBoxWild": false,
          "monthlyBreakoutDownProb": 0.36565854935847086,
          "monthlyBreakoutUpProb": 0.8382246661429693,
          "monthlyRangePos": 1.0,
          "monthlyRangeProb": 0.26324954176486004,
          "monthlyRangeWidth": 0.15082482325216026,
          "monthlyRegimeAligned": null,
          "weeklyBreakoutDownProb": 0.4190817478933195,
          "weeklyBreakoutUpProb": 0.7798323342889409,
          "weeklyRangeProb": 0.45227608374598216,
          "weeklyRegimeAligned": null
        },
        "frameState": "BULLISH",
        "revRisk": 0.4190817478933195,
        "ticker": "1308",
        "upProb": 0.8382246661429693
      },
      {
        "frameSignals": {
          "effectiveRevRisk": 0.39557319223985893,
          "effectiveUpProb": 0.8575976798517683,
          "frameState": "BULLISH",
          "monthlyBoxMonths": 10.0,
          "monthlyBoxPos": 1.0,
          "monthlyBoxRangePct": 0.19564411492122336,
          "monthlyBoxState": "box_upper",
          "monthlyBoxWild": false,
          "monthlyBreakoutDownProb": 0.38832362129308884,
          "monthlyBreakoutUpProb": 0.8575976798517683,
          "monthlyRangePos": 1.0,
          "monthlyRangeProb": 0.2623598019996958,
          "monthlyRangeWidth": 0.1322806734874728,
          "monthlyRegimeAligned": null,
          "weeklyBreakoutDownProb": 0.39557319223985893,
          "weeklyBreakoutUpProb": 0.7547001763668431,
          "weeklyRangeProb": 0.4309876543209877,
          "weeklyRegimeAligned": null
        },
        "frameState": "BULLISH",
        "revRisk": 0.39557319223985893,
        "ticker": "1001",
        "upProb": 0.8575976798517683
      }
    ]
  },
  "stage": {
    "goal20Reached": false,
    "goal30Reached": false,
    "stage2Active": false
  }
}