{
  "actions": [
    {
      "deltaUnits": -2,
      "reasonId": "X_EXIT_EV_DROP",
      "side": "LONG",
      "ticker": "1306"
    }
  ],
  "asOf": "2009-09-14",
  "checks": {
    "exposureOk": true,
    "lossLimitOk": true,
    "maxHoldingsOk": true,
    "noFutureLeakOk": true,
    "unitRuleOk": true
  },
  "mode": "BACKTEST",
  "policyVersion": "toredex.v8",
  "seasonId": "toredex_multiframe_20260318",
  "signals": {
    "buy": [
      {
        "frameSignals": {
          "effectiveRevRisk": 0.4609605590870228,
          "effectiveUpProb": 0.6847310508903015,
          "frameState": "BULLISH",
          "monthlyBoxMonths": 5.0,
          "monthlyBoxPos": 0.6944444444444444,
          "monthlyBoxRangePct": 0.12471131639722864,
          "monthlyBoxState": "box_mid",
          "monthlyBoxWild": false,
          "monthlyBreakoutDownProb": 0.35419831924020806,
          "monthlyBreakoutUpProb": 0.35212731332304825,
          "monthlyRangePos": 0.4970414201183432,
          "monthlyRangeProb": 0.5584850496884008,
          "monthlyRangeWidth": 0.30423042304230424,
          "monthlyRegimeAligned": null,
          "weeklyBreakoutDownProb": 0.4609605590870228,
          "weeklyBreakoutUpProb": 0.6847310508903015,
          "weeklyRangeProb": 0.596410914092413,
          "weeklyRegimeAligned": null
        },
        "frameState": "BULLISH",
        "revRisk": 0.4609605590870228,
        "ticker": "1306",
        "upProb": 0.6847310508903015
      },
      {
        "frameSignals": {
          "effectiveRevRisk": 0.4774207190378247,
          "effectiveUpProb": 0.6654372479634445,
          "frameState": "BULLISH",
          "monthlyBoxMonths": 6.0,
          "monthlyBoxPos": 0.8089171974522293,
          "monthlyBoxRangePct": 0.1977329974811083,
          "monthlyBoxState": "box_upper",
          "monthlyBoxWild": false,
          "monthlyBreakoutDownProb": 0.35044818329977956,
          "monthlyBreakoutUpProb": 0.33816748154539356,
          "monthlyRangePos": 0.4824561403508772,
          "monthlyRangeProb": 0.5378103729268526,
          "monthlyRangeWidth": 0.3114754098360656,
          "monthlyRegimeAligned": null,
          "weeklyBreakoutDownProb": 0.4774207190378247,
          "weeklyBreakoutUpProb": 0.6654372479634445,
          "weeklyRangeProb": 0.6304904515751302,
          "weeklyRegimeAligned": null
        },
        "frameState": "BULLISH",
        "revRisk": 0.4774207190378247,
        "ticker": "1308",
        "upProb": 0.6654372479634445
      },
      {
        "frameSignals": {
          "effectiveRevRisk": 0.360347110817527,
          "effectiveUpProb": 0.6536804441508604,
          "frameState": "BULLISH",
          "monthlyBoxMonths": 5.0,
          "monthlyBoxPos": 0.8236009732360098,
          "monthlyBoxRangePct": 0.18580470162748644,
          "monthlyBoxState": "box_upper",
          "monthlyBoxWild": false,
          "monthlyBreakoutDownProb": 0.24955330062155828,
          "monthlyBreakoutUpProb": 0.39909272083288316,
          "monthlyRangePos": 0.7136277431590355,
          "monthlyRangeProb": 0.37693322882993596,
          "monthlyRangeWidth": 0.3278266275868194,
          "monthlyRegimeAligned": null,
          "weeklyBreakoutDownProb": 0.360347110817527,
          "weeklyBreakoutUpProb": 0.6536804441508604,
          "weeklyRangeProb": 0.44904658551162285,
          "weeklyRegimeAligned": null
        },
        "frameState": "BULLISH",
        "revRisk": 0.360347110817527,
        "ticker": "1001",
        "upProb": 0.6536804441508604
      }
    ],
    "sell": [
      {
        "frameSignals": {
          "effectiveRevRisk": 0.4774207190378247,
          "effectiveUpProb": 0.6654372479634445,
          "frameState": "BULLISH",
          "monthlyBoxMonths": 6.0,
          "monthlyBoxPos": 0.8089171974522293,
          "monthlyBoxRangePct": 0.1977329974811083,
          "monthlyBoxState": "box_upper",
          "monthlyBoxWild": false,
          "monthlyBreakoutDownProb": 0.35044818329977956,
          "monthlyBreakoutUpProb": 0.33816748154539356,
          "monthlyRangePos": 0.4824561403508772,
          "monthlyRangeProb": 0.5378103729268526,
          "monthlyRangeWidth": 0.3114754098360656,
          "monthlyRegimeAligned": null,
          "weeklyBreakoutDownProb": 0.4774207190378247,
          "weeklyBreakoutUpProb": 0.6654372479634445,
          "weeklyRangeProb": 0.6304904515751302,
          "weeklyRegimeAligned": null
        },
        "frameState": "BULLISH",
        "revRisk": 0.4774207190378247,
        "ticker": "1308",
        "upProb": 0.6654372479634445
      },
      {
        "frameSignals": {
          "effectiveRevRisk": 0.4609605590870228,
          "effectiveUpProb": 0.6847310508903015,
          "frameState": "BULLISH",
          "monthlyBoxMonths": 5.0,
          "monthlyBoxPos": 0.6944444444444444,
          "monthlyBoxRangePct": 0.12471131639722864,
          "monthlyBoxState": "box_mid",
          "monthlyBoxWild": false,
          "monthlyBreakoutDownProb": 0.35419831924020806,
          "monthlyBreakoutUpProb": 0.35212731332304825,
          "monthlyRangePos": 0.4970414201183432,
          "monthlyRangeProb": 0.5584850496884008,
          "monthlyRangeWidth": 0.30423042304230424,
          "monthlyRegimeAligned": null,
          "weeklyBreakoutDownProb": 0.4609605590870228,
          "weeklyBreakoutUpProb": 0.6847310508903015,
          "weeklyRangeProb": 0.596410914092413,
          "weeklyRegimeAligned": null
        },
        "frameState": "BULLISH",
        "revRisk": 0.4609605590870228,
        "ticker": "1306",
        "upProb": 0.6847310508903015
      },
      {
        "frameSignals": {
          "effectiveRevRisk": 0.360347110817527,
          "effectiveUpProb": 0.6536804441508604,
          "frameState": "BULLISH",
          "monthlyBoxMonths": 5.0,
          "monthlyBoxPos": 0.8236009732360098,
          "monthlyBoxRangePct": 0.18580470162748644,
          "monthlyBoxState": "box_upper",
          "monthlyBoxWild": false,
          "monthlyBreakoutDownProb": 0.24955330062155828,
          "monthlyBreakoutUpProb": 0.39909272083288316,
          "monthlyRangePos": 0.7136277431590355,
          "monthlyRangeProb": 0.37693322882993596,
          "monthlyRangeWidth": 0.3278266275868194,
          "monthlyRegimeAligned": null,
          "weeklyBreakoutDownProb": 0.360347110817527,
          "weeklyBreakoutUpProb": 0.6536804441508604,
          "weeklyRangeProb": 0.44904658551162285,
          "weeklyRegimeAligned": null
        },
        "frameState": "BULLISH",
        "revRisk": 0.360347110817527,
        "ticker": "1001",
        "upProb": 0.6536804441508604
      }
    ]
  },
  "stage": {
    "goal20Reached": false,
    "goal30Reached": false,
    "stage2Active": false
  }
}