{
  "asOf": "2025-04-21",
  "cash": 18924188.690689,
  "cum_pnl": 8924188.690689,
  "cum_return_pct": 89.241887,
  "daily_pnl": -21602.513748,
  "equity": 18924188.690689,
  "game_over": false,
  "goal20_reached": true,
  "goal30_reached": true,
  "holdings_count": 0,
  "max_drawdown_pct": -6.512792,
  "season_id": "tradex_bt3y_v8_fast_baseline_20260217"
}