{
  "actions": [],
  "asOf": "2016-09-23",
  "checks": {
    "exposureOk": true,
    "lossLimitOk": true,
    "maxHoldingsOk": true,
    "noFutureLeakOk": true,
    "unitRuleOk": true
  },
  "mode": "BACKTEST",
  "policyVersion": "toredex.v8",
  "seasonId": "toredex_multiframe_20260318",
  "signals": {
    "buy": [
      {
        "frameSignals": {
          "effectiveRevRisk": 0.542868539353168,
          "effectiveUpProb": 0.7182893933317902,
          "frameState": "BULLISH",
          "monthlyBoxMonths": 8.0,
          "monthlyBoxPos": 0.5550847457627118,
          "monthlyBoxRangePct": 0.13637239165329054,
          "monthlyBoxState": "box_mid",
          "monthlyBoxWild": false,
          "monthlyBreakoutDownProb": 0.542868539353168,
          "monthlyBreakoutUpProb": 0.3906873312994768,
          "monthlyRangePos": 0.28259827420901246,
          "monthlyRangeProb": 0.5426472609683262,
          "monthlyRangeWidth": 0.21127259836937257,
          "monthlyRegimeAligned": null,
          "weeklyBreakoutDownProb": 0.4416624683442095,
          "weeklyBreakoutUpProb": 0.7182893933317902,
          "weeklyRangeProb": 0.55198099327551,
          "weeklyRegimeAligned": null
        },
        "frameState": "BULLISH",
        "revRisk": 0.542868539353168,
        "ticker": "1001",
        "upProb": 0.7182893933317902
      },
      {
        "frameSignals": {
          "effectiveRevRisk": 0.5711722626052844,
          "effectiveUpProb": 0.6928742490808584,
          "frameState": "BULLISH",
          "monthlyBoxMonths": 8.0,
          "monthlyBoxPos": 0.3781094527363184,
          "monthlyBoxRangePct": 0.15690866510538642,
          "monthlyBoxState": "box_mid",
          "monthlyBoxWild": false,
          "monthlyBreakoutDownProb": 0.5711722626052844,
          "monthlyBreakoutUpProb": 0.3853697934694819,
          "monthlyRangePos": 0.2345679012345679,
          "monthlyRangeProb": 0.5226087458174685,
          "monthlyRangeWidth": 0.20186915887850468,
          "monthlyRegimeAligned": null,
          "weeklyBreakoutDownProb": 0.45885058044180504,
          "weeklyBreakoutUpProb": 0.6928742490808584,
          "weeklyRangeProb": 0.5897228215334296,
          "weeklyRegimeAligned": null
        },
        "frameState": "BULLISH",
        "revRisk": 0.5711722626052844,
        "ticker": "1308",
        "upProb": 0.6928742490808584
      },
      {
        "frameSignals": {
          "effectiveRevRisk": 0.5715296569774606,
          "effectiveUpProb": 0.6898703307161552,
          "frameState": "BULLISH",
          "monthlyBoxMonths": 8.0,
          "monthlyBoxPos": 0.3811881188118812,
          "monthlyBoxRangePct": 0.155984555984556,
          "monthlyBoxState": "box_mid",
          "monthlyBoxWild": false,
          "monthlyBreakoutDownProb": 0.5715296569774606,
          "monthlyBreakoutUpProb": 0.386867080290344,
          "monthlyRangePos": 0.2361963190184049,
          "monthlyRangeProb": 0.5248445862438588,
          "monthlyRangeWidth": 0.2011104256631709,
          "monthlyRegimeAligned": null,
          "weeklyBreakoutDownProb": 0.45653699738282183,
          "weeklyBreakoutUpProb": 0.6898703307161552,
          "weeklyRangeProb": 0.5872709969069712,
          "weeklyRegimeAligned": null
        },
        "frameState": "BULLISH",
        "revRisk": 0.5715296569774606,
        "ticker": "1306",
        "upProb": 0.6898703307161552
      }
    ],
    "sell": [
      {
        "frameSignals": {
          "effectiveRevRisk": 0.5711722626052844,
          "effectiveUpProb": 0.6928742490808584,
          "frameState": "BULLISH",
          "monthlyBoxMonths": 8.0,
          "monthlyBoxPos": 0.3781094527363184,
          "monthlyBoxRangePct": 0.15690866510538642,
          "monthlyBoxState": "box_mid",
          "monthlyBoxWild": false,
          "monthlyBreakoutDownProb": 0.5711722626052844,
          "monthlyBreakoutUpProb": 0.3853697934694819,
          "monthlyRangePos": 0.2345679012345679,
          "monthlyRangeProb": 0.5226087458174685,
          "monthlyRangeWidth": 0.20186915887850468,
          "monthlyRegimeAligned": null,
          "weeklyBreakoutDownProb": 0.45885058044180504,
          "weeklyBreakoutUpProb": 0.6928742490808584,
          "weeklyRangeProb": 0.5897228215334296,
          "weeklyRegimeAligned": null
        },
        "frameState": "BULLISH",
        "revRisk": 0.5711722626052844,
        "ticker": "1308",
        "upProb": 0.6928742490808584
      },
      {
        "frameSignals": {
          "effectiveRevRisk": 0.5715296569774606,
          "effectiveUpProb": 0.6898703307161552,
          "frameState": "BULLISH",
          "monthlyBoxMonths": 8.0,
          "monthlyBoxPos": 0.3811881188118812,
          "monthlyBoxRangePct": 0.155984555984556,
          "monthlyBoxState": "box_mid",
          "monthlyBoxWild": false,
          "monthlyBreakoutDownProb": 0.5715296569774606,
          "monthlyBreakoutUpProb": 0.386867080290344,
          "monthlyRangePos": 0.2361963190184049,
          "monthlyRangeProb": 0.5248445862438588,
          "monthlyRangeWidth": 0.2011104256631709,
          "monthlyRegimeAligned": null,
          "weeklyBreakoutDownProb": 0.45653699738282183,
          "weeklyBreakoutUpProb": 0.6898703307161552,
          "weeklyRangeProb": 0.5872709969069712,
          "weeklyRegimeAligned": null
        },
        "frameState": "BULLISH",
        "revRisk": 0.5715296569774606,
        "ticker": "1306",
        "upProb": 0.6898703307161552
      },
      {
        "frameSignals": {
          "effectiveRevRisk": 0.542868539353168,
          "effectiveUpProb": 0.7182893933317902,
          "frameState": "BULLISH",
          "monthlyBoxMonths": 8.0,
          "monthlyBoxPos": 0.5550847457627118,
          "monthlyBoxRangePct": 0.13637239165329054,
          "monthlyBoxState": "box_mid",
          "monthlyBoxWild": false,
          "monthlyBreakoutDownProb": 0.542868539353168,
          "monthlyBreakoutUpProb": 0.3906873312994768,
          "monthlyRangePos": 0.28259827420901246,
          "monthlyRangeProb": 0.5426472609683262,
          "monthlyRangeWidth": 0.21127259836937257,
          "monthlyRegimeAligned": null,
          "weeklyBreakoutDownProb": 0.4416624683442095,
          "weeklyBreakoutUpProb": 0.7182893933317902,
          "weeklyRangeProb": 0.55198099327551,
          "weeklyRegimeAligned": null
        },
        "frameState": "BULLISH",
        "revRisk": 0.542868539353168,
        "ticker": "1001",
        "upProb": 0.7182893933317902
      }
    ]
  },
  "stage": {
    "goal20Reached": false,
    "goal30Reached": false,
    "stage2Active": false
  }
}