{
  "actions": [
    {
      "deltaUnits": -2,
      "reasonId": "X_EXIT_REV_RISK_HIGH",
      "side": "SHORT",
      "ticker": "1001"
    }
  ],
  "asOf": "2021-12-06",
  "checks": {
    "exposureOk": true,
    "lossLimitOk": true,
    "maxHoldingsOk": true,
    "noFutureLeakOk": true,
    "unitRuleOk": true
  },
  "mode": "BACKTEST",
  "policyVersion": "toredex.v8",
  "seasonId": "toredex_multiframe_20260318",
  "signals": {
    "buy": [
      {
        "frameSignals": {
          "effectiveRevRisk": 0.6248642190234904,
          "effectiveUpProb": 0.6397602538373043,
          "frameState": "MIXED",
          "monthlyBoxMonths": 13.0,
          "monthlyBoxPos": 0.6886120996441281,
          "monthlyBoxRangePct": 0.15516289342904474,
          "monthlyBoxState": "box_mid",
          "monthlyBoxWild": false,
          "monthlyBreakoutDownProb": 0.5408472103590435,
          "monthlyBreakoutUpProb": 0.6397602538373043,
          "monthlyRangePos": 0.6413043478260869,
          "monthlyRangeProb": 0.7419004580923083,
          "monthlyRangeWidth": 0.11020603737422137,
          "monthlyRegimeAligned": null,
          "weeklyBreakoutDownProb": 0.6248642190234904,
          "weeklyBreakoutUpProb": 0.5739551281143995,
          "weeklyRangeProb": 0.8006659778542077,
          "weeklyRegimeAligned": null
        },
        "frameState": "MIXED",
        "revRisk": 0.6248642190234904,
        "ticker": "1308",
        "upProb": 0.6397602538373043
      },
      {
        "frameSignals": {
          "effectiveRevRisk": 0.6204760731156296,
          "effectiveUpProb": 0.6300581166272656,
          "frameState": "MIXED",
          "monthlyBoxMonths": 13.0,
          "monthlyBoxPos": 0.6783216783216783,
          "monthlyBoxRangePct": 0.156198798470781,
          "monthlyBoxState": "box_mid",
          "monthlyBoxWild": false,
          "monthlyBreakoutDownProb": 0.5425581166272655,
          "monthlyBreakoutUpProb": 0.6300581166272656,
          "monthlyRangePos": 0.625,
          "monthlyRangeProb": 0.7485914105594956,
          "monthlyRangeWidth": 0.11347517730496454,
          "monthlyRegimeAligned": null,
          "weeklyBreakoutDownProb": 0.6204760731156296,
          "weeklyBreakoutUpProb": 0.5753649620045185,
          "weeklyRangeProb": 0.80470404600534,
          "weeklyRegimeAligned": null
        },
        "frameState": "MIXED",
        "revRisk": 0.6204760731156296,
        "ticker": "1306",
        "upProb": 0.6300581166272656
      },
      {
        "frameSignals": {
          "effectiveRevRisk": 0.7060702782475546,
          "effectiveUpProb": 0.5639079914794588,
          "frameState": "BEARISH",
          "monthlyBoxMonths": 13.0,
          "monthlyBoxPos": 0.46074964639321075,
          "monthlyBoxRangePct": 0.10621995192307693,
          "monthlyBoxState": "box_mid",
          "monthlyBoxWild": false,
          "monthlyBreakoutDownProb": 0.7060702782475546,
          "monthlyBreakoutUpProb": 0.5639079914794588,
          "monthlyRangePos": 0.29691101890272015,
          "monthlyRangeProb": 0.751461236252412,
          "monthlyRangeWidth": 0.0736452532934945,
          "monthlyRegimeAligned": null,
          "weeklyBreakoutDownProb": 0.6582871597497444,
          "weeklyBreakoutUpProb": 0.5122447163886891,
          "weeklyRangeProb": 0.6888173016298372,
          "weeklyRegimeAligned": null
        },
        "frameState": "BEARISH",
        "revRisk": 0.7060702782475546,
        "ticker": "1001",
        "upProb": 0.5639079914794588
      }
    ],
    "sell": [
      {
        "frameSignals": {
          "effectiveRevRisk": 0.7060702782475546,
          "effectiveUpProb": 0.6582871597497444,
          "frameState": "BEARISH",
          "monthlyBoxMonths": 13.0,
          "monthlyBoxPos": 0.46074964639321075,
          "monthlyBoxRangePct": 0.10621995192307693,
          "monthlyBoxState": "box_mid",
          "monthlyBoxWild": false,
          "monthlyBreakoutDownProb": 0.7060702782475546,
          "monthlyBreakoutUpProb": 0.5639079914794588,
          "monthlyRangePos": 0.29691101890272015,
          "monthlyRangeProb": 0.751461236252412,
          "monthlyRangeWidth": 0.0736452532934945,
          "monthlyRegimeAligned": null,
          "weeklyBreakoutDownProb": 0.6582871597497444,
          "weeklyBreakoutUpProb": 0.5122447163886891,
          "weeklyRangeProb": 0.6888173016298372,
          "weeklyRegimeAligned": null
        },
        "frameState": "BEARISH",
        "revRisk": 0.7060702782475546,
        "ticker": "1001",
        "upProb": 0.6582871597497444
      },
      {
        "frameSignals": {
          "effectiveRevRisk": 0.6248642190234904,
          "effectiveUpProb": 0.6397602538373043,
          "frameState": "MIXED",
          "monthlyBoxMonths": 13.0,
          "monthlyBoxPos": 0.6886120996441281,
          "monthlyBoxRangePct": 0.15516289342904474,
          "monthlyBoxState": "box_mid",
          "monthlyBoxWild": false,
          "monthlyBreakoutDownProb": 0.5408472103590435,
          "monthlyBreakoutUpProb": 0.6397602538373043,
          "monthlyRangePos": 0.6413043478260869,
          "monthlyRangeProb": 0.7419004580923083,
          "monthlyRangeWidth": 0.11020603737422137,
          "monthlyRegimeAligned": null,
          "weeklyBreakoutDownProb": 0.6248642190234904,
          "weeklyBreakoutUpProb": 0.5739551281143995,
          "weeklyRangeProb": 0.8006659778542077,
          "weeklyRegimeAligned": null
        },
        "frameState": "MIXED",
        "revRisk": 0.6248642190234904,
        "ticker": "1308",
        "upProb": 0.6397602538373043
      },
      {
        "frameSignals": {
          "effectiveRevRisk": 0.6204760731156296,
          "effectiveUpProb": 0.6300581166272656,
          "frameState": "MIXED",
          "monthlyBoxMonths": 13.0,
          "monthlyBoxPos": 0.6783216783216783,
          "monthlyBoxRangePct": 0.156198798470781,
          "monthlyBoxState": "box_mid",
          "monthlyBoxWild": false,
          "monthlyBreakoutDownProb": 0.5425581166272655,
          "monthlyBreakoutUpProb": 0.6300581166272656,
          "monthlyRangePos": 0.625,
          "monthlyRangeProb": 0.7485914105594956,
          "monthlyRangeWidth": 0.11347517730496454,
          "monthlyRegimeAligned": null,
          "weeklyBreakoutDownProb": 0.6204760731156296,
          "weeklyBreakoutUpProb": 0.5753649620045185,
          "weeklyRangeProb": 0.80470404600534,
          "weeklyRegimeAligned": null
        },
        "frameState": "MIXED",
        "revRisk": 0.6204760731156296,
        "ticker": "1306",
        "upProb": 0.6300581166272656
      }
    ]
  },
  "stage": {
    "goal20Reached": false,
    "goal30Reached": false,
    "stage2Active": false
  }
}