{
  "actions": [],
  "asOf": "2021-11-17",
  "checks": {
    "exposureOk": true,
    "lossLimitOk": true,
    "maxHoldingsOk": true,
    "noFutureLeakOk": true,
    "unitRuleOk": true
  },
  "mode": "BACKTEST",
  "policyVersion": "toredex.v8",
  "seasonId": "toredex_multiframe_20260318",
  "signals": {
    "buy": [
      {
        "frameSignals": {
          "effectiveRevRisk": 0.48963694629621773,
          "effectiveUpProb": 0.738497577596763,
          "frameState": "BULLISH",
          "monthlyBoxMonths": 12.0,
          "monthlyBoxPos": 1.0,
          "monthlyBoxRangePct": 0.157923799006074,
          "monthlyBoxState": "box_upper",
          "monthlyBoxWild": false,
          "monthlyBreakoutDownProb": 0.3825081190438162,
          "monthlyBreakoutUpProb": 0.738497577596763,
          "monthlyRangePos": 1.0,
          "monthlyRangeProb": 0.42809721556726826,
          "monthlyRangeWidth": 0.1370388116914231,
          "monthlyRegimeAligned": null,
          "weeklyBreakoutDownProb": 0.48963694629621773,
          "weeklyBreakoutUpProb": 0.7091824008416723,
          "weeklyRangeProb": 0.6320296142178441,
          "weeklyRegimeAligned": null
        },
        "frameState": "BULLISH",
        "revRisk": 0.48963694629621773,
        "ticker": "1308",
        "upProb": 0.738497577596763
      },
      {
        "frameSignals": {
          "effectiveRevRisk": 0.4851427397822963,
          "effectiveUpProb": 0.731323877068558,
          "frameState": "BULLISH",
          "monthlyBoxMonths": 12.0,
          "monthlyBoxPos": 1.0,
          "monthlyBoxRangePct": 0.1578372474057892,
          "monthlyBoxState": "box_upper",
          "monthlyBoxWild": false,
          "monthlyBreakoutDownProb": 0.3783687943262411,
          "monthlyBreakoutUpProb": 0.731323877068558,
          "monthlyRangePos": 1.0,
          "monthlyRangeProb": 0.4353427895981087,
          "monthlyRangeWidth": 0.14042553191489363,
          "monthlyRegimeAligned": null,
          "weeklyBreakoutDownProb": 0.4851427397822963,
          "weeklyBreakoutUpProb": 0.7106982953378518,
          "weeklyRangeProb": 0.6242596015608955,
          "weeklyRegimeAligned": null
        },
        "frameState": "BULLISH",
        "revRisk": 0.4851427397822963,
        "ticker": "1306",
        "upProb": 0.731323877068558
      },
      {
        "frameSignals": {
          "effectiveRevRisk": 0.4996981147253682,
          "effectiveUpProb": 0.7847314651334752,
          "frameState": "BULLISH",
          "monthlyBoxMonths": 12.0,
          "monthlyBoxPos": 1.0,
          "monthlyBoxRangePct": 0.11508413461538461,
          "monthlyBoxState": "box_upper",
          "monthlyBoxWild": false,
          "monthlyBreakoutDownProb": 0.42471516742873533,
          "monthlyBreakoutUpProb": 0.7847314651334752,
          "monthlyRangePos": 1.0,
          "monthlyRangeProb": 0.46187091614227294,
          "monthlyRangeWidth": 0.10250577210376205,
          "monthlyRegimeAligned": null,
          "weeklyBreakoutDownProb": 0.4996981147253682,
          "weeklyBreakoutUpProb": 0.6708337614130654,
          "weeklyRangeProb": 0.6637240983031953,
          "weeklyRegimeAligned": null
        },
        "frameState": "BULLISH",
        "revRisk": 0.4996981147253682,
        "ticker": "1001",
        "upProb": 0.7847314651334752
      }
    ],
    "sell": [
      {
        "frameSignals": {
          "effectiveRevRisk": 0.4996981147253682,
          "effectiveUpProb": 0.7847314651334752,
          "frameState": "BULLISH",
          "monthlyBoxMonths": 12.0,
          "monthlyBoxPos": 1.0,
          "monthlyBoxRangePct": 0.11508413461538461,
          "monthlyBoxState": "box_upper",
          "monthlyBoxWild": false,
          "monthlyBreakoutDownProb": 0.42471516742873533,
          "monthlyBreakoutUpProb": 0.7847314651334752,
          "monthlyRangePos": 1.0,
          "monthlyRangeProb": 0.46187091614227294,
          "monthlyRangeWidth": 0.10250577210376205,
          "monthlyRegimeAligned": null,
          "weeklyBreakoutDownProb": 0.4996981147253682,
          "weeklyBreakoutUpProb": 0.6708337614130654,
          "weeklyRangeProb": 0.6637240983031953,
          "weeklyRegimeAligned": null
        },
        "frameState": "BULLISH",
        "revRisk": 0.4996981147253682,
        "ticker": "1001",
        "upProb": 0.7847314651334752
      },
      {
        "frameSignals": {
          "effectiveRevRisk": 0.48963694629621773,
          "effectiveUpProb": 0.738497577596763,
          "frameState": "BULLISH",
          "monthlyBoxMonths": 12.0,
          "monthlyBoxPos": 1.0,
          "monthlyBoxRangePct": 0.157923799006074,
          "monthlyBoxState": "box_upper",
          "monthlyBoxWild": false,
          "monthlyBreakoutDownProb": 0.3825081190438162,
          "monthlyBreakoutUpProb": 0.738497577596763,
          "monthlyRangePos": 1.0,
          "monthlyRangeProb": 0.42809721556726826,
          "monthlyRangeWidth": 0.1370388116914231,
          "monthlyRegimeAligned": null,
          "weeklyBreakoutDownProb": 0.48963694629621773,
          "weeklyBreakoutUpProb": 0.7091824008416723,
          "weeklyRangeProb": 0.6320296142178441,
          "weeklyRegimeAligned": null
        },
        "frameState": "BULLISH",
        "revRisk": 0.48963694629621773,
        "ticker": "1308",
        "upProb": 0.738497577596763
      },
      {
        "frameSignals": {
          "effectiveRevRisk": 0.4851427397822963,
          "effectiveUpProb": 0.731323877068558,
          "frameState": "BULLISH",
          "monthlyBoxMonths": 12.0,
          "monthlyBoxPos": 1.0,
          "monthlyBoxRangePct": 0.1578372474057892,
          "monthlyBoxState": "box_upper",
          "monthlyBoxWild": false,
          "monthlyBreakoutDownProb": 0.3783687943262411,
          "monthlyBreakoutUpProb": 0.731323877068558,
          "monthlyRangePos": 1.0,
          "monthlyRangeProb": 0.4353427895981087,
          "monthlyRangeWidth": 0.14042553191489363,
          "monthlyRegimeAligned": null,
          "weeklyBreakoutDownProb": 0.4851427397822963,
          "weeklyBreakoutUpProb": 0.7106982953378518,
          "weeklyRangeProb": 0.6242596015608955,
          "weeklyRegimeAligned": null
        },
        "frameState": "BULLISH",
        "revRisk": 0.4851427397822963,
        "ticker": "1306",
        "upProb": 0.731323877068558
      }
    ]
  },
  "stage": {
    "goal20Reached": false,
    "goal30Reached": false,
    "stage2Active": false
  }
}