{
  "asOf": "2025-11-25",
  "cash": 22428253.009226,
  "cum_pnl": 14387673.299081,
  "cum_return_pct": 143.876733,
  "daily_pnl": -57971.014493,
  "equity": 24387673.299081,
  "game_over": false,
  "goal20_reached": true,
  "goal30_reached": true,
  "holdings_count": 1,
  "max_drawdown_pct": -6.512792,
  "season_id": "tradex_bt3y_v8_fast_baseline_20260217"
}