{
  "actions": [],
  "asOf": "2004-08-12",
  "checks": {
    "exposureOk": true,
    "lossLimitOk": true,
    "maxHoldingsOk": true,
    "noFutureLeakOk": true,
    "unitRuleOk": true
  },
  "mode": "BACKTEST",
  "policyVersion": "toredex.v8",
  "seasonId": "toredex_multiframe_20260318",
  "signals": {
    "buy": [
      {
        "frameSignals": {
          "effectiveRevRisk": 0.7379570483930114,
          "effectiveUpProb": 0.5535556512397078,
          "frameState": "BEARISH",
          "monthlyBoxMonths": 12.0,
          "monthlyBoxPos": 0.5303580695381422,
          "monthlyBoxRangePct": 0.19258444933040175,
          "monthlyBoxState": "box_mid",
          "monthlyBoxWild": false,
          "monthlyBreakoutDownProb": 0.5340448435036441,
          "monthlyBreakoutUpProb": 0.5535556512397078,
          "monthlyRangePos": 0.5278725824800911,
          "monthlyRangeProb": 0.766344030066826,
          "monthlyRangeWidth": 0.14825434305953786,
          "monthlyRegimeAligned": null,
          "weeklyBreakoutDownProb": 0.7379570483930114,
          "weeklyBreakoutUpProb": 0.45569898387688235,
          "weeklyRangeProb": 0.5662659545524444,
          "weeklyRegimeAligned": null
        },
        "frameState": "BEARISH",
        "revRisk": 0.7379570483930114,
        "ticker": "1001",
        "upProb": 0.5535556512397078
      },
      {
        "frameSignals": {
          "effectiveRevRisk": 0.7577404295051354,
          "effectiveUpProb": 0.5505351741742956,
          "frameState": "BEARISH",
          "monthlyBoxMonths": 8.0,
          "monthlyBoxPos": 0.44025157232704404,
          "monthlyBoxRangePct": 0.150997150997151,
          "monthlyBoxState": "box_mid",
          "monthlyBoxWild": false,
          "monthlyBreakoutDownProb": 0.48394980832063716,
          "monthlyBreakoutUpProb": 0.5505351741742956,
          "monthlyRangePos": 0.5951219512195122,
          "monthlyRangeProb": 0.6878830328933472,
          "monthlyRangeWidth": 0.16998341625207297,
          "monthlyRegimeAligned": null,
          "weeklyBreakoutDownProb": 0.7577404295051354,
          "weeklyBreakoutUpProb": 0.45479925303454716,
          "weeklyRangeProb": 0.5567413632119514,
          "weeklyRegimeAligned": null
        },
        "frameState": "BEARISH",
        "revRisk": 0.7577404295051354,
        "ticker": "1306",
        "upProb": 0.5505351741742956
      },
      {
        "frameSignals": {
          "effectiveRevRisk": 0.7777542239809058,
          "effectiveUpProb": 0.543066710390034,
          "frameState": "BEARISH",
          "monthlyBoxMonths": 8.0,
          "monthlyBoxPos": 0.41875,
          "monthlyBoxRangePct": 0.1523809523809524,
          "monthlyBoxState": "box_mid",
          "monthlyBoxWild": false,
          "monthlyBreakoutDownProb": 0.488697778351199,
          "monthlyBreakoutUpProb": 0.543066710390034,
          "monthlyRangePos": 0.5776699029126213,
          "monthlyRangeProb": 0.6984919022173481,
          "monthlyRangeWidth": 0.17109634551495018,
          "monthlyRegimeAligned": null,
          "weeklyBreakoutDownProb": 0.7777542239809058,
          "weeklyBreakoutUpProb": 0.43982318949814714,
          "weeklyRangeProb": 0.524728346209409,
          "weeklyRegimeAligned": null
        },
        "frameState": "BEARISH",
        "revRisk": 0.7777542239809058,
        "ticker": "1308",
        "upProb": 0.543066710390034
      }
    ],
    "sell": [
      {
        "frameSignals": {
          "effectiveRevRisk": 0.7777542239809058,
          "effectiveUpProb": 0.7777542239809058,
          "frameState": "BEARISH",
          "monthlyBoxMonths": 8.0,
          "monthlyBoxPos": 0.41875,
          "monthlyBoxRangePct": 0.1523809523809524,
          "monthlyBoxState": "box_mid",
          "monthlyBoxWild": false,
          "monthlyBreakoutDownProb": 0.488697778351199,
          "monthlyBreakoutUpProb": 0.543066710390034,
          "monthlyRangePos": 0.5776699029126213,
          "monthlyRangeProb": 0.6984919022173481,
          "monthlyRangeWidth": 0.17109634551495018,
          "monthlyRegimeAligned": null,
          "weeklyBreakoutDownProb": 0.7777542239809058,
          "weeklyBreakoutUpProb": 0.43982318949814714,
          "weeklyRangeProb": 0.524728346209409,
          "weeklyRegimeAligned": null
        },
        "frameState": "BEARISH",
        "revRisk": 0.7777542239809058,
        "ticker": "1308",
        "upProb": 0.7777542239809058
      },
      {
        "frameSignals": {
          "effectiveRevRisk": 0.7577404295051354,
          "effectiveUpProb": 0.7577404295051354,
          "frameState": "BEARISH",
          "monthlyBoxMonths": 8.0,
          "monthlyBoxPos": 0.44025157232704404,
          "monthlyBoxRangePct": 0.150997150997151,
          "monthlyBoxState": "box_mid",
          "monthlyBoxWild": false,
          "monthlyBreakoutDownProb": 0.48394980832063716,
          "monthlyBreakoutUpProb": 0.5505351741742956,
          "monthlyRangePos": 0.5951219512195122,
          "monthlyRangeProb": 0.6878830328933472,
          "monthlyRangeWidth": 0.16998341625207297,
          "monthlyRegimeAligned": null,
          "weeklyBreakoutDownProb": 0.7577404295051354,
          "weeklyBreakoutUpProb": 0.45479925303454716,
          "weeklyRangeProb": 0.5567413632119514,
          "weeklyRegimeAligned": null
        },
        "frameState": "BEARISH",
        "revRisk": 0.7577404295051354,
        "ticker": "1306",
        "upProb": 0.7577404295051354
      },
      {
        "frameSignals": {
          "effectiveRevRisk": 0.7379570483930114,
          "effectiveUpProb": 0.7379570483930114,
          "frameState": "BEARISH",
          "monthlyBoxMonths": 12.0,
          "monthlyBoxPos": 0.5303580695381422,
          "monthlyBoxRangePct": 0.19258444933040175,
          "monthlyBoxState": "box_mid",
          "monthlyBoxWild": false,
          "monthlyBreakoutDownProb": 0.5340448435036441,
          "monthlyBreakoutUpProb": 0.5535556512397078,
          "monthlyRangePos": 0.5278725824800911,
          "monthlyRangeProb": 0.766344030066826,
          "monthlyRangeWidth": 0.14825434305953786,
          "monthlyRegimeAligned": null,
          "weeklyBreakoutDownProb": 0.7379570483930114,
          "weeklyBreakoutUpProb": 0.45569898387688235,
          "weeklyRangeProb": 0.5662659545524444,
          "weeklyRegimeAligned": null
        },
        "frameState": "BEARISH",
        "revRisk": 0.7379570483930114,
        "ticker": "1001",
        "upProb": 0.7379570483930114
      }
    ]
  },
  "stage": {
    "goal20Reached": false,
    "goal30Reached": false,
    "stage2Active": false
  }
}