{
  "actions": [],
  "asOf": "2014-10-23",
  "checks": {
    "exposureOk": true,
    "lossLimitOk": true,
    "maxHoldingsOk": true,
    "noFutureLeakOk": true,
    "unitRuleOk": true
  },
  "mode": "BACKTEST",
  "policyVersion": "toredex.v8",
  "seasonId": "toredex_multiframe_20260318",
  "signals": {
    "buy": [
      {
        "frameSignals": {
          "effectiveRevRisk": 0.8163388523893658,
          "effectiveUpProb": 0.552239997668794,
          "frameState": "BEARISH",
          "monthlyBoxMonths": 13.0,
          "monthlyBoxPos": 0.3987341772151899,
          "monthlyBoxRangePct": 0.1318864774624374,
          "monthlyBoxState": "box_mid",
          "monthlyBoxWild": false,
          "monthlyBreakoutDownProb": 0.6177238686365358,
          "monthlyBreakoutUpProb": 0.552239997668794,
          "monthlyRangePos": 0.4064516129032258,
          "monthlyRangeProb": 0.7690402318490438,
          "monthlyRangeWidth": 0.11456023651145603,
          "monthlyRegimeAligned": null,
          "weeklyBreakoutDownProb": 0.8163388523893658,
          "weeklyBreakoutUpProb": 0.4359498734590579,
          "weeklyRangeProb": 0.3936575710940185,
          "weeklyRegimeAligned": null
        },
        "frameState": "BEARISH",
        "revRisk": 0.8163388523893658,
        "ticker": "1306",
        "upProb": 0.552239997668794
      },
      {
        "frameSignals": {
          "effectiveRevRisk": 0.821017504597574,
          "effectiveUpProb": 0.5484122238830759,
          "frameState": "BEARISH",
          "monthlyBoxMonths": 13.0,
          "monthlyBoxPos": 0.39490445859872614,
          "monthlyBoxRangePct": 0.1327134404057481,
          "monthlyBoxState": "box_mid",
          "monthlyBoxWild": false,
          "monthlyBreakoutDownProb": 0.6184122238830759,
          "monthlyBreakoutUpProb": 0.5484122238830759,
          "monthlyRangePos": 0.4,
          "monthlyRangeProb": 0.7626689918618169,
          "monthlyRangeWidth": 0.11584454409566518,
          "monthlyRegimeAligned": null,
          "weeklyBreakoutDownProb": 0.821017504597574,
          "weeklyBreakoutUpProb": 0.43831104507181773,
          "weeklyRangeProb": 0.3871781242545773,
          "weeklyRegimeAligned": null
        },
        "frameState": "BEARISH",
        "revRisk": 0.821017504597574,
        "ticker": "1308",
        "upProb": 0.5484122238830759
      },
      {
        "frameSignals": {
          "effectiveRevRisk": 0.7820596567562477,
          "effectiveUpProb": 0.5478314328603702,
          "frameState": "BEARISH",
          "monthlyBoxMonths": 13.0,
          "monthlyBoxPos": 0.41972823351786614,
          "monthlyBoxRangePct": 0.138912192393736,
          "monthlyBoxState": "box_mid",
          "monthlyBoxWild": false,
          "monthlyBreakoutDownProb": 0.6040216693978638,
          "monthlyBreakoutUpProb": 0.5478314328603702,
          "monthlyRangePos": 0.41972823351786614,
          "monthlyRangeProb": 0.7676320511605537,
          "monthlyRangeWidth": 0.12196918543981339,
          "monthlyRegimeAligned": null,
          "weeklyBreakoutDownProb": 0.7820596567562477,
          "weeklyBreakoutUpProb": 0.4235167371280355,
          "weeklyRangeProb": 0.46634810172937524,
          "weeklyRegimeAligned": null
        },
        "frameState": "BEARISH",
        "revRisk": 0.7820596567562477,
        "ticker": "1001",
        "upProb": 0.5478314328603702
      }
    ],
    "sell": [
      {
        "frameSignals": {
          "effectiveRevRisk": 0.821017504597574,
          "effectiveUpProb": 0.821017504597574,
          "frameState": "BEARISH",
          "monthlyBoxMonths": 13.0,
          "monthlyBoxPos": 0.39490445859872614,
          "monthlyBoxRangePct": 0.1327134404057481,
          "monthlyBoxState": "box_mid",
          "monthlyBoxWild": false,
          "monthlyBreakoutDownProb": 0.6184122238830759,
          "monthlyBreakoutUpProb": 0.5484122238830759,
          "monthlyRangePos": 0.4,
          "monthlyRangeProb": 0.7626689918618169,
          "monthlyRangeWidth": 0.11584454409566518,
          "monthlyRegimeAligned": null,
          "weeklyBreakoutDownProb": 0.821017504597574,
          "weeklyBreakoutUpProb": 0.43831104507181773,
          "weeklyRangeProb": 0.3871781242545773,
          "weeklyRegimeAligned": null
        },
        "frameState": "BEARISH",
        "revRisk": 0.821017504597574,
        "ticker": "1308",
        "upProb": 0.821017504597574
      },
      {
        "frameSignals": {
          "effectiveRevRisk": 0.8163388523893658,
          "effectiveUpProb": 0.8163388523893658,
          "frameState": "BEARISH",
          "monthlyBoxMonths": 13.0,
          "monthlyBoxPos": 0.3987341772151899,
          "monthlyBoxRangePct": 0.1318864774624374,
          "monthlyBoxState": "box_mid",
          "monthlyBoxWild": false,
          "monthlyBreakoutDownProb": 0.6177238686365358,
          "monthlyBreakoutUpProb": 0.552239997668794,
          "monthlyRangePos": 0.4064516129032258,
          "monthlyRangeProb": 0.7690402318490438,
          "monthlyRangeWidth": 0.11456023651145603,
          "monthlyRegimeAligned": null,
          "weeklyBreakoutDownProb": 0.8163388523893658,
          "weeklyBreakoutUpProb": 0.4359498734590579,
          "weeklyRangeProb": 0.3936575710940185,
          "weeklyRegimeAligned": null
        },
        "frameState": "BEARISH",
        "revRisk": 0.8163388523893658,
        "ticker": "1306",
        "upProb": 0.8163388523893658
      },
      {
        "frameSignals": {
          "effectiveRevRisk": 0.7820596567562477,
          "effectiveUpProb": 0.7820596567562477,
          "frameState": "BEARISH",
          "monthlyBoxMonths": 13.0,
          "monthlyBoxPos": 0.41972823351786614,
          "monthlyBoxRangePct": 0.138912192393736,
          "monthlyBoxState": "box_mid",
          "monthlyBoxWild": false,
          "monthlyBreakoutDownProb": 0.6040216693978638,
          "monthlyBreakoutUpProb": 0.5478314328603702,
          "monthlyRangePos": 0.41972823351786614,
          "monthlyRangeProb": 0.7676320511605537,
          "monthlyRangeWidth": 0.12196918543981339,
          "monthlyRegimeAligned": null,
          "weeklyBreakoutDownProb": 0.7820596567562477,
          "weeklyBreakoutUpProb": 0.4235167371280355,
          "weeklyRangeProb": 0.46634810172937524,
          "weeklyRegimeAligned": null
        },
        "frameState": "BEARISH",
        "revRisk": 0.7820596567562477,
        "ticker": "1001",
        "upProb": 0.7820596567562477
      }
    ]
  },
  "stage": {
    "goal20Reached": false,
    "goal30Reached": false,
    "stage2Active": false
  }
}