{
  "actions": [
    {
      "deltaUnits": -2,
      "reasonId": "X_EXIT_EV_DROP",
      "side": "SHORT",
      "ticker": "1308"
    }
  ],
  "asOf": "2012-10-10",
  "checks": {
    "exposureOk": true,
    "lossLimitOk": true,
    "maxHoldingsOk": true,
    "noFutureLeakOk": true,
    "unitRuleOk": true
  },
  "mode": "BACKTEST",
  "policyVersion": "toredex.v8",
  "seasonId": "toredex_multiframe_20260318",
  "signals": {
    "buy": [
      {
        "frameSignals": {
          "effectiveRevRisk": 0.665730128899877,
          "effectiveUpProb": 0.6587397015480525,
          "frameState": "MIXED",
          "monthlyBoxMonths": 6.0,
          "monthlyBoxPos": 0.13021868787276342,
          "monthlyBoxRangePct": 0.11884229178972239,
          "monthlyBoxState": "box_lower",
          "monthlyBoxWild": false,
          "monthlyBreakoutDownProb": 0.665730128899877,
          "monthlyBreakoutUpProb": 0.38449907977919784,
          "monthlyRangePos": 0.09824135839902971,
          "monthlyRangeProb": 0.48254075600786506,
          "monthlyRangeWidth": 0.1635425964494694,
          "monthlyRegimeAligned": null,
          "weeklyBreakoutDownProb": 0.5986288982239527,
          "weeklyBreakoutUpProb": 0.6587397015480525,
          "weeklyRangeProb": 0.8260615510866306,
          "weeklyRegimeAligned": null
        },
        "frameState": "MIXED",
        "revRisk": 0.665730128899877,
        "ticker": "1001",
        "upProb": 0.6587397015480525
      },
      {
        "frameSignals": {
          "effectiveRevRisk": 0.7440715268225584,
          "effectiveUpProb": 0.582563000078218,
          "frameState": "BEARISH",
          "monthlyBoxMonths": 6.0,
          "monthlyBoxPos": 0.0,
          "monthlyBoxRangePct": 0.11772853185595568,
          "monthlyBoxState": "box_lower",
          "monthlyBoxWild": false,
          "monthlyBreakoutDownProb": 0.7440715268225584,
          "monthlyBreakoutUpProb": 0.3538234539389274,
          "monthlyRangePos": 0.0,
          "monthlyRangeProb": 0.3837670955579346,
          "monthlyRangeWidth": 0.1605080831408776,
          "monthlyRegimeAligned": null,
          "weeklyBreakoutDownProb": 0.6728855807233793,
          "weeklyBreakoutUpProb": 0.582563000078218,
          "weeklyRangeProb": 0.7947152171012372,
          "weeklyRegimeAligned": null
        },
        "frameState": "BEARISH",
        "revRisk": 0.7440715268225584,
        "ticker": "1308",
        "upProb": 0.582563000078218
      },
      {
        "frameSignals": {
          "effectiveRevRisk": 0.7438095238095238,
          "effectiveUpProb": 0.5716716144738686,
          "frameState": "BEARISH",
          "monthlyBoxMonths": 6.0,
          "monthlyBoxPos": 0.0,
          "monthlyBoxRangePct": 0.13150684931506848,
          "monthlyBoxState": "box_lower",
          "monthlyBoxWild": false,
          "monthlyBreakoutDownProb": 0.7438095238095238,
          "monthlyBreakoutUpProb": 0.3556191202644292,
          "monthlyRangePos": 0.0,
          "monthlyRangeProb": 0.3862635366885122,
          "monthlyRangeWidth": 0.15903890160183065,
          "monthlyRegimeAligned": null,
          "weeklyBreakoutDownProb": 0.6810466144738686,
          "weeklyBreakoutUpProb": 0.5716716144738686,
          "weeklyRangeProb": 0.7740494080145719,
          "weeklyRegimeAligned": null
        },
        "frameState": "BEARISH",
        "revRisk": 0.7438095238095238,
        "ticker": "1306",
        "upProb": 0.5716716144738686
      }
    ],
    "sell": [
      {
        "frameSignals": {
          "effectiveRevRisk": 0.7438095238095238,
          "effectiveUpProb": 0.6810466144738686,
          "frameState": "BEARISH",
          "monthlyBoxMonths": 6.0,
          "monthlyBoxPos": 0.0,
          "monthlyBoxRangePct": 0.13150684931506848,
          "monthlyBoxState": "box_lower",
          "monthlyBoxWild": false,
          "monthlyBreakoutDownProb": 0.7438095238095238,
          "monthlyBreakoutUpProb": 0.3556191202644292,
          "monthlyRangePos": 0.0,
          "monthlyRangeProb": 0.3862635366885122,
          "monthlyRangeWidth": 0.15903890160183065,
          "monthlyRegimeAligned": null,
          "weeklyBreakoutDownProb": 0.6810466144738686,
          "weeklyBreakoutUpProb": 0.5716716144738686,
          "weeklyRangeProb": 0.7740494080145719,
          "weeklyRegimeAligned": null
        },
        "frameState": "BEARISH",
        "revRisk": 0.7438095238095238,
        "ticker": "1306",
        "upProb": 0.6810466144738686
      },
      {
        "frameSignals": {
          "effectiveRevRisk": 0.7440715268225584,
          "effectiveUpProb": 0.6728855807233793,
          "frameState": "BEARISH",
          "monthlyBoxMonths": 6.0,
          "monthlyBoxPos": 0.0,
          "monthlyBoxRangePct": 0.11772853185595568,
          "monthlyBoxState": "box_lower",
          "monthlyBoxWild": false,
          "monthlyBreakoutDownProb": 0.7440715268225584,
          "monthlyBreakoutUpProb": 0.3538234539389274,
          "monthlyRangePos": 0.0,
          "monthlyRangeProb": 0.3837670955579346,
          "monthlyRangeWidth": 0.1605080831408776,
          "monthlyRegimeAligned": null,
          "weeklyBreakoutDownProb": 0.6728855807233793,
          "weeklyBreakoutUpProb": 0.582563000078218,
          "weeklyRangeProb": 0.7947152171012372,
          "weeklyRegimeAligned": null
        },
        "frameState": "BEARISH",
        "revRisk": 0.7440715268225584,
        "ticker": "1308",
        "upProb": 0.6728855807233793
      },
      {
        "frameSignals": {
          "effectiveRevRisk": 0.665730128899877,
          "effectiveUpProb": 0.6587397015480525,
          "frameState": "MIXED",
          "monthlyBoxMonths": 6.0,
          "monthlyBoxPos": 0.13021868787276342,
          "monthlyBoxRangePct": 0.11884229178972239,
          "monthlyBoxState": "box_lower",
          "monthlyBoxWild": false,
          "monthlyBreakoutDownProb": 0.665730128899877,
          "monthlyBreakoutUpProb": 0.38449907977919784,
          "monthlyRangePos": 0.09824135839902971,
          "monthlyRangeProb": 0.48254075600786506,
          "monthlyRangeWidth": 0.1635425964494694,
          "monthlyRegimeAligned": null,
          "weeklyBreakoutDownProb": 0.5986288982239527,
          "weeklyBreakoutUpProb": 0.6587397015480525,
          "weeklyRangeProb": 0.8260615510866306,
          "weeklyRegimeAligned": null
        },
        "frameState": "MIXED",
        "revRisk": 0.665730128899877,
        "ticker": "1001",
        "upProb": 0.6587397015480525
      }
    ]
  },
  "stage": {
    "goal20Reached": false,
    "goal30Reached": false,
    "stage2Active": false
  }
}