{
  "actions": [],
  "asOf": "2019-09-02",
  "checks": {
    "exposureOk": true,
    "lossLimitOk": true,
    "maxHoldingsOk": true,
    "noFutureLeakOk": true,
    "unitRuleOk": true
  },
  "mode": "BACKTEST",
  "policyVersion": "toredex.v8",
  "seasonId": "toredex_multiframe_20260318",
  "signals": {
    "buy": [
      {
        "frameSignals": {
          "effectiveRevRisk": 0.7445604961880938,
          "effectiveUpProb": 0.5033648440141807,
          "frameState": "BEARISH",
          "monthlyBoxMonths": 11.0,
          "monthlyBoxPos": 0.32447881640887694,
          "monthlyBoxRangePct": 0.1513100992113966,
          "monthlyBoxState": "box_mid",
          "monthlyBoxWild": false,
          "monthlyBreakoutDownProb": 0.6402823428634461,
          "monthlyBreakoutUpProb": 0.39359456887416217,
          "monthlyRangePos": 0.1475888943010229,
          "monthlyRangeProb": 0.5074213102193028,
          "monthlyRangeWidth": 0.17023217247097844,
          "monthlyRegimeAligned": null,
          "weeklyBreakoutDownProb": 0.7445604961880938,
          "weeklyBreakoutUpProb": 0.5033648440141807,
          "weeklyRangeProb": 0.6393965943092491,
          "weeklyRegimeAligned": null
        },
        "frameState": "BEARISH",
        "revRisk": 0.7445604961880938,
        "ticker": "1001",
        "upProb": 0.5033648440141807
      },
      {
        "frameSignals": {
          "effectiveRevRisk": 0.7195908061576034,
          "effectiveUpProb": 0.4788393610708982,
          "frameState": "BEARISH",
          "monthlyBoxMonths": 11.0,
          "monthlyBoxPos": 0.1702127659574468,
          "monthlyBoxRangePct": 0.15782404298186703,
          "monthlyBoxState": "box_lower",
          "monthlyBoxWild": false,
          "monthlyBreakoutDownProb": 0.684662356321839,
          "monthlyBreakoutUpProb": 0.33466235632183905,
          "monthlyRangePos": 0.0,
          "monthlyRangeProb": 0.39551005747126433,
          "monthlyRangeWidth": 0.17618534482758622,
          "monthlyRegimeAligned": null,
          "weeklyBreakoutDownProb": 0.7195908061576034,
          "weeklyBreakoutUpProb": 0.4788393610708982,
          "weeklyRangeProb": 0.6105936537301366,
          "weeklyRegimeAligned": null
        },
        "frameState": "BEARISH",
        "revRisk": 0.7195908061576034,
        "ticker": "1308",
        "upProb": 0.4788393610708982
      },
      {
        "frameSignals": {
          "effectiveRevRisk": 0.726787330316742,
          "effectiveUpProb": 0.48204843334926684,
          "frameState": "BEARISH",
          "monthlyBoxMonths": 11.0,
          "monthlyBoxPos": 0.15677966101694915,
          "monthlyBoxRangePct": 0.15660252156602522,
          "monthlyBoxState": "box_lower",
          "monthlyBoxWild": false,
          "monthlyBreakoutDownProb": 0.726787330316742,
          "monthlyBreakoutUpProb": 0.3356550580431178,
          "monthlyRangePos": 0.0,
          "monthlyRangeProb": 0.3869870642478193,
          "monthlyRangeWidth": 0.17537313432835822,
          "monthlyRegimeAligned": null,
          "weeklyBreakoutDownProb": 0.7187536356614055,
          "weeklyBreakoutUpProb": 0.48204843334926684,
          "weeklyRangeProb": 0.6160414748305314,
          "weeklyRegimeAligned": null
        },
        "frameState": "BEARISH",
        "revRisk": 0.726787330316742,
        "ticker": "1306",
        "upProb": 0.48204843334926684
      }
    ],
    "sell": [
      {
        "frameSignals": {
          "effectiveRevRisk": 0.726787330316742,
          "effectiveUpProb": 0.7187536356614055,
          "frameState": "BEARISH",
          "monthlyBoxMonths": 11.0,
          "monthlyBoxPos": 0.15677966101694915,
          "monthlyBoxRangePct": 0.15660252156602522,
          "monthlyBoxState": "box_lower",
          "monthlyBoxWild": false,
          "monthlyBreakoutDownProb": 0.726787330316742,
          "monthlyBreakoutUpProb": 0.3356550580431178,
          "monthlyRangePos": 0.0,
          "monthlyRangeProb": 0.3869870642478193,
          "monthlyRangeWidth": 0.17537313432835822,
          "monthlyRegimeAligned": null,
          "weeklyBreakoutDownProb": 0.7187536356614055,
          "weeklyBreakoutUpProb": 0.48204843334926684,
          "weeklyRangeProb": 0.6160414748305314,
          "weeklyRegimeAligned": null
        },
        "frameState": "BEARISH",
        "revRisk": 0.726787330316742,
        "ticker": "1306",
        "upProb": 0.7187536356614055
      },
      {
        "frameSignals": {
          "effectiveRevRisk": 0.7445604961880938,
          "effectiveUpProb": 0.7445604961880938,
          "frameState": "BEARISH",
          "monthlyBoxMonths": 11.0,
          "monthlyBoxPos": 0.32447881640887694,
          "monthlyBoxRangePct": 0.1513100992113966,
          "monthlyBoxState": "box_mid",
          "monthlyBoxWild": false,
          "monthlyBreakoutDownProb": 0.6402823428634461,
          "monthlyBreakoutUpProb": 0.39359456887416217,
          "monthlyRangePos": 0.1475888943010229,
          "monthlyRangeProb": 0.5074213102193028,
          "monthlyRangeWidth": 0.17023217247097844,
          "monthlyRegimeAligned": null,
          "weeklyBreakoutDownProb": 0.7445604961880938,
          "weeklyBreakoutUpProb": 0.5033648440141807,
          "weeklyRangeProb": 0.6393965943092491,
          "weeklyRegimeAligned": null
        },
        "frameState": "BEARISH",
        "revRisk": 0.7445604961880938,
        "ticker": "1001",
        "upProb": 0.7445604961880938
      },
      {
        "frameSignals": {
          "effectiveRevRisk": 0.7195908061576034,
          "effectiveUpProb": 0.7195908061576034,
          "frameState": "BEARISH",
          "monthlyBoxMonths": 11.0,
          "monthlyBoxPos": 0.1702127659574468,
          "monthlyBoxRangePct": 0.15782404298186703,
          "monthlyBoxState": "box_lower",
          "monthlyBoxWild": false,
          "monthlyBreakoutDownProb": 0.684662356321839,
          "monthlyBreakoutUpProb": 0.33466235632183905,
          "monthlyRangePos": 0.0,
          "monthlyRangeProb": 0.39551005747126433,
          "monthlyRangeWidth": 0.17618534482758622,
          "monthlyRegimeAligned": null,
          "weeklyBreakoutDownProb": 0.7195908061576034,
          "weeklyBreakoutUpProb": 0.4788393610708982,
          "weeklyRangeProb": 0.6105936537301366,
          "weeklyRegimeAligned": null
        },
        "frameState": "BEARISH",
        "revRisk": 0.7195908061576034,
        "ticker": "1308",
        "upProb": 0.7195908061576034
      }
    ]
  },
  "stage": {
    "goal20Reached": false,
    "goal30Reached": false,
    "stage2Active": false
  }
}