{
  "actions": [],
  "asOf": "2025-08-06",
  "checks": {
    "exposureOk": true,
    "lossLimitOk": true,
    "maxHoldingsOk": true,
    "noFutureLeakOk": true,
    "unitRuleOk": true
  },
  "mode": "BACKTEST",
  "policyVersion": "toredex.v8",
  "seasonId": "toredex_multiframe_20260318",
  "signals": {
    "buy": [
      {
        "frameSignals": {
          "effectiveRevRisk": 0.43441681210005817,
          "effectiveUpProb": 0.7962787230948225,
          "frameState": "BULLISH",
          "monthlyBoxMonths": 14.0,
          "monthlyBoxPos": 1.0,
          "monthlyBoxRangePct": 0.11492591254065775,
          "monthlyBoxState": "box_upper",
          "monthlyBoxWild": true,
          "monthlyBreakoutDownProb": 0.43441681210005817,
          "monthlyBreakoutUpProb": 0.7962787230948225,
          "monthlyRangePos": 1.0,
          "monthlyRangeProb": 0.46595404304828386,
          "monthlyRangeWidth": 0.09456806282722513,
          "monthlyRegimeAligned": null,
          "weeklyBreakoutDownProb": 0.3723746280571885,
          "weeklyBreakoutUpProb": 0.7231910878873649,
          "weeklyRangeProb": 0.4368132665650628,
          "weeklyRegimeAligned": null
        },
        "frameState": "BULLISH",
        "revRisk": 0.43441681210005817,
        "ticker": "1306",
        "upProb": 0.7962787230948225
      },
      {
        "frameSignals": {
          "effectiveRevRisk": 0.43752804442973264,
          "effectiveUpProb": 0.7978723012983191,
          "frameState": "BULLISH",
          "monthlyBoxMonths": 14.0,
          "monthlyBoxPos": 1.0,
          "monthlyBoxRangePct": 0.11046299671892089,
          "monthlyBoxState": "box_upper",
          "monthlyBoxWild": true,
          "monthlyBreakoutDownProb": 0.43752804442973264,
          "monthlyBreakoutUpProb": 0.7978723012983191,
          "monthlyRangePos": 1.0,
          "monthlyRangeProb": 0.47570157048806505,
          "monthlyRangeWidth": 0.09202250910294604,
          "monthlyRegimeAligned": null,
          "weeklyBreakoutDownProb": 0.37276757122471016,
          "weeklyBreakoutUpProb": 0.7196073003443489,
          "weeklyRangeProb": 0.441836331352987,
          "weeklyRegimeAligned": null
        },
        "frameState": "BULLISH",
        "revRisk": 0.43752804442973264,
        "ticker": "1308",
        "upProb": 0.7978723012983191
      },
      {
        "frameSignals": {
          "effectiveRevRisk": 0.405401386040921,
          "effectiveUpProb": 0.7200932422404809,
          "frameState": "BULLISH",
          "monthlyBoxMonths": 14.0,
          "monthlyBoxPos": 0.9495597945707998,
          "monthlyBoxRangePct": 0.15307297077238396,
          "monthlyBoxState": "box_upper",
          "monthlyBoxWild": true,
          "monthlyBreakoutDownProb": 0.405401386040921,
          "monthlyBreakoutUpProb": 0.7200932422404809,
          "monthlyRangePos": 0.9495597945707998,
          "monthlyRangeProb": 0.49355496960308665,
          "monthlyRangeWidth": 0.13275219752124473,
          "monthlyRegimeAligned": null,
          "weeklyBreakoutDownProb": 0.3471588977765199,
          "weeklyBreakoutUpProb": 0.6387292192096288,
          "weeklyRangeProb": 0.4341817476950699,
          "weeklyRegimeAligned": null
        },
        "frameState": "BULLISH",
        "revRisk": 0.405401386040921,
        "ticker": "1001",
        "upProb": 0.7200932422404809
      }
    ],
    "sell": [
      {
        "frameSignals": {
          "effectiveRevRisk": 0.43752804442973264,
          "effectiveUpProb": 0.7978723012983191,
          "frameState": "BULLISH",
          "monthlyBoxMonths": 14.0,
          "monthlyBoxPos": 1.0,
          "monthlyBoxRangePct": 0.11046299671892089,
          "monthlyBoxState": "box_upper",
          "monthlyBoxWild": true,
          "monthlyBreakoutDownProb": 0.43752804442973264,
          "monthlyBreakoutUpProb": 0.7978723012983191,
          "monthlyRangePos": 1.0,
          "monthlyRangeProb": 0.47570157048806505,
          "monthlyRangeWidth": 0.09202250910294604,
          "monthlyRegimeAligned": null,
          "weeklyBreakoutDownProb": 0.37276757122471016,
          "weeklyBreakoutUpProb": 0.7196073003443489,
          "weeklyRangeProb": 0.441836331352987,
          "weeklyRegimeAligned": null
        },
        "frameState": "BULLISH",
        "revRisk": 0.43752804442973264,
        "ticker": "1308",
        "upProb": 0.7978723012983191
      },
      {
        "frameSignals": {
          "effectiveRevRisk": 0.43441681210005817,
          "effectiveUpProb": 0.7962787230948225,
          "frameState": "BULLISH",
          "monthlyBoxMonths": 14.0,
          "monthlyBoxPos": 1.0,
          "monthlyBoxRangePct": 0.11492591254065775,
          "monthlyBoxState": "box_upper",
          "monthlyBoxWild": true,
          "monthlyBreakoutDownProb": 0.43441681210005817,
          "monthlyBreakoutUpProb": 0.7962787230948225,
          "monthlyRangePos": 1.0,
          "monthlyRangeProb": 0.46595404304828386,
          "monthlyRangeWidth": 0.09456806282722513,
          "monthlyRegimeAligned": null,
          "weeklyBreakoutDownProb": 0.3723746280571885,
          "weeklyBreakoutUpProb": 0.7231910878873649,
          "weeklyRangeProb": 0.4368132665650628,
          "weeklyRegimeAligned": null
        },
        "frameState": "BULLISH",
        "revRisk": 0.43441681210005817,
        "ticker": "1306",
        "upProb": 0.7962787230948225
      },
      {
        "frameSignals": {
          "effectiveRevRisk": 0.405401386040921,
          "effectiveUpProb": 0.7200932422404809,
          "frameState": "BULLISH",
          "monthlyBoxMonths": 14.0,
          "monthlyBoxPos": 0.9495597945707998,
          "monthlyBoxRangePct": 0.15307297077238396,
          "monthlyBoxState": "box_upper",
          "monthlyBoxWild": true,
          "monthlyBreakoutDownProb": 0.405401386040921,
          "monthlyBreakoutUpProb": 0.7200932422404809,
          "monthlyRangePos": 0.9495597945707998,
          "monthlyRangeProb": 0.49355496960308665,
          "monthlyRangeWidth": 0.13275219752124473,
          "monthlyRegimeAligned": null,
          "weeklyBreakoutDownProb": 0.3471588977765199,
          "weeklyBreakoutUpProb": 0.6387292192096288,
          "weeklyRangeProb": 0.4341817476950699,
          "weeklyRegimeAligned": null
        },
        "frameState": "BULLISH",
        "revRisk": 0.405401386040921,
        "ticker": "1001",
        "upProb": 0.7200932422404809
      }
    ]
  },
  "stage": {
    "goal20Reached": false,
    "goal30Reached": false,
    "stage2Active": false
  }
}