{
  "actions": [],
  "asOf": "2006-11-02",
  "checks": {
    "exposureOk": true,
    "lossLimitOk": true,
    "maxHoldingsOk": true,
    "noFutureLeakOk": true,
    "unitRuleOk": true
  },
  "mode": "BACKTEST",
  "policyVersion": "toredex.v8",
  "seasonId": "toredex_multiframe_20260318",
  "signals": {
    "buy": [
      {
        "frameSignals": {
          "effectiveRevRisk": 0.6129919689164108,
          "effectiveUpProb": 0.8108796296296298,
          "frameState": "BULLISH",
          "monthlyBoxMonths": 13.0,
          "monthlyBoxPos": 0.5595667870036101,
          "monthlyBoxRangePct": 0.18741542625169147,
          "monthlyBoxState": "box_mid",
          "monthlyBoxWild": false,
          "monthlyBreakoutDownProb": 0.6129919689164108,
          "monthlyBreakoutUpProb": 0.5599616658861079,
          "monthlyRangePos": 0.42424242424242425,
          "monthlyRangeProb": 0.7832604811711852,
          "monthlyRangeWidth": 0.11333714939896966,
          "monthlyRegimeAligned": null,
          "weeklyBreakoutDownProb": 0.4525764895330114,
          "weeklyBreakoutUpProb": 0.8108796296296298,
          "weeklyRangeProb": 0.5016505636070854,
          "weeklyRegimeAligned": null
        },
        "frameState": "BULLISH",
        "revRisk": 0.6129919689164108,
        "ticker": "1306",
        "upProb": 0.8108796296296298
      },
      {
        "frameSignals": {
          "effectiveRevRisk": 0.6215939339037736,
          "effectiveUpProb": 0.8076876513317192,
          "frameState": "BULLISH",
          "monthlyBoxMonths": 13.0,
          "monthlyBoxPos": 0.5627240143369175,
          "monthlyBoxRangePct": 0.1894093686354379,
          "monthlyBoxState": "box_mid",
          "monthlyBoxWild": false,
          "monthlyBreakoutDownProb": 0.6215939339037736,
          "monthlyBreakoutUpProb": 0.5566454802955262,
          "monthlyRangePos": 0.4072164948453608,
          "monthlyRangeProb": 0.7744657456913387,
          "monthlyRangeWidth": 0.11117478510028653,
          "monthlyRegimeAligned": null,
          "weeklyBreakoutDownProb": 0.4501210653753027,
          "weeklyBreakoutUpProb": 0.8076876513317192,
          "weeklyRangeProb": 0.5016949152542374,
          "weeklyRegimeAligned": null
        },
        "frameState": "BULLISH",
        "revRisk": 0.6215939339037736,
        "ticker": "1308",
        "upProb": 0.8076876513317192
      },
      {
        "frameSignals": {
          "effectiveRevRisk": 0.5067744525689682,
          "effectiveUpProb": 0.7618134379650204,
          "frameState": "BULLISH",
          "monthlyBoxMonths": 12.0,
          "monthlyBoxPos": 0.648892905558066,
          "monthlyBoxRangePct": 0.14838406866031917,
          "monthlyBoxState": "box_mid",
          "monthlyBoxWild": false,
          "monthlyBreakoutDownProb": 0.5067744525689682,
          "monthlyBreakoutUpProb": 0.6298425824272215,
          "monthlyRangePos": 0.675811614083219,
          "monthlyRangeProb": 0.6917510271849497,
          "monthlyRangeWidth": 0.1282021220470133,
          "monthlyRegimeAligned": null,
          "weeklyBreakoutDownProb": 0.41046216777103817,
          "weeklyBreakoutUpProb": 0.7618134379650204,
          "weeklyRangeProb": 0.47968657204438847,
          "weeklyRegimeAligned": null
        },
        "frameState": "BULLISH",
        "revRisk": 0.5067744525689682,
        "ticker": "1001",
        "upProb": 0.7618134379650204
      }
    ],
    "sell": [
      {
        "frameSignals": {
          "effectiveRevRisk": 0.6215939339037736,
          "effectiveUpProb": 0.8076876513317192,
          "frameState": "BULLISH",
          "monthlyBoxMonths": 13.0,
          "monthlyBoxPos": 0.5627240143369175,
          "monthlyBoxRangePct": 0.1894093686354379,
          "monthlyBoxState": "box_mid",
          "monthlyBoxWild": false,
          "monthlyBreakoutDownProb": 0.6215939339037736,
          "monthlyBreakoutUpProb": 0.5566454802955262,
          "monthlyRangePos": 0.4072164948453608,
          "monthlyRangeProb": 0.7744657456913387,
          "monthlyRangeWidth": 0.11117478510028653,
          "monthlyRegimeAligned": null,
          "weeklyBreakoutDownProb": 0.4501210653753027,
          "weeklyBreakoutUpProb": 0.8076876513317192,
          "weeklyRangeProb": 0.5016949152542374,
          "weeklyRegimeAligned": null
        },
        "frameState": "BULLISH",
        "revRisk": 0.6215939339037736,
        "ticker": "1308",
        "upProb": 0.8076876513317192
      },
      {
        "frameSignals": {
          "effectiveRevRisk": 0.6129919689164108,
          "effectiveUpProb": 0.8108796296296298,
          "frameState": "BULLISH",
          "monthlyBoxMonths": 13.0,
          "monthlyBoxPos": 0.5595667870036101,
          "monthlyBoxRangePct": 0.18741542625169147,
          "monthlyBoxState": "box_mid",
          "monthlyBoxWild": false,
          "monthlyBreakoutDownProb": 0.6129919689164108,
          "monthlyBreakoutUpProb": 0.5599616658861079,
          "monthlyRangePos": 0.42424242424242425,
          "monthlyRangeProb": 0.7832604811711852,
          "monthlyRangeWidth": 0.11333714939896966,
          "monthlyRegimeAligned": null,
          "weeklyBreakoutDownProb": 0.4525764895330114,
          "weeklyBreakoutUpProb": 0.8108796296296298,
          "weeklyRangeProb": 0.5016505636070854,
          "weeklyRegimeAligned": null
        },
        "frameState": "BULLISH",
        "revRisk": 0.6129919689164108,
        "ticker": "1306",
        "upProb": 0.8108796296296298
      },
      {
        "frameSignals": {
          "effectiveRevRisk": 0.5067744525689682,
          "effectiveUpProb": 0.7618134379650204,
          "frameState": "BULLISH",
          "monthlyBoxMonths": 12.0,
          "monthlyBoxPos": 0.648892905558066,
          "monthlyBoxRangePct": 0.14838406866031917,
          "monthlyBoxState": "box_mid",
          "monthlyBoxWild": false,
          "monthlyBreakoutDownProb": 0.5067744525689682,
          "monthlyBreakoutUpProb": 0.6298425824272215,
          "monthlyRangePos": 0.675811614083219,
          "monthlyRangeProb": 0.6917510271849497,
          "monthlyRangeWidth": 0.1282021220470133,
          "monthlyRegimeAligned": null,
          "weeklyBreakoutDownProb": 0.41046216777103817,
          "weeklyBreakoutUpProb": 0.7618134379650204,
          "weeklyRangeProb": 0.47968657204438847,
          "weeklyRegimeAligned": null
        },
        "frameState": "BULLISH",
        "revRisk": 0.5067744525689682,
        "ticker": "1001",
        "upProb": 0.7618134379650204
      }
    ]
  },
  "stage": {
    "goal20Reached": false,
    "goal30Reached": false,
    "stage2Active": false
  }
}