{
  "actions": [],
  "asOf": "2024-11-19",
  "checks": {
    "exposureOk": true,
    "lossLimitOk": true,
    "maxHoldingsOk": true,
    "noFutureLeakOk": true,
    "unitRuleOk": true
  },
  "mode": "BACKTEST",
  "policyVersion": "toredex.v8",
  "seasonId": "toredex_multiframe_20260318",
  "signals": {
    "buy": [
      {
        "frameSignals": {
          "effectiveRevRisk": 0.5129356124396542,
          "effectiveUpProb": 0.5984276717261194,
          "frameState": "BULLISH",
          "monthlyBoxMonths": 10.0,
          "monthlyBoxPos": 0.543859649122807,
          "monthlyBoxRangePct": 0.13068398930072603,
          "monthlyBoxState": "box_mid",
          "monthlyBoxWild": true,
          "monthlyBreakoutDownProb": 0.4415311200019816,
          "monthlyBreakoutUpProb": 0.5984276717261194,
          "monthlyRangePos": 0.7241379310344828,
          "monthlyRangeProb": 0.600806370660649,
          "monthlyRangeWidth": 0.16774413065668595,
          "monthlyRegimeAligned": null,
          "weeklyBreakoutDownProb": 0.5129356124396542,
          "weeklyBreakoutUpProb": 0.5912689457729876,
          "weeklyRangeProb": 0.7173329965195914,
          "weeklyRegimeAligned": null
        },
        "frameState": "BULLISH",
        "revRisk": 0.5129356124396542,
        "ticker": "1308",
        "upProb": 0.5984276717261194
      },
      {
        "frameSignals": {
          "effectiveRevRisk": 0.5117225615789154,
          "effectiveUpProb": 0.5918475860373109,
          "frameState": "BULLISH",
          "monthlyBoxMonths": 10.0,
          "monthlyBoxPos": 0.51875808538163,
          "monthlyBoxRangePct": 0.12880471006443012,
          "monthlyBoxState": "box_mid",
          "monthlyBoxWild": true,
          "monthlyBreakoutDownProb": 0.4400373036332559,
          "monthlyBreakoutUpProb": 0.5918475860373109,
          "monthlyRangePos": 0.7168718320057929,
          "monthlyRangeProb": 0.6011216978558254,
          "monthlyRangeWidth": 0.17104709058931358,
          "monthlyRegimeAligned": null,
          "weeklyBreakoutDownProb": 0.5117225615789154,
          "weeklyBreakoutUpProb": 0.5724119370858092,
          "weeklyRangeProb": 0.7231173737040798,
          "weeklyRegimeAligned": null
        },
        "frameState": "BULLISH",
        "revRisk": 0.5117225615789154,
        "ticker": "1001",
        "upProb": 0.5918475860373109
      },
      {
        "frameSignals": {
          "effectiveRevRisk": 0.5168816137566138,
          "effectiveUpProb": 0.6069795881572828,
          "frameState": "BULLISH",
          "monthlyBoxMonths": 10.0,
          "monthlyBoxPos": 0.557163531114327,
          "monthlyBoxRangePct": 0.13040196263445933,
          "monthlyBoxState": "box_mid",
          "monthlyBoxWild": true,
          "monthlyBreakoutDownProb": 0.4362306003030319,
          "monthlyBreakoutUpProb": 0.6069795881572828,
          "monthlyRangePos": 0.7439271255060729,
          "monthlyRangeProb": 0.5888752144177531,
          "monthlyRangeWidth": 0.1664140138116894,
          "monthlyRegimeAligned": null,
          "weeklyBreakoutDownProb": 0.5168816137566138,
          "weeklyBreakoutUpProb": 0.5606316137566137,
          "weeklyRangeProb": 0.7361441798941799,
          "weeklyRegimeAligned": null
        },
        "frameState": "BULLISH",
        "revRisk": 0.5168816137566138,
        "ticker": "1306",
        "upProb": 0.6069795881572828
      }
    ],
    "sell": [
      {
        "frameSignals": {
          "effectiveRevRisk": 0.5129356124396542,
          "effectiveUpProb": 0.5984276717261194,
          "frameState": "BULLISH",
          "monthlyBoxMonths": 10.0,
          "monthlyBoxPos": 0.543859649122807,
          "monthlyBoxRangePct": 0.13068398930072603,
          "monthlyBoxState": "box_mid",
          "monthlyBoxWild": true,
          "monthlyBreakoutDownProb": 0.4415311200019816,
          "monthlyBreakoutUpProb": 0.5984276717261194,
          "monthlyRangePos": 0.7241379310344828,
          "monthlyRangeProb": 0.600806370660649,
          "monthlyRangeWidth": 0.16774413065668595,
          "monthlyRegimeAligned": null,
          "weeklyBreakoutDownProb": 0.5129356124396542,
          "weeklyBreakoutUpProb": 0.5912689457729876,
          "weeklyRangeProb": 0.7173329965195914,
          "weeklyRegimeAligned": null
        },
        "frameState": "BULLISH",
        "revRisk": 0.5129356124396542,
        "ticker": "1308",
        "upProb": 0.5984276717261194
      },
      {
        "frameSignals": {
          "effectiveRevRisk": 0.5117225615789154,
          "effectiveUpProb": 0.5918475860373109,
          "frameState": "BULLISH",
          "monthlyBoxMonths": 10.0,
          "monthlyBoxPos": 0.51875808538163,
          "monthlyBoxRangePct": 0.12880471006443012,
          "monthlyBoxState": "box_mid",
          "monthlyBoxWild": true,
          "monthlyBreakoutDownProb": 0.4400373036332559,
          "monthlyBreakoutUpProb": 0.5918475860373109,
          "monthlyRangePos": 0.7168718320057929,
          "monthlyRangeProb": 0.6011216978558254,
          "monthlyRangeWidth": 0.17104709058931358,
          "monthlyRegimeAligned": null,
          "weeklyBreakoutDownProb": 0.5117225615789154,
          "weeklyBreakoutUpProb": 0.5724119370858092,
          "weeklyRangeProb": 0.7231173737040798,
          "weeklyRegimeAligned": null
        },
        "frameState": "BULLISH",
        "revRisk": 0.5117225615789154,
        "ticker": "1001",
        "upProb": 0.5918475860373109
      },
      {
        "frameSignals": {
          "effectiveRevRisk": 0.5168816137566138,
          "effectiveUpProb": 0.6069795881572828,
          "frameState": "BULLISH",
          "monthlyBoxMonths": 10.0,
          "monthlyBoxPos": 0.557163531114327,
          "monthlyBoxRangePct": 0.13040196263445933,
          "monthlyBoxState": "box_mid",
          "monthlyBoxWild": true,
          "monthlyBreakoutDownProb": 0.4362306003030319,
          "monthlyBreakoutUpProb": 0.6069795881572828,
          "monthlyRangePos": 0.7439271255060729,
          "monthlyRangeProb": 0.5888752144177531,
          "monthlyRangeWidth": 0.1664140138116894,
          "monthlyRegimeAligned": null,
          "weeklyBreakoutDownProb": 0.5168816137566138,
          "weeklyBreakoutUpProb": 0.5606316137566137,
          "weeklyRangeProb": 0.7361441798941799,
          "weeklyRegimeAligned": null
        },
        "frameState": "BULLISH",
        "revRisk": 0.5168816137566138,
        "ticker": "1306",
        "upProb": 0.6069795881572828
      }
    ]
  },
  "stage": {
    "goal20Reached": false,
    "goal30Reached": false,
    "stage2Active": false
  }
}