{
  "actions": [],
  "asOf": "2008-04-02",
  "checks": {
    "exposureOk": true,
    "lossLimitOk": true,
    "maxHoldingsOk": true,
    "noFutureLeakOk": true,
    "unitRuleOk": true
  },
  "mode": "BACKTEST",
  "policyVersion": "toredex.v8",
  "seasonId": "toredex_multiframe_20260318",
  "signals": {
    "buy": [
      {
        "frameSignals": {
          "effectiveRevRisk": 0.5510803729413366,
          "effectiveUpProb": 0.3233922008983259,
          "frameState": "BEARISH",
          "monthlyBoxMonths": 4.0,
          "monthlyBoxPos": 0.3488372093023256,
          "monthlyBoxRangePct": 0.17366720516962844,
          "monthlyBoxState": "box_mid",
          "monthlyBoxWild": false,
          "monthlyBreakoutDownProb": 0.4716868766750143,
          "monthlyBreakoutUpProb": 0.21510324678177586,
          "monthlyRangePos": 0.13345195729537365,
          "monthlyRangeProb": 0.2924287157857739,
          "monthlyRangeWidth": 0.31222222222222223,
          "monthlyRegimeAligned": null,
          "weeklyBreakoutDownProb": 0.5510803729413366,
          "weeklyBreakoutUpProb": 0.3233922008983259,
          "weeklyRangeProb": 0.43222743977133526,
          "weeklyRegimeAligned": null
        },
        "frameState": "BEARISH",
        "revRisk": 0.5510803729413366,
        "ticker": "1306",
        "upProb": 0.3233922008983259
      },
      {
        "frameSignals": {
          "effectiveRevRisk": 0.5527368870619112,
          "effectiveUpProb": 0.319090774461375,
          "frameState": "BEARISH",
          "monthlyBoxMonths": 4.0,
          "monthlyBoxPos": 0.3526570048309179,
          "monthlyBoxRangePct": 0.16774716369529985,
          "monthlyBoxState": "box_mid",
          "monthlyBoxWild": false,
          "monthlyBreakoutDownProb": 0.47246932705723466,
          "monthlyBreakoutUpProb": 0.21355667108575513,
          "monthlyRangePos": 0.13012477718360071,
          "monthlyRangeProb": 0.28964816111301445,
          "monthlyRangeWidth": 0.3125348189415042,
          "monthlyRegimeAligned": null,
          "weeklyBreakoutDownProb": 0.5527368870619112,
          "weeklyBreakoutUpProb": 0.319090774461375,
          "weeklyRangeProb": 0.42470659648140563,
          "weeklyRegimeAligned": null
        },
        "frameState": "BEARISH",
        "revRisk": 0.5527368870619112,
        "ticker": "1308",
        "upProb": 0.319090774461375
      },
      {
        "frameSignals": {
          "effectiveRevRisk": 0.5608835925833577,
          "effectiveUpProb": 0.31998184291983156,
          "frameState": "BEARISH",
          "monthlyBoxMonths": 3.0,
          "monthlyBoxPos": 0.6159554730983302,
          "monthlyBoxRangePct": 0.08606786427145709,
          "monthlyBoxState": "box_mid",
          "monthlyBoxWild": false,
          "monthlyBreakoutDownProb": 0.48036624884535783,
          "monthlyBreakoutUpProb": 0.2131740165275242,
          "monthlyRangePos": 0.11829681097452342,
          "monthlyRangeProb": 0.28580883358432396,
          "monthlyRangeWidth": 0.30946080052927555,
          "monthlyRegimeAligned": null,
          "weeklyBreakoutDownProb": 0.5608835925833577,
          "weeklyBreakoutUpProb": 0.31998184291983156,
          "weeklyRangeProb": 0.42279146222472197,
          "weeklyRegimeAligned": null
        },
        "frameState": "BEARISH",
        "revRisk": 0.5608835925833577,
        "ticker": "1001",
        "upProb": 0.31998184291983156
      }
    ],
    "sell": [
      {
        "frameSignals": {
          "effectiveRevRisk": 0.5608835925833577,
          "effectiveUpProb": 0.5608835925833577,
          "frameState": "BEARISH",
          "monthlyBoxMonths": 3.0,
          "monthlyBoxPos": 0.6159554730983302,
          "monthlyBoxRangePct": 0.08606786427145709,
          "monthlyBoxState": "box_mid",
          "monthlyBoxWild": false,
          "monthlyBreakoutDownProb": 0.48036624884535783,
          "monthlyBreakoutUpProb": 0.2131740165275242,
          "monthlyRangePos": 0.11829681097452342,
          "monthlyRangeProb": 0.28580883358432396,
          "monthlyRangeWidth": 0.30946080052927555,
          "monthlyRegimeAligned": null,
          "weeklyBreakoutDownProb": 0.5608835925833577,
          "weeklyBreakoutUpProb": 0.31998184291983156,
          "weeklyRangeProb": 0.42279146222472197,
          "weeklyRegimeAligned": null
        },
        "frameState": "BEARISH",
        "revRisk": 0.5608835925833577,
        "ticker": "1001",
        "upProb": 0.5608835925833577
      },
      {
        "frameSignals": {
          "effectiveRevRisk": 0.5510803729413366,
          "effectiveUpProb": 0.5510803729413366,
          "frameState": "BEARISH",
          "monthlyBoxMonths": 4.0,
          "monthlyBoxPos": 0.3488372093023256,
          "monthlyBoxRangePct": 0.17366720516962844,
          "monthlyBoxState": "box_mid",
          "monthlyBoxWild": false,
          "monthlyBreakoutDownProb": 0.4716868766750143,
          "monthlyBreakoutUpProb": 0.21510324678177586,
          "monthlyRangePos": 0.13345195729537365,
          "monthlyRangeProb": 0.2924287157857739,
          "monthlyRangeWidth": 0.31222222222222223,
          "monthlyRegimeAligned": null,
          "weeklyBreakoutDownProb": 0.5510803729413366,
          "weeklyBreakoutUpProb": 0.3233922008983259,
          "weeklyRangeProb": 0.43222743977133526,
          "weeklyRegimeAligned": null
        },
        "frameState": "BEARISH",
        "revRisk": 0.5510803729413366,
        "ticker": "1306",
        "upProb": 0.5510803729413366
      },
      {
        "frameSignals": {
          "effectiveRevRisk": 0.5527368870619112,
          "effectiveUpProb": 0.5527368870619112,
          "frameState": "BEARISH",
          "monthlyBoxMonths": 4.0,
          "monthlyBoxPos": 0.3526570048309179,
          "monthlyBoxRangePct": 0.16774716369529985,
          "monthlyBoxState": "box_mid",
          "monthlyBoxWild": false,
          "monthlyBreakoutDownProb": 0.47246932705723466,
          "monthlyBreakoutUpProb": 0.21355667108575513,
          "monthlyRangePos": 0.13012477718360071,
          "monthlyRangeProb": 0.28964816111301445,
          "monthlyRangeWidth": 0.3125348189415042,
          "monthlyRegimeAligned": null,
          "weeklyBreakoutDownProb": 0.5527368870619112,
          "weeklyBreakoutUpProb": 0.319090774461375,
          "weeklyRangeProb": 0.42470659648140563,
          "weeklyRegimeAligned": null
        },
        "frameState": "BEARISH",
        "revRisk": 0.5527368870619112,
        "ticker": "1308",
        "upProb": 0.5527368870619112
      }
    ]
  },
  "stage": {
    "goal20Reached": false,
    "goal30Reached": false,
    "stage2Active": false
  }
}