{
  "actions": [],
  "asOf": "2005-03-24",
  "checks": {
    "exposureOk": true,
    "lossLimitOk": true,
    "maxHoldingsOk": true,
    "noFutureLeakOk": true,
    "unitRuleOk": true
  },
  "mode": "BACKTEST",
  "policyVersion": "toredex.v8",
  "seasonId": "toredex_multiframe_20260318",
  "signals": {
    "buy": [
      {
        "frameSignals": {
          "effectiveRevRisk": 0.4743457897223175,
          "effectiveUpProb": 0.7671750415638307,
          "frameState": "BULLISH",
          "monthlyBoxMonths": 14.0,
          "monthlyBoxPos": 0.8435940099833611,
          "monthlyBoxRangePct": 0.11201192805889479,
          "monthlyBoxState": "box_upper",
          "monthlyBoxWild": false,
          "monthlyBreakoutDownProb": 0.4743457897223175,
          "monthlyBreakoutUpProb": 0.7515767004858869,
          "monthlyRangePos": 0.8960441582336707,
          "monthlyRangeProb": 0.5903596516321877,
          "monthlyRangeWidth": 0.09166807218755271,
          "monthlyRegimeAligned": null,
          "weeklyBreakoutDownProb": 0.44356750086117425,
          "weeklyBreakoutUpProb": 0.7671750415638307,
          "weeklyRangeProb": 0.5350130525484829,
          "weeklyRegimeAligned": null
        },
        "frameState": "BULLISH",
        "revRisk": 0.4743457897223175,
        "ticker": "1001",
        "upProb": 0.7671750415638307
      },
      {
        "frameSignals": {
          "effectiveRevRisk": 0.45236637326189566,
          "effectiveUpProb": 0.7769939493949395,
          "frameState": "BULLISH",
          "monthlyBoxMonths": 14.0,
          "monthlyBoxPos": 0.9166666666666666,
          "monthlyBoxRangePct": 0.14772727272727273,
          "monthlyBoxState": "box_upper",
          "monthlyBoxWild": false,
          "monthlyBreakoutDownProb": 0.45236637326189566,
          "monthlyBreakoutUpProb": 0.7604860313815538,
          "monthlyRangePos": 0.9401709401709402,
          "monthlyRangeProb": 0.5517476718969256,
          "monthlyRangeWidth": 0.09701492537313433,
          "monthlyRegimeAligned": null,
          "weeklyBreakoutDownProb": 0.42596259625962596,
          "weeklyBreakoutUpProb": 0.7769939493949395,
          "weeklyRangeProb": 0.4992849284928493,
          "weeklyRegimeAligned": null
        },
        "frameState": "BULLISH",
        "revRisk": 0.45236637326189566,
        "ticker": "1306",
        "upProb": 0.7769939493949395
      },
      {
        "frameSignals": {
          "effectiveRevRisk": 0.4564392404721389,
          "effectiveUpProb": 0.7791678211877713,
          "frameState": "BULLISH",
          "monthlyBoxMonths": 14.0,
          "monthlyBoxPos": 0.8910256410256411,
          "monthlyBoxRangePct": 0.14800759013282733,
          "monthlyBoxState": "box_upper",
          "monthlyBoxWild": false,
          "monthlyBreakoutDownProb": 0.4564392404721389,
          "monthlyBreakoutUpProb": 0.7438376144558787,
          "monthlyRangePos": 0.9105691056910569,
          "monthlyRangeProb": 0.565037949382816,
          "monthlyRangeWidth": 0.10215946843853821,
          "monthlyRegimeAligned": null,
          "weeklyBreakoutDownProb": 0.4260506142052277,
          "weeklyBreakoutUpProb": 0.7791678211877713,
          "weeklyRangeProb": 0.4910455343123673,
          "weeklyRegimeAligned": null
        },
        "frameState": "BULLISH",
        "revRisk": 0.4564392404721389,
        "ticker": "1308",
        "upProb": 0.7791678211877713
      }
    ],
    "sell": [
      {
        "frameSignals": {
          "effectiveRevRisk": 0.4743457897223175,
          "effectiveUpProb": 0.7671750415638307,
          "frameState": "BULLISH",
          "monthlyBoxMonths": 14.0,
          "monthlyBoxPos": 0.8435940099833611,
          "monthlyBoxRangePct": 0.11201192805889479,
          "monthlyBoxState": "box_upper",
          "monthlyBoxWild": false,
          "monthlyBreakoutDownProb": 0.4743457897223175,
          "monthlyBreakoutUpProb": 0.7515767004858869,
          "monthlyRangePos": 0.8960441582336707,
          "monthlyRangeProb": 0.5903596516321877,
          "monthlyRangeWidth": 0.09166807218755271,
          "monthlyRegimeAligned": null,
          "weeklyBreakoutDownProb": 0.44356750086117425,
          "weeklyBreakoutUpProb": 0.7671750415638307,
          "weeklyRangeProb": 0.5350130525484829,
          "weeklyRegimeAligned": null
        },
        "frameState": "BULLISH",
        "revRisk": 0.4743457897223175,
        "ticker": "1001",
        "upProb": 0.7671750415638307
      },
      {
        "frameSignals": {
          "effectiveRevRisk": 0.45236637326189566,
          "effectiveUpProb": 0.7769939493949395,
          "frameState": "BULLISH",
          "monthlyBoxMonths": 14.0,
          "monthlyBoxPos": 0.9166666666666666,
          "monthlyBoxRangePct": 0.14772727272727273,
          "monthlyBoxState": "box_upper",
          "monthlyBoxWild": false,
          "monthlyBreakoutDownProb": 0.45236637326189566,
          "monthlyBreakoutUpProb": 0.7604860313815538,
          "monthlyRangePos": 0.9401709401709402,
          "monthlyRangeProb": 0.5517476718969256,
          "monthlyRangeWidth": 0.09701492537313433,
          "monthlyRegimeAligned": null,
          "weeklyBreakoutDownProb": 0.42596259625962596,
          "weeklyBreakoutUpProb": 0.7769939493949395,
          "weeklyRangeProb": 0.4992849284928493,
          "weeklyRegimeAligned": null
        },
        "frameState": "BULLISH",
        "revRisk": 0.45236637326189566,
        "ticker": "1306",
        "upProb": 0.7769939493949395
      },
      {
        "frameSignals": {
          "effectiveRevRisk": 0.4564392404721389,
          "effectiveUpProb": 0.7791678211877713,
          "frameState": "BULLISH",
          "monthlyBoxMonths": 14.0,
          "monthlyBoxPos": 0.8910256410256411,
          "monthlyBoxRangePct": 0.14800759013282733,
          "monthlyBoxState": "box_upper",
          "monthlyBoxWild": false,
          "monthlyBreakoutDownProb": 0.4564392404721389,
          "monthlyBreakoutUpProb": 0.7438376144558787,
          "monthlyRangePos": 0.9105691056910569,
          "monthlyRangeProb": 0.565037949382816,
          "monthlyRangeWidth": 0.10215946843853821,
          "monthlyRegimeAligned": null,
          "weeklyBreakoutDownProb": 0.4260506142052277,
          "weeklyBreakoutUpProb": 0.7791678211877713,
          "weeklyRangeProb": 0.4910455343123673,
          "weeklyRegimeAligned": null
        },
        "frameState": "BULLISH",
        "revRisk": 0.4564392404721389,
        "ticker": "1308",
        "upProb": 0.7791678211877713
      }
    ]
  },
  "stage": {
    "goal20Reached": false,
    "goal30Reached": false,
    "stage2Active": false
  }
}