{
  "actions": [],
  "asOf": "2024-12-12",
  "checks": {
    "exposureOk": true,
    "lossLimitOk": true,
    "maxHoldingsOk": true,
    "noFutureLeakOk": true,
    "unitRuleOk": true
  },
  "mode": "BACKTEST",
  "policyVersion": "toredex.v8",
  "seasonId": "toredex_multiframe_20260318",
  "signals": {
    "buy": [
      {
        "frameSignals": {
          "effectiveRevRisk": 0.463829979944703,
          "effectiveUpProb": 0.6787763872491889,
          "frameState": "BULLISH",
          "monthlyBoxMonths": 11.0,
          "monthlyBoxPos": 0.828158689090125,
          "monthlyBoxRangePct": 0.12880471006443012,
          "monthlyBoxState": "box_upper",
          "monthlyBoxWild": true,
          "monthlyBreakoutDownProb": 0.36730015663832466,
          "monthlyBreakoutUpProb": 0.6645847330322421,
          "monthlyRangePos": 0.9246922519913107,
          "monthlyRangeProb": 0.4556474038659629,
          "monthlyRangeWidth": 0.17104709058931358,
          "monthlyRegimeAligned": null,
          "weeklyBreakoutDownProb": 0.463829979944703,
          "weeklyBreakoutUpProb": 0.6787763872491889,
          "weeklyRangeProb": 0.6034119005828138,
          "weeklyRegimeAligned": null
        },
        "frameState": "BULLISH",
        "revRisk": 0.463829979944703,
        "ticker": "1001",
        "upProb": 0.6787763872491889
      },
      {
        "frameSignals": {
          "effectiveRevRisk": 0.48507340366904717,
          "effectiveUpProb": 0.6577149131030094,
          "frameState": "BULLISH",
          "monthlyBoxMonths": 11.0,
          "monthlyBoxPos": 0.7424023154848046,
          "monthlyBoxRangePct": 0.13040196263445933,
          "monthlyBoxState": "box_mid",
          "monthlyBoxWild": true,
          "monthlyBreakoutDownProb": 0.390886470748376,
          "monthlyBreakoutUpProb": 0.6523237177119388,
          "monthlyRangePos": 0.8734817813765182,
          "monthlyRangeProb": 0.4981869553084414,
          "monthlyRangeWidth": 0.1664140138116894,
          "monthlyRegimeAligned": null,
          "weeklyBreakoutDownProb": 0.48507340366904717,
          "weeklyBreakoutUpProb": 0.6577149131030094,
          "weeklyRangeProb": 0.6458243141131621,
          "weeklyRegimeAligned": null
        },
        "frameState": "BULLISH",
        "revRisk": 0.48507340366904717,
        "ticker": "1306",
        "upProb": 0.6577149131030094
      },
      {
        "frameSignals": {
          "effectiveRevRisk": 0.49061686043700437,
          "effectiveUpProb": 0.6495357793559233,
          "frameState": "BULLISH",
          "monthlyBoxMonths": 11.0,
          "monthlyBoxPos": 0.7514619883040936,
          "monthlyBoxRangePct": 0.13068398930072603,
          "monthlyBoxState": "box_upper",
          "monthlyBoxWild": true,
          "monthlyBreakoutDownProb": 0.39112544048879694,
          "monthlyBreakoutUpProb": 0.6488333512393041,
          "monthlyRangePos": 0.8681541582150102,
          "monthlyRangeProb": 0.49999501163427984,
          "monthlyRangeWidth": 0.16774413065668595,
          "monthlyRegimeAligned": null,
          "weeklyBreakoutDownProb": 0.49061686043700437,
          "weeklyBreakoutUpProb": 0.6495357793559233,
          "weeklyRangeProb": 0.6579894591405383,
          "weeklyRegimeAligned": null
        },
        "frameState": "BULLISH",
        "revRisk": 0.49061686043700437,
        "ticker": "1308",
        "upProb": 0.6495357793559233
      }
    ],
    "sell": [
      {
        "frameSignals": {
          "effectiveRevRisk": 0.48507340366904717,
          "effectiveUpProb": 0.6577149131030094,
          "frameState": "BULLISH",
          "monthlyBoxMonths": 11.0,
          "monthlyBoxPos": 0.7424023154848046,
          "monthlyBoxRangePct": 0.13040196263445933,
          "monthlyBoxState": "box_mid",
          "monthlyBoxWild": true,
          "monthlyBreakoutDownProb": 0.390886470748376,
          "monthlyBreakoutUpProb": 0.6523237177119388,
          "monthlyRangePos": 0.8734817813765182,
          "monthlyRangeProb": 0.4981869553084414,
          "monthlyRangeWidth": 0.1664140138116894,
          "monthlyRegimeAligned": null,
          "weeklyBreakoutDownProb": 0.48507340366904717,
          "weeklyBreakoutUpProb": 0.6577149131030094,
          "weeklyRangeProb": 0.6458243141131621,
          "weeklyRegimeAligned": null
        },
        "frameState": "BULLISH",
        "revRisk": 0.48507340366904717,
        "ticker": "1306",
        "upProb": 0.6577149131030094
      },
      {
        "frameSignals": {
          "effectiveRevRisk": 0.49061686043700437,
          "effectiveUpProb": 0.6495357793559233,
          "frameState": "BULLISH",
          "monthlyBoxMonths": 11.0,
          "monthlyBoxPos": 0.7514619883040936,
          "monthlyBoxRangePct": 0.13068398930072603,
          "monthlyBoxState": "box_upper",
          "monthlyBoxWild": true,
          "monthlyBreakoutDownProb": 0.39112544048879694,
          "monthlyBreakoutUpProb": 0.6488333512393041,
          "monthlyRangePos": 0.8681541582150102,
          "monthlyRangeProb": 0.49999501163427984,
          "monthlyRangeWidth": 0.16774413065668595,
          "monthlyRegimeAligned": null,
          "weeklyBreakoutDownProb": 0.49061686043700437,
          "weeklyBreakoutUpProb": 0.6495357793559233,
          "weeklyRangeProb": 0.6579894591405383,
          "weeklyRegimeAligned": null
        },
        "frameState": "BULLISH",
        "revRisk": 0.49061686043700437,
        "ticker": "1308",
        "upProb": 0.6495357793559233
      },
      {
        "frameSignals": {
          "effectiveRevRisk": 0.463829979944703,
          "effectiveUpProb": 0.6787763872491889,
          "frameState": "BULLISH",
          "monthlyBoxMonths": 11.0,
          "monthlyBoxPos": 0.828158689090125,
          "monthlyBoxRangePct": 0.12880471006443012,
          "monthlyBoxState": "box_upper",
          "monthlyBoxWild": true,
          "monthlyBreakoutDownProb": 0.36730015663832466,
          "monthlyBreakoutUpProb": 0.6645847330322421,
          "monthlyRangePos": 0.9246922519913107,
          "monthlyRangeProb": 0.4556474038659629,
          "monthlyRangeWidth": 0.17104709058931358,
          "monthlyRegimeAligned": null,
          "weeklyBreakoutDownProb": 0.463829979944703,
          "weeklyBreakoutUpProb": 0.6787763872491889,
          "weeklyRangeProb": 0.6034119005828138,
          "weeklyRegimeAligned": null
        },
        "frameState": "BULLISH",
        "revRisk": 0.463829979944703,
        "ticker": "1001",
        "upProb": 0.6787763872491889
      }
    ]
  },
  "stage": {
    "goal20Reached": false,
    "goal30Reached": false,
    "stage2Active": false
  }
}