{
  "actions": [],
  "asOf": "2008-03-28",
  "checks": {
    "exposureOk": true,
    "lossLimitOk": true,
    "maxHoldingsOk": true,
    "noFutureLeakOk": true,
    "unitRuleOk": true
  },
  "mode": "BACKTEST",
  "policyVersion": "toredex.v8",
  "seasonId": "toredex_multiframe_20260318",
  "signals": {
    "buy": [
      {
        "frameSignals": {
          "effectiveRevRisk": 0.9187934078869924,
          "effectiveUpProb": 0.31998184291983156,
          "frameState": "BEARISH",
          "monthlyBoxMonths": 3.0,
          "monthlyBoxPos": 0.0,
          "monthlyBoxRangePct": 0.18213728549141966,
          "monthlyBoxState": "box_lower",
          "monthlyBoxWild": false,
          "monthlyBreakoutDownProb": 0.9187934078869924,
          "monthlyBreakoutUpProb": 0.24366952132416905,
          "monthlyRangePos": 0.0,
          "monthlyRangeProb": 0.003982487960132786,
          "monthlyRangeWidth": 0.25063402800749807,
          "monthlyRegimeAligned": null,
          "weeklyBreakoutDownProb": 0.5608835925833577,
          "weeklyBreakoutUpProb": 0.31998184291983156,
          "weeklyRangeProb": 0.42279146222472197,
          "weeklyRegimeAligned": null
        },
        "frameState": "BEARISH",
        "revRisk": 0.9187934078869924,
        "ticker": "1001",
        "upProb": 0.31998184291983156
      },
      {
        "frameSignals": {
          "effectiveRevRisk": 0.8999552906110283,
          "effectiveUpProb": 0.3233922008983259,
          "frameState": "BEARISH",
          "monthlyBoxMonths": 3.0,
          "monthlyBoxPos": 0.0,
          "monthlyBoxRangePct": 0.14139827179890024,
          "monthlyBoxState": "box_lower",
          "monthlyBoxWild": false,
          "monthlyBreakoutDownProb": 0.8999552906110283,
          "monthlyBreakoutUpProb": 0.2390123456790124,
          "monthlyRangePos": 0.0,
          "monthlyRangeProb": 0.025390149215285873,
          "monthlyRangeWidth": 0.2544444444444444,
          "monthlyRegimeAligned": null,
          "weeklyBreakoutDownProb": 0.5510803729413366,
          "weeklyBreakoutUpProb": 0.3233922008983259,
          "weeklyRangeProb": 0.43222743977133526,
          "weeklyRegimeAligned": null
        },
        "frameState": "BEARISH",
        "revRisk": 0.8999552906110283,
        "ticker": "1306",
        "upProb": 0.3233922008983259
      },
      {
        "frameSignals": {
          "effectiveRevRisk": 0.908340807174888,
          "effectiveUpProb": 0.319090774461375,
          "frameState": "BEARISH",
          "monthlyBoxMonths": 3.0,
          "monthlyBoxPos": 0.0,
          "monthlyBoxRangePct": 0.1382306477093207,
          "monthlyBoxState": "box_lower",
          "monthlyBoxWild": false,
          "monthlyBreakoutDownProb": 0.908340807174888,
          "monthlyBreakoutUpProb": 0.23882698854843706,
          "monthlyRangePos": 0.0,
          "monthlyRangeProb": 0.013191781411300008,
          "monthlyRangeWidth": 0.2545961002785515,
          "monthlyRegimeAligned": null,
          "weeklyBreakoutDownProb": 0.5527368870619112,
          "weeklyBreakoutUpProb": 0.319090774461375,
          "weeklyRangeProb": 0.42470659648140563,
          "weeklyRegimeAligned": null
        },
        "frameState": "BEARISH",
        "revRisk": 0.908340807174888,
        "ticker": "1308",
        "upProb": 0.319090774461375
      }
    ],
    "sell": [
      {
        "frameSignals": {
          "effectiveRevRisk": 0.908340807174888,
          "effectiveUpProb": 0.5527368870619112,
          "frameState": "BEARISH",
          "monthlyBoxMonths": 3.0,
          "monthlyBoxPos": 0.0,
          "monthlyBoxRangePct": 0.1382306477093207,
          "monthlyBoxState": "box_lower",
          "monthlyBoxWild": false,
          "monthlyBreakoutDownProb": 0.908340807174888,
          "monthlyBreakoutUpProb": 0.23882698854843706,
          "monthlyRangePos": 0.0,
          "monthlyRangeProb": 0.013191781411300008,
          "monthlyRangeWidth": 0.2545961002785515,
          "monthlyRegimeAligned": null,
          "weeklyBreakoutDownProb": 0.5527368870619112,
          "weeklyBreakoutUpProb": 0.319090774461375,
          "weeklyRangeProb": 0.42470659648140563,
          "weeklyRegimeAligned": null
        },
        "frameState": "BEARISH",
        "revRisk": 0.908340807174888,
        "ticker": "1308",
        "upProb": 0.5527368870619112
      },
      {
        "frameSignals": {
          "effectiveRevRisk": 0.9187934078869924,
          "effectiveUpProb": 0.5608835925833577,
          "frameState": "BEARISH",
          "monthlyBoxMonths": 3.0,
          "monthlyBoxPos": 0.0,
          "monthlyBoxRangePct": 0.18213728549141966,
          "monthlyBoxState": "box_lower",
          "monthlyBoxWild": false,
          "monthlyBreakoutDownProb": 0.9187934078869924,
          "monthlyBreakoutUpProb": 0.24366952132416905,
          "monthlyRangePos": 0.0,
          "monthlyRangeProb": 0.003982487960132786,
          "monthlyRangeWidth": 0.25063402800749807,
          "monthlyRegimeAligned": null,
          "weeklyBreakoutDownProb": 0.5608835925833577,
          "weeklyBreakoutUpProb": 0.31998184291983156,
          "weeklyRangeProb": 0.42279146222472197,
          "weeklyRegimeAligned": null
        },
        "frameState": "BEARISH",
        "revRisk": 0.9187934078869924,
        "ticker": "1001",
        "upProb": 0.5608835925833577
      },
      {
        "frameSignals": {
          "effectiveRevRisk": 0.8999552906110283,
          "effectiveUpProb": 0.5510803729413366,
          "frameState": "BEARISH",
          "monthlyBoxMonths": 3.0,
          "monthlyBoxPos": 0.0,
          "monthlyBoxRangePct": 0.14139827179890024,
          "monthlyBoxState": "box_lower",
          "monthlyBoxWild": false,
          "monthlyBreakoutDownProb": 0.8999552906110283,
          "monthlyBreakoutUpProb": 0.2390123456790124,
          "monthlyRangePos": 0.0,
          "monthlyRangeProb": 0.025390149215285873,
          "monthlyRangeWidth": 0.2544444444444444,
          "monthlyRegimeAligned": null,
          "weeklyBreakoutDownProb": 0.5510803729413366,
          "weeklyBreakoutUpProb": 0.3233922008983259,
          "weeklyRangeProb": 0.43222743977133526,
          "weeklyRegimeAligned": null
        },
        "frameState": "BEARISH",
        "revRisk": 0.8999552906110283,
        "ticker": "1306",
        "upProb": 0.5510803729413366
      }
    ]
  },
  "stage": {
    "goal20Reached": false,
    "goal30Reached": false,
    "stage2Active": false
  }
}