{
  "actions": [],
  "asOf": "2008-08-18",
  "checks": {
    "exposureOk": true,
    "lossLimitOk": true,
    "maxHoldingsOk": true,
    "noFutureLeakOk": true,
    "unitRuleOk": true
  },
  "mode": "BACKTEST",
  "policyVersion": "toredex.v8",
  "seasonId": "toredex_multiframe_20260318",
  "signals": {
    "buy": [
      {
        "frameSignals": {
          "effectiveRevRisk": 0.7129373066343045,
          "effectiveUpProb": 0.4526170219367956,
          "frameState": "BEARISH",
          "monthlyBoxMonths": 7.0,
          "monthlyBoxPos": 0.3522289488167309,
          "monthlyBoxRangePct": 0.1450698602794411,
          "monthlyBoxState": "box_mid",
          "monthlyBoxWild": false,
          "monthlyBreakoutDownProb": 0.537220243314719,
          "monthlyBreakoutUpProb": 0.2923845625635453,
          "monthlyRangePos": 0.15023474178403756,
          "monthlyRangeProb": 0.3885671590859825,
          "monthlyRangeWidth": 0.2537980339588919,
          "monthlyRegimeAligned": null,
          "weeklyBreakoutDownProb": 0.7129373066343045,
          "weeklyBreakoutUpProb": 0.4526170219367956,
          "weeklyRangeProb": 0.5715981821854138,
          "weeklyRegimeAligned": null
        },
        "frameState": "BEARISH",
        "revRisk": 0.7129373066343045,
        "ticker": "1001",
        "upProb": 0.4526170219367956
      },
      {
        "frameSignals": {
          "effectiveRevRisk": 0.7464813853001219,
          "effectiveUpProb": 0.3875951293759513,
          "frameState": "BEARISH",
          "monthlyBoxMonths": 8.0,
          "monthlyBoxPos": 0.16744186046511628,
          "monthlyBoxRangePct": 0.17366720516962844,
          "monthlyBoxState": "box_lower",
          "monthlyBoxWild": false,
          "monthlyBreakoutDownProb": 0.5695479794176006,
          "monthlyBreakoutUpProb": 0.28239087218568043,
          "monthlyRangePos": 0.08977556109725686,
          "monthlyRangeProb": 0.35944312326092775,
          "monthlyRangeWidth": 0.24466137888956682,
          "monthlyRegimeAligned": null,
          "weeklyBreakoutDownProb": 0.7464813853001219,
          "weeklyBreakoutUpProb": 0.3875951293759513,
          "weeklyRangeProb": 0.4225219473839873,
          "weeklyRegimeAligned": null
        },
        "frameState": "BEARISH",
        "revRisk": 0.7464813853001219,
        "ticker": "1306",
        "upProb": 0.3875951293759513
      },
      {
        "frameSignals": {
          "effectiveRevRisk": 0.7424538893344026,
          "effectiveUpProb": 0.3731214753848499,
          "frameState": "BEARISH",
          "monthlyBoxMonths": 8.0,
          "monthlyBoxPos": 0.1111111111111111,
          "monthlyBoxRangePct": 0.16774716369529985,
          "monthlyBoxState": "box_lower",
          "monthlyBoxWild": false,
          "monthlyBreakoutDownProb": 0.5796491260081014,
          "monthlyBreakoutUpProb": 0.26969887725188246,
          "monthlyRangePos": 0.05721393034825871,
          "monthlyRangeProb": 0.33511902589740783,
          "monthlyRangeWidth": 0.24572127139364303,
          "monthlyRegimeAligned": null,
          "weeklyBreakoutDownProb": 0.7424538893344026,
          "weeklyBreakoutUpProb": 0.3731214753848499,
          "weeklyRangeProb": 0.4088847588732086,
          "weeklyRegimeAligned": null
        },
        "frameState": "BEARISH",
        "revRisk": 0.7424538893344026,
        "ticker": "1308",
        "upProb": 0.3731214753848499
      }
    ],
    "sell": [
      {
        "frameSignals": {
          "effectiveRevRisk": 0.7464813853001219,
          "effectiveUpProb": 0.7464813853001219,
          "frameState": "BEARISH",
          "monthlyBoxMonths": 8.0,
          "monthlyBoxPos": 0.16744186046511628,
          "monthlyBoxRangePct": 0.17366720516962844,
          "monthlyBoxState": "box_lower",
          "monthlyBoxWild": false,
          "monthlyBreakoutDownProb": 0.5695479794176006,
          "monthlyBreakoutUpProb": 0.28239087218568043,
          "monthlyRangePos": 0.08977556109725686,
          "monthlyRangeProb": 0.35944312326092775,
          "monthlyRangeWidth": 0.24466137888956682,
          "monthlyRegimeAligned": null,
          "weeklyBreakoutDownProb": 0.7464813853001219,
          "weeklyBreakoutUpProb": 0.3875951293759513,
          "weeklyRangeProb": 0.4225219473839873,
          "weeklyRegimeAligned": null
        },
        "frameState": "BEARISH",
        "revRisk": 0.7464813853001219,
        "ticker": "1306",
        "upProb": 0.7464813853001219
      },
      {
        "frameSignals": {
          "effectiveRevRisk": 0.7424538893344026,
          "effectiveUpProb": 0.7424538893344026,
          "frameState": "BEARISH",
          "monthlyBoxMonths": 8.0,
          "monthlyBoxPos": 0.1111111111111111,
          "monthlyBoxRangePct": 0.16774716369529985,
          "monthlyBoxState": "box_lower",
          "monthlyBoxWild": false,
          "monthlyBreakoutDownProb": 0.5796491260081014,
          "monthlyBreakoutUpProb": 0.26969887725188246,
          "monthlyRangePos": 0.05721393034825871,
          "monthlyRangeProb": 0.33511902589740783,
          "monthlyRangeWidth": 0.24572127139364303,
          "monthlyRegimeAligned": null,
          "weeklyBreakoutDownProb": 0.7424538893344026,
          "weeklyBreakoutUpProb": 0.3731214753848499,
          "weeklyRangeProb": 0.4088847588732086,
          "weeklyRegimeAligned": null
        },
        "frameState": "BEARISH",
        "revRisk": 0.7424538893344026,
        "ticker": "1308",
        "upProb": 0.7424538893344026
      },
      {
        "frameSignals": {
          "effectiveRevRisk": 0.7129373066343045,
          "effectiveUpProb": 0.7129373066343045,
          "frameState": "BEARISH",
          "monthlyBoxMonths": 7.0,
          "monthlyBoxPos": 0.3522289488167309,
          "monthlyBoxRangePct": 0.1450698602794411,
          "monthlyBoxState": "box_mid",
          "monthlyBoxWild": false,
          "monthlyBreakoutDownProb": 0.537220243314719,
          "monthlyBreakoutUpProb": 0.2923845625635453,
          "monthlyRangePos": 0.15023474178403756,
          "monthlyRangeProb": 0.3885671590859825,
          "monthlyRangeWidth": 0.2537980339588919,
          "monthlyRegimeAligned": null,
          "weeklyBreakoutDownProb": 0.7129373066343045,
          "weeklyBreakoutUpProb": 0.4526170219367956,
          "weeklyRangeProb": 0.5715981821854138,
          "weeklyRegimeAligned": null
        },
        "frameState": "BEARISH",
        "revRisk": 0.7129373066343045,
        "ticker": "1001",
        "upProb": 0.7129373066343045
      }
    ]
  },
  "stage": {
    "goal20Reached": false,
    "goal30Reached": false,
    "stage2Active": false
  }
}