{
  "actions": [],
  "asOf": "2009-03-27",
  "checks": {
    "exposureOk": true,
    "lossLimitOk": true,
    "maxHoldingsOk": true,
    "noFutureLeakOk": true,
    "unitRuleOk": true
  },
  "mode": "BACKTEST",
  "policyVersion": "toredex.v8",
  "seasonId": "toredex_multiframe_20260318",
  "signals": {
    "buy": [
      {
        "frameSignals": {
          "effectiveRevRisk": 0.3657617790086069,
          "effectiveUpProb": 0.619023937964716,
          "frameState": "BULLISH",
          "monthlyBoxMonths": null,
          "monthlyBoxPos": null,
          "monthlyBoxRangePct": null,
          "monthlyBoxState": "no_box",
          "monthlyBoxWild": null,
          "monthlyBreakoutDownProb": 0.29530280649926144,
          "monthlyBreakoutUpProb": 0.054697193500738546,
          "monthlyRangePos": 0.15627769571639585,
          "monthlyRangeProb": 0.10939438700147706,
          "monthlyRangeWidth": 0.4721718510252476,
          "monthlyRegimeAligned": null,
          "weeklyBreakoutDownProb": 0.3657617790086069,
          "weeklyBreakoutUpProb": 0.619023937964716,
          "weeklyRangeProb": 0.4718384919826725,
          "weeklyRegimeAligned": null
        },
        "frameState": "BULLISH",
        "revRisk": 0.3657617790086069,
        "ticker": "1001",
        "upProb": 0.619023937964716
      },
      {
        "frameSignals": {
          "effectiveRevRisk": 0.42334571832979484,
          "effectiveUpProb": 0.5905431705590941,
          "frameState": "BULLISH",
          "monthlyBoxMonths": null,
          "monthlyBoxPos": null,
          "monthlyBoxRangePct": null,
          "monthlyBoxState": "no_box",
          "monthlyBoxWild": null,
          "monthlyBreakoutDownProb": 0.3073421439060205,
          "monthlyBreakoutUpProb": 0.04265785609397944,
          "monthlyRangePos": 0.12187958883994127,
          "monthlyRangeProb": 0.08531571218795889,
          "monthlyRangeWidth": 0.47390396659707723,
          "monthlyRegimeAligned": null,
          "weeklyBreakoutDownProb": 0.42334571832979484,
          "weeklyBreakoutUpProb": 0.5905431705590941,
          "weeklyRangeProb": 0.5751005275686805,
          "weeklyRegimeAligned": null
        },
        "frameState": "BULLISH",
        "revRisk": 0.42334571832979484,
        "ticker": "1308",
        "upProb": 0.5905431705590941
      },
      {
        "frameSignals": {
          "effectiveRevRisk": 0.4304368103970749,
          "effectiveUpProb": 0.5952755200744941,
          "frameState": "BULLISH",
          "monthlyBoxMonths": null,
          "monthlyBoxPos": null,
          "monthlyBoxRangePct": null,
          "monthlyBoxState": "no_box",
          "monthlyBoxWild": null,
          "monthlyBreakoutDownProb": 0.3082956259426847,
          "monthlyBreakoutUpProb": 0.04170437405731523,
          "monthlyRangePos": 0.1191553544494721,
          "monthlyRangeProb": 0.08340874811463048,
          "monthlyRangeWidth": 0.4616991643454039,
          "monthlyRegimeAligned": null,
          "weeklyBreakoutDownProb": 0.4304368103970749,
          "weeklyBreakoutUpProb": 0.5952755200744941,
          "weeklyRangeProb": 0.5844458492375987,
          "weeklyRegimeAligned": null
        },
        "frameState": "BULLISH",
        "revRisk": 0.4304368103970749,
        "ticker": "1306",
        "upProb": 0.5952755200744941
      }
    ],
    "sell": [
      {
        "frameSignals": {
          "effectiveRevRisk": 0.4304368103970749,
          "effectiveUpProb": 0.5952755200744941,
          "frameState": "BULLISH",
          "monthlyBoxMonths": null,
          "monthlyBoxPos": null,
          "monthlyBoxRangePct": null,
          "monthlyBoxState": "no_box",
          "monthlyBoxWild": null,
          "monthlyBreakoutDownProb": 0.3082956259426847,
          "monthlyBreakoutUpProb": 0.04170437405731523,
          "monthlyRangePos": 0.1191553544494721,
          "monthlyRangeProb": 0.08340874811463048,
          "monthlyRangeWidth": 0.4616991643454039,
          "monthlyRegimeAligned": null,
          "weeklyBreakoutDownProb": 0.4304368103970749,
          "weeklyBreakoutUpProb": 0.5952755200744941,
          "weeklyRangeProb": 0.5844458492375987,
          "weeklyRegimeAligned": null
        },
        "frameState": "BULLISH",
        "revRisk": 0.4304368103970749,
        "ticker": "1306",
        "upProb": 0.5952755200744941
      },
      {
        "frameSignals": {
          "effectiveRevRisk": 0.42334571832979484,
          "effectiveUpProb": 0.5905431705590941,
          "frameState": "BULLISH",
          "monthlyBoxMonths": null,
          "monthlyBoxPos": null,
          "monthlyBoxRangePct": null,
          "monthlyBoxState": "no_box",
          "monthlyBoxWild": null,
          "monthlyBreakoutDownProb": 0.3073421439060205,
          "monthlyBreakoutUpProb": 0.04265785609397944,
          "monthlyRangePos": 0.12187958883994127,
          "monthlyRangeProb": 0.08531571218795889,
          "monthlyRangeWidth": 0.47390396659707723,
          "monthlyRegimeAligned": null,
          "weeklyBreakoutDownProb": 0.42334571832979484,
          "weeklyBreakoutUpProb": 0.5905431705590941,
          "weeklyRangeProb": 0.5751005275686805,
          "weeklyRegimeAligned": null
        },
        "frameState": "BULLISH",
        "revRisk": 0.42334571832979484,
        "ticker": "1308",
        "upProb": 0.5905431705590941
      },
      {
        "frameSignals": {
          "effectiveRevRisk": 0.3657617790086069,
          "effectiveUpProb": 0.619023937964716,
          "frameState": "BULLISH",
          "monthlyBoxMonths": null,
          "monthlyBoxPos": null,
          "monthlyBoxRangePct": null,
          "monthlyBoxState": "no_box",
          "monthlyBoxWild": null,
          "monthlyBreakoutDownProb": 0.29530280649926144,
          "monthlyBreakoutUpProb": 0.054697193500738546,
          "monthlyRangePos": 0.15627769571639585,
          "monthlyRangeProb": 0.10939438700147706,
          "monthlyRangeWidth": 0.4721718510252476,
          "monthlyRegimeAligned": null,
          "weeklyBreakoutDownProb": 0.3657617790086069,
          "weeklyBreakoutUpProb": 0.619023937964716,
          "weeklyRangeProb": 0.4718384919826725,
          "weeklyRegimeAligned": null
        },
        "frameState": "BULLISH",
        "revRisk": 0.3657617790086069,
        "ticker": "1001",
        "upProb": 0.619023937964716
      }
    ]
  },
  "stage": {
    "goal20Reached": false,
    "goal30Reached": false,
    "stage2Active": false
  }
}