{
  "actions": [
    {
      "deltaUnits": -2,
      "reasonId": "X_EXIT_GATE_NG",
      "side": "SHORT",
      "ticker": "1001"
    }
  ],
  "asOf": "2007-10-01",
  "checks": {
    "exposureOk": true,
    "lossLimitOk": true,
    "maxHoldingsOk": true,
    "noFutureLeakOk": true,
    "unitRuleOk": true
  },
  "mode": "BACKTEST",
  "policyVersion": "toredex.v8",
  "seasonId": "toredex_multiframe_20260318",
  "signals": {
    "buy": [
      {
        "frameSignals": {
          "effectiveRevRisk": 0.6671794046601762,
          "effectiveUpProb": 0.5316107351322793,
          "frameState": "BEARISH",
          "monthlyBoxMonths": 14.0,
          "monthlyBoxPos": 0.3739719400096759,
          "monthlyBoxRangePct": 0.1286087605774017,
          "monthlyBoxState": "box_mid",
          "monthlyBoxWild": false,
          "monthlyBreakoutDownProb": 0.6671794046601762,
          "monthlyBreakoutUpProb": 0.5316107351322793,
          "monthlyRangePos": 0.3063304721030043,
          "monthlyRangeProb": 0.7159891403494631,
          "monthlyRangeWidth": 0.10276767008490462,
          "monthlyRegimeAligned": null,
          "weeklyBreakoutDownProb": 0.522817800397932,
          "weeklyBreakoutUpProb": 0.5297823872444751,
          "weeklyRangeProb": 0.7582082513057884,
          "weeklyRegimeAligned": null
        },
        "frameState": "BEARISH",
        "revRisk": 0.6671794046601762,
        "ticker": "1001",
        "upProb": 0.5316107351322793
      },
      {
        "frameSignals": {
          "effectiveRevRisk": 0.7442258372553032,
          "effectiveUpProb": 0.5023488853993292,
          "frameState": "BEARISH",
          "monthlyBoxMonths": 14.0,
          "monthlyBoxPos": 0.10052910052910052,
          "monthlyBoxRangePct": 0.11688311688311688,
          "monthlyBoxState": "box_lower",
          "monthlyBoxWild": false,
          "monthlyBreakoutDownProb": 0.7442258372553032,
          "monthlyBreakoutUpProb": 0.45997169360889434,
          "monthlyRangePos": 0.09392265193370165,
          "monthlyRangeProb": 0.5704989427733442,
          "monthlyRangeWidth": 0.10055555555555555,
          "monthlyRegimeAligned": null,
          "weeklyBreakoutDownProb": 0.5224125796668451,
          "weeklyBreakoutUpProb": 0.5023488853993292,
          "weeklyRangeProb": 0.7286589896352234,
          "weeklyRegimeAligned": null
        },
        "frameState": "BEARISH",
        "revRisk": 0.7442258372553032,
        "ticker": "1306",
        "upProb": 0.5023488853993292
      },
      {
        "frameSignals": {
          "effectiveRevRisk": 0.7433832107230436,
          "effectiveUpProb": 0.5065406568465523,
          "frameState": "BEARISH",
          "monthlyBoxMonths": 14.0,
          "monthlyBoxPos": 0.1076923076923077,
          "monthlyBoxRangePct": 0.12119328775637042,
          "monthlyBoxState": "box_lower",
          "monthlyBoxWild": false,
          "monthlyBreakoutDownProb": 0.7433832107230436,
          "monthlyBreakoutUpProb": 0.45876782610765904,
          "monthlyRangePos": 0.09340659340659341,
          "monthlyRangeProb": 0.5689284098754851,
          "monthlyRangeWidth": 0.10139275766016713,
          "monthlyRegimeAligned": null,
          "weeklyBreakoutDownProb": 0.5247224750283705,
          "weeklyBreakoutUpProb": 0.5065406568465523,
          "weeklyRangeProb": 0.7343827597442725,
          "weeklyRegimeAligned": null
        },
        "frameState": "BEARISH",
        "revRisk": 0.7433832107230436,
        "ticker": "1308",
        "upProb": 0.5065406568465523
      }
    ],
    "sell": [
      {
        "frameSignals": {
          "effectiveRevRisk": 0.7433832107230436,
          "effectiveUpProb": 0.5247224750283705,
          "frameState": "BEARISH",
          "monthlyBoxMonths": 14.0,
          "monthlyBoxPos": 0.1076923076923077,
          "monthlyBoxRangePct": 0.12119328775637042,
          "monthlyBoxState": "box_lower",
          "monthlyBoxWild": false,
          "monthlyBreakoutDownProb": 0.7433832107230436,
          "monthlyBreakoutUpProb": 0.45876782610765904,
          "monthlyRangePos": 0.09340659340659341,
          "monthlyRangeProb": 0.5689284098754851,
          "monthlyRangeWidth": 0.10139275766016713,
          "monthlyRegimeAligned": null,
          "weeklyBreakoutDownProb": 0.5247224750283705,
          "weeklyBreakoutUpProb": 0.5065406568465523,
          "weeklyRangeProb": 0.7343827597442725,
          "weeklyRegimeAligned": null
        },
        "frameState": "BEARISH",
        "revRisk": 0.7433832107230436,
        "ticker": "1308",
        "upProb": 0.5247224750283705
      },
      {
        "frameSignals": {
          "effectiveRevRisk": 0.7442258372553032,
          "effectiveUpProb": 0.5224125796668451,
          "frameState": "BEARISH",
          "monthlyBoxMonths": 14.0,
          "monthlyBoxPos": 0.10052910052910052,
          "monthlyBoxRangePct": 0.11688311688311688,
          "monthlyBoxState": "box_lower",
          "monthlyBoxWild": false,
          "monthlyBreakoutDownProb": 0.7442258372553032,
          "monthlyBreakoutUpProb": 0.45997169360889434,
          "monthlyRangePos": 0.09392265193370165,
          "monthlyRangeProb": 0.5704989427733442,
          "monthlyRangeWidth": 0.10055555555555555,
          "monthlyRegimeAligned": null,
          "weeklyBreakoutDownProb": 0.5224125796668451,
          "weeklyBreakoutUpProb": 0.5023488853993292,
          "weeklyRangeProb": 0.7286589896352234,
          "weeklyRegimeAligned": null
        },
        "frameState": "BEARISH",
        "revRisk": 0.7442258372553032,
        "ticker": "1306",
        "upProb": 0.5224125796668451
      },
      {
        "frameSignals": {
          "effectiveRevRisk": 0.6671794046601762,
          "effectiveUpProb": 0.5316107351322793,
          "frameState": "BEARISH",
          "monthlyBoxMonths": 14.0,
          "monthlyBoxPos": 0.3739719400096759,
          "monthlyBoxRangePct": 0.1286087605774017,
          "monthlyBoxState": "box_mid",
          "monthlyBoxWild": false,
          "monthlyBreakoutDownProb": 0.6671794046601762,
          "monthlyBreakoutUpProb": 0.5316107351322793,
          "monthlyRangePos": 0.3063304721030043,
          "monthlyRangeProb": 0.7159891403494631,
          "monthlyRangeWidth": 0.10276767008490462,
          "monthlyRegimeAligned": null,
          "weeklyBreakoutDownProb": 0.522817800397932,
          "weeklyBreakoutUpProb": 0.5297823872444751,
          "weeklyRangeProb": 0.7582082513057884,
          "weeklyRegimeAligned": null
        },
        "frameState": "BEARISH",
        "revRisk": 0.6671794046601762,
        "ticker": "1001",
        "upProb": 0.5316107351322793
      }
    ]
  },
  "stage": {
    "goal20Reached": false,
    "goal30Reached": false,
    "stage2Active": false
  }
}