{
  "actions": [],
  "asOf": "2014-07-17",
  "checks": {
    "exposureOk": true,
    "lossLimitOk": true,
    "maxHoldingsOk": true,
    "noFutureLeakOk": true,
    "unitRuleOk": true
  },
  "mode": "BACKTEST",
  "policyVersion": "toredex.v8",
  "seasonId": "toredex_multiframe_20260318",
  "signals": {
    "buy": [
      {
        "frameSignals": {
          "effectiveRevRisk": 0.5022510943887136,
          "effectiveUpProb": 0.688747444753677,
          "frameState": "BULLISH",
          "monthlyBoxMonths": 14.0,
          "monthlyBoxPos": 0.8365384615384616,
          "monthlyBoxRangePct": 0.18823529411764706,
          "monthlyBoxState": "box_upper",
          "monthlyBoxWild": false,
          "monthlyBreakoutDownProb": 0.41359217652534486,
          "monthlyBreakoutUpProb": 0.649169099602268,
          "monthlyRangePos": 0.8365384615384616,
          "monthlyRangeProb": 0.5356001946348481,
          "monthlyRangeWidth": 0.15841584158415842,
          "monthlyRegimeAligned": null,
          "weeklyBreakoutDownProb": 0.5022510943887136,
          "weeklyBreakoutUpProb": 0.688747444753677,
          "weeklyRangeProb": 0.6604573318555401,
          "weeklyRegimeAligned": null
        },
        "frameState": "BULLISH",
        "revRisk": 0.5022510943887136,
        "ticker": "1308",
        "upProb": 0.688747444753677
      },
      {
        "frameSignals": {
          "effectiveRevRisk": 0.4977506836719653,
          "effectiveUpProb": 0.718366797416041,
          "frameState": "BULLISH",
          "monthlyBoxMonths": 10.0,
          "monthlyBoxPos": 0.5364871665827882,
          "monthlyBoxRangePct": 0.138912192393736,
          "monthlyBoxState": "box_mid",
          "monthlyBoxWild": false,
          "monthlyBreakoutDownProb": 0.4432445195050086,
          "monthlyBreakoutUpProb": 0.5711639132356321,
          "monthlyRangePos": 0.6827419910437479,
          "monthlyRangeProb": 0.6146855892524823,
          "monthlyRangeWidth": 0.17819655024246517,
          "monthlyRegimeAligned": null,
          "weeklyBreakoutDownProb": 0.4977506836719653,
          "weeklyBreakoutUpProb": 0.718366797416041,
          "weeklyRangeProb": 0.6411805796261099,
          "weeklyRegimeAligned": null
        },
        "frameState": "BULLISH",
        "revRisk": 0.4977506836719653,
        "ticker": "1001",
        "upProb": 0.718366797416041
      },
      {
        "frameSignals": {
          "effectiveRevRisk": 0.5168216557105446,
          "effectiveUpProb": 0.6486398375287264,
          "frameState": "BULLISH",
          "monthlyBoxMonths": 14.0,
          "monthlyBoxPos": 0.8341232227488151,
          "monthlyBoxRangePct": 0.18889883616830797,
          "monthlyBoxState": "box_upper",
          "monthlyBoxWild": false,
          "monthlyBreakoutDownProb": 0.41386343160953454,
          "monthlyBreakoutUpProb": 0.6477496875337051,
          "monthlyRangePos": 0.8341232227488151,
          "monthlyRangeProb": 0.5366124053877437,
          "monthlyRangeWidth": 0.1588855421686747,
          "monthlyRegimeAligned": null,
          "weeklyBreakoutDownProb": 0.5168216557105446,
          "weeklyBreakoutUpProb": 0.6486398375287264,
          "weeklyRangeProb": 0.7000454278232057,
          "weeklyRegimeAligned": null
        },
        "frameState": "BULLISH",
        "revRisk": 0.5168216557105446,
        "ticker": "1306",
        "upProb": 0.6486398375287264
      }
    ],
    "sell": [
      {
        "frameSignals": {
          "effectiveRevRisk": 0.5168216557105446,
          "effectiveUpProb": 0.6486398375287264,
          "frameState": "BULLISH",
          "monthlyBoxMonths": 14.0,
          "monthlyBoxPos": 0.8341232227488151,
          "monthlyBoxRangePct": 0.18889883616830797,
          "monthlyBoxState": "box_upper",
          "monthlyBoxWild": false,
          "monthlyBreakoutDownProb": 0.41386343160953454,
          "monthlyBreakoutUpProb": 0.6477496875337051,
          "monthlyRangePos": 0.8341232227488151,
          "monthlyRangeProb": 0.5366124053877437,
          "monthlyRangeWidth": 0.1588855421686747,
          "monthlyRegimeAligned": null,
          "weeklyBreakoutDownProb": 0.5168216557105446,
          "weeklyBreakoutUpProb": 0.6486398375287264,
          "weeklyRangeProb": 0.7000454278232057,
          "weeklyRegimeAligned": null
        },
        "frameState": "BULLISH",
        "revRisk": 0.5168216557105446,
        "ticker": "1306",
        "upProb": 0.6486398375287264
      },
      {
        "frameSignals": {
          "effectiveRevRisk": 0.4977506836719653,
          "effectiveUpProb": 0.718366797416041,
          "frameState": "BULLISH",
          "monthlyBoxMonths": 10.0,
          "monthlyBoxPos": 0.5364871665827882,
          "monthlyBoxRangePct": 0.138912192393736,
          "monthlyBoxState": "box_mid",
          "monthlyBoxWild": false,
          "monthlyBreakoutDownProb": 0.4432445195050086,
          "monthlyBreakoutUpProb": 0.5711639132356321,
          "monthlyRangePos": 0.6827419910437479,
          "monthlyRangeProb": 0.6146855892524823,
          "monthlyRangeWidth": 0.17819655024246517,
          "monthlyRegimeAligned": null,
          "weeklyBreakoutDownProb": 0.4977506836719653,
          "weeklyBreakoutUpProb": 0.718366797416041,
          "weeklyRangeProb": 0.6411805796261099,
          "weeklyRegimeAligned": null
        },
        "frameState": "BULLISH",
        "revRisk": 0.4977506836719653,
        "ticker": "1001",
        "upProb": 0.718366797416041
      },
      {
        "frameSignals": {
          "effectiveRevRisk": 0.5022510943887136,
          "effectiveUpProb": 0.688747444753677,
          "frameState": "BULLISH",
          "monthlyBoxMonths": 14.0,
          "monthlyBoxPos": 0.8365384615384616,
          "monthlyBoxRangePct": 0.18823529411764706,
          "monthlyBoxState": "box_upper",
          "monthlyBoxWild": false,
          "monthlyBreakoutDownProb": 0.41359217652534486,
          "monthlyBreakoutUpProb": 0.649169099602268,
          "monthlyRangePos": 0.8365384615384616,
          "monthlyRangeProb": 0.5356001946348481,
          "monthlyRangeWidth": 0.15841584158415842,
          "monthlyRegimeAligned": null,
          "weeklyBreakoutDownProb": 0.5022510943887136,
          "weeklyBreakoutUpProb": 0.688747444753677,
          "weeklyRangeProb": 0.6604573318555401,
          "weeklyRegimeAligned": null
        },
        "frameState": "BULLISH",
        "revRisk": 0.5022510943887136,
        "ticker": "1308",
        "upProb": 0.688747444753677
      }
    ]
  },
  "stage": {
    "goal20Reached": false,
    "goal30Reached": false,
    "stage2Active": false
  }
}