{
  "asOf": "2025-11-20",
  "cash": 8156667.029542,
  "cum_pnl": 156667.029542,
  "cum_return_pct": 1.56667,
  "daily_pnl": 46728.971963,
  "equity": 10156667.029542,
  "game_over": false,
  "goal20_reached": false,
  "goal30_reached": false,
  "holdings_count": 1,
  "max_drawdown_pct": -0.103627,
  "season_id": "tradex_demo_202511_v9_ml_execfix"
}