{
  "actions": [],
  "asOf": "2014-06-26",
  "checks": {
    "exposureOk": true,
    "lossLimitOk": true,
    "maxHoldingsOk": true,
    "noFutureLeakOk": true,
    "unitRuleOk": true
  },
  "mode": "BACKTEST",
  "policyVersion": "toredex.v8",
  "seasonId": "toredex_multiframe_20260318",
  "signals": {
    "buy": [
      {
        "frameSignals": {
          "effectiveRevRisk": 0.4422690240942972,
          "effectiveUpProb": 0.8156699601317386,
          "frameState": "BULLISH",
          "monthlyBoxMonths": 14.0,
          "monthlyBoxPos": 0.8815165876777251,
          "monthlyBoxRangePct": 0.18889883616830797,
          "monthlyBoxState": "box_upper",
          "monthlyBoxWild": false,
          "monthlyBreakoutDownProb": 0.39727575388441605,
          "monthlyBreakoutUpProb": 0.6643373652588236,
          "monthlyRangePos": 0.8815165876777251,
          "monthlyRangeProb": 0.5034370499375067,
          "monthlyRangeWidth": 0.1588855421686747,
          "monthlyRegimeAligned": null,
          "weeklyBreakoutDownProb": 0.4422690240942972,
          "weeklyBreakoutUpProb": 0.8156699601317386,
          "weeklyRangeProb": 0.42907782977985787,
          "weeklyRegimeAligned": null
        },
        "frameState": "BULLISH",
        "revRisk": 0.4422690240942972,
        "ticker": "1306",
        "upProb": 0.8156699601317386
      },
      {
        "frameSignals": {
          "effectiveRevRisk": 0.44204346302138103,
          "effectiveUpProb": 0.8166885734314757,
          "frameState": "BULLISH",
          "monthlyBoxMonths": 14.0,
          "monthlyBoxPos": 0.8701923076923077,
          "monthlyBoxRangePct": 0.18823529411764706,
          "monthlyBoxState": "box_upper",
          "monthlyBoxWild": false,
          "monthlyBreakoutDownProb": 0.40181333037149874,
          "monthlyBreakoutUpProb": 0.660947945756114,
          "monthlyRangePos": 0.8701923076923077,
          "monthlyRangeProb": 0.5120425023271558,
          "monthlyRangeWidth": 0.15841584158415842,
          "monthlyRegimeAligned": null,
          "weeklyBreakoutDownProb": 0.44204346302138103,
          "weeklyBreakoutUpProb": 0.8166885734314757,
          "weeklyRangeProb": 0.42383456011216264,
          "weeklyRegimeAligned": null
        },
        "frameState": "BULLISH",
        "revRisk": 0.44204346302138103,
        "ticker": "1308",
        "upProb": 0.8166885734314757
      },
      {
        "frameSignals": {
          "effectiveRevRisk": 0.45071954534035136,
          "effectiveUpProb": 0.8009918816289119,
          "frameState": "BULLISH",
          "monthlyBoxMonths": 9.0,
          "monthlyBoxPos": 0.5052843482637142,
          "monthlyBoxRangePct": 0.138912192393736,
          "monthlyBoxState": "box_mid",
          "monthlyBoxWild": false,
          "monthlyBreakoutDownProb": 0.45071954534035136,
          "monthlyBreakoutUpProb": 0.5636888874002894,
          "monthlyRangePos": 0.66138477437134,
          "monthlyRangeProb": 0.6296356409231678,
          "monthlyRangeWidth": 0.17819655024246517,
          "monthlyRegimeAligned": null,
          "weeklyBreakoutDownProb": 0.444854000261883,
          "weeklyBreakoutUpProb": 0.8009918816289119,
          "weeklyRangeProb": 0.5011850202959277,
          "weeklyRegimeAligned": null
        },
        "frameState": "BULLISH",
        "revRisk": 0.45071954534035136,
        "ticker": "1001",
        "upProb": 0.8009918816289119
      }
    ],
    "sell": [
      {
        "frameSignals": {
          "effectiveRevRisk": 0.45071954534035136,
          "effectiveUpProb": 0.8009918816289119,
          "frameState": "BULLISH",
          "monthlyBoxMonths": 9.0,
          "monthlyBoxPos": 0.5052843482637142,
          "monthlyBoxRangePct": 0.138912192393736,
          "monthlyBoxState": "box_mid",
          "monthlyBoxWild": false,
          "monthlyBreakoutDownProb": 0.45071954534035136,
          "monthlyBreakoutUpProb": 0.5636888874002894,
          "monthlyRangePos": 0.66138477437134,
          "monthlyRangeProb": 0.6296356409231678,
          "monthlyRangeWidth": 0.17819655024246517,
          "monthlyRegimeAligned": null,
          "weeklyBreakoutDownProb": 0.444854000261883,
          "weeklyBreakoutUpProb": 0.8009918816289119,
          "weeklyRangeProb": 0.5011850202959277,
          "weeklyRegimeAligned": null
        },
        "frameState": "BULLISH",
        "revRisk": 0.45071954534035136,
        "ticker": "1001",
        "upProb": 0.8009918816289119
      },
      {
        "frameSignals": {
          "effectiveRevRisk": 0.44204346302138103,
          "effectiveUpProb": 0.8166885734314757,
          "frameState": "BULLISH",
          "monthlyBoxMonths": 14.0,
          "monthlyBoxPos": 0.8701923076923077,
          "monthlyBoxRangePct": 0.18823529411764706,
          "monthlyBoxState": "box_upper",
          "monthlyBoxWild": false,
          "monthlyBreakoutDownProb": 0.40181333037149874,
          "monthlyBreakoutUpProb": 0.660947945756114,
          "monthlyRangePos": 0.8701923076923077,
          "monthlyRangeProb": 0.5120425023271558,
          "monthlyRangeWidth": 0.15841584158415842,
          "monthlyRegimeAligned": null,
          "weeklyBreakoutDownProb": 0.44204346302138103,
          "weeklyBreakoutUpProb": 0.8166885734314757,
          "weeklyRangeProb": 0.42383456011216264,
          "weeklyRegimeAligned": null
        },
        "frameState": "BULLISH",
        "revRisk": 0.44204346302138103,
        "ticker": "1308",
        "upProb": 0.8166885734314757
      },
      {
        "frameSignals": {
          "effectiveRevRisk": 0.4422690240942972,
          "effectiveUpProb": 0.8156699601317386,
          "frameState": "BULLISH",
          "monthlyBoxMonths": 14.0,
          "monthlyBoxPos": 0.8815165876777251,
          "monthlyBoxRangePct": 0.18889883616830797,
          "monthlyBoxState": "box_upper",
          "monthlyBoxWild": false,
          "monthlyBreakoutDownProb": 0.39727575388441605,
          "monthlyBreakoutUpProb": 0.6643373652588236,
          "monthlyRangePos": 0.8815165876777251,
          "monthlyRangeProb": 0.5034370499375067,
          "monthlyRangeWidth": 0.1588855421686747,
          "monthlyRegimeAligned": null,
          "weeklyBreakoutDownProb": 0.4422690240942972,
          "weeklyBreakoutUpProb": 0.8156699601317386,
          "weeklyRangeProb": 0.42907782977985787,
          "weeklyRegimeAligned": null
        },
        "frameState": "BULLISH",
        "revRisk": 0.4422690240942972,
        "ticker": "1306",
        "upProb": 0.8156699601317386
      }
    ]
  },
  "stage": {
    "goal20Reached": false,
    "goal30Reached": false,
    "stage2Active": false
  }
}