{
  "actions": [],
  "asOf": "2006-04-10",
  "checks": {
    "exposureOk": true,
    "lossLimitOk": true,
    "maxHoldingsOk": true,
    "noFutureLeakOk": true,
    "unitRuleOk": true
  },
  "mode": "BACKTEST",
  "policyVersion": "toredex.v8",
  "seasonId": "toredex_multiframe_20260318",
  "signals": {
    "buy": [
      {
        "frameSignals": {
          "effectiveRevRisk": 0.40291308500477563,
          "effectiveUpProb": 0.8323209169054441,
          "frameState": "BULLISH",
          "monthlyBoxMonths": 5.0,
          "monthlyBoxPos": 1.0,
          "monthlyBoxRangePct": 0.15935483870967743,
          "monthlyBoxState": "box_upper",
          "monthlyBoxWild": false,
          "monthlyBreakoutDownProb": 0.12765042979942692,
          "monthlyBreakoutUpProb": 0.8242979942693409,
          "monthlyRangePos": 1.0,
          "monthlyRangeProb": 0.0018624641833810684,
          "monthlyRangeWidth": 0.34555873925501435,
          "monthlyRegimeAligned": null,
          "weeklyBreakoutDownProb": 0.40291308500477563,
          "weeklyBreakoutUpProb": 0.8323209169054441,
          "weeklyRangeProb": 0.3157115568290354,
          "weeklyRegimeAligned": null
        },
        "frameState": "BULLISH",
        "revRisk": 0.40291308500477563,
        "ticker": "1308",
        "upProb": 0.8323209169054441
      },
      {
        "frameSignals": {
          "effectiveRevRisk": 0.4051803091013166,
          "effectiveUpProb": 0.832192329708071,
          "frameState": "BULLISH",
          "monthlyBoxMonths": 5.0,
          "monthlyBoxPos": 1.0,
          "monthlyBoxRangePct": 0.15840309079201545,
          "monthlyBoxState": "box_upper",
          "monthlyBoxWild": false,
          "monthlyBreakoutDownProb": 0.12463588373720032,
          "monthlyBreakoutUpProb": 0.8241785918717802,
          "monthlyRangePos": 1.0,
          "monthlyRangeProb": 0.0,
          "monthlyRangeWidth": 0.34802518603319976,
          "monthlyRegimeAligned": null,
          "weeklyBreakoutDownProb": 0.4051803091013166,
          "weeklyBreakoutUpProb": 0.832192329708071,
          "weeklyRangeProb": 0.31857469948483114,
          "weeklyRegimeAligned": null
        },
        "frameState": "BULLISH",
        "revRisk": 0.4051803091013166,
        "ticker": "1306",
        "upProb": 0.832192329708071
      },
      {
        "frameSignals": {
          "effectiveRevRisk": 0.37546847216523055,
          "effectiveUpProb": 0.8234058268362741,
          "frameState": "BULLISH",
          "monthlyBoxMonths": 5.0,
          "monthlyBoxPos": 1.0,
          "monthlyBoxRangePct": 0.17044387823521523,
          "monthlyBoxState": "box_upper",
          "monthlyBoxWild": false,
          "monthlyBreakoutDownProb": 0.11646540438087426,
          "monthlyBreakoutUpProb": 0.8014526056627,
          "monthlyRangePos": 1.0,
          "monthlyRangeProb": 0.021280067217695486,
          "monthlyRangeWidth": 0.3547101236883756,
          "monthlyRegimeAligned": null,
          "weeklyBreakoutDownProb": 0.37546847216523055,
          "weeklyBreakoutUpProb": 0.8234058268362741,
          "weeklyRangeProb": 0.2960128573382575,
          "weeklyRegimeAligned": null
        },
        "frameState": "BULLISH",
        "revRisk": 0.37546847216523055,
        "ticker": "1001",
        "upProb": 0.8234058268362741
      }
    ],
    "sell": [
      {
        "frameSignals": {
          "effectiveRevRisk": 0.4051803091013166,
          "effectiveUpProb": 0.832192329708071,
          "frameState": "BULLISH",
          "monthlyBoxMonths": 5.0,
          "monthlyBoxPos": 1.0,
          "monthlyBoxRangePct": 0.15840309079201545,
          "monthlyBoxState": "box_upper",
          "monthlyBoxWild": false,
          "monthlyBreakoutDownProb": 0.12463588373720032,
          "monthlyBreakoutUpProb": 0.8241785918717802,
          "monthlyRangePos": 1.0,
          "monthlyRangeProb": 0.0,
          "monthlyRangeWidth": 0.34802518603319976,
          "monthlyRegimeAligned": null,
          "weeklyBreakoutDownProb": 0.4051803091013166,
          "weeklyBreakoutUpProb": 0.832192329708071,
          "weeklyRangeProb": 0.31857469948483114,
          "weeklyRegimeAligned": null
        },
        "frameState": "BULLISH",
        "revRisk": 0.4051803091013166,
        "ticker": "1306",
        "upProb": 0.832192329708071
      },
      {
        "frameSignals": {
          "effectiveRevRisk": 0.40291308500477563,
          "effectiveUpProb": 0.8323209169054441,
          "frameState": "BULLISH",
          "monthlyBoxMonths": 5.0,
          "monthlyBoxPos": 1.0,
          "monthlyBoxRangePct": 0.15935483870967743,
          "monthlyBoxState": "box_upper",
          "monthlyBoxWild": false,
          "monthlyBreakoutDownProb": 0.12765042979942692,
          "monthlyBreakoutUpProb": 0.8242979942693409,
          "monthlyRangePos": 1.0,
          "monthlyRangeProb": 0.0018624641833810684,
          "monthlyRangeWidth": 0.34555873925501435,
          "monthlyRegimeAligned": null,
          "weeklyBreakoutDownProb": 0.40291308500477563,
          "weeklyBreakoutUpProb": 0.8323209169054441,
          "weeklyRangeProb": 0.3157115568290354,
          "weeklyRegimeAligned": null
        },
        "frameState": "BULLISH",
        "revRisk": 0.40291308500477563,
        "ticker": "1308",
        "upProb": 0.8323209169054441
      },
      {
        "frameSignals": {
          "effectiveRevRisk": 0.37546847216523055,
          "effectiveUpProb": 0.8234058268362741,
          "frameState": "BULLISH",
          "monthlyBoxMonths": 5.0,
          "monthlyBoxPos": 1.0,
          "monthlyBoxRangePct": 0.17044387823521523,
          "monthlyBoxState": "box_upper",
          "monthlyBoxWild": false,
          "monthlyBreakoutDownProb": 0.11646540438087426,
          "monthlyBreakoutUpProb": 0.8014526056627,
          "monthlyRangePos": 1.0,
          "monthlyRangeProb": 0.021280067217695486,
          "monthlyRangeWidth": 0.3547101236883756,
          "monthlyRegimeAligned": null,
          "weeklyBreakoutDownProb": 0.37546847216523055,
          "weeklyBreakoutUpProb": 0.8234058268362741,
          "weeklyRangeProb": 0.2960128573382575,
          "weeklyRegimeAligned": null
        },
        "frameState": "BULLISH",
        "revRisk": 0.37546847216523055,
        "ticker": "1001",
        "upProb": 0.8234058268362741
      }
    ]
  },
  "stage": {
    "goal20Reached": false,
    "goal30Reached": false,
    "stage2Active": false
  }
}