{
  "actions": [],
  "asOf": "2024-08-06",
  "checks": {
    "exposureOk": true,
    "lossLimitOk": true,
    "maxHoldingsOk": true,
    "noFutureLeakOk": true,
    "unitRuleOk": true
  },
  "mode": "BACKTEST",
  "policyVersion": "toredex.v8",
  "seasonId": "toredex_multiframe_20260318",
  "signals": {
    "buy": [
      {
        "frameSignals": {
          "effectiveRevRisk": 0.9012545587162655,
          "effectiveUpProb": 0.4565528984693687,
          "frameState": "BEARISH",
          "monthlyBoxMonths": null,
          "monthlyBoxPos": null,
          "monthlyBoxRangePct": null,
          "monthlyBoxState": "no_box",
          "monthlyBoxWild": null,
          "monthlyBreakoutDownProb": 0.5688576769031306,
          "monthlyBreakoutUpProb": 0.37212565075933973,
          "monthlyRangePos": 0.21895424836601307,
          "monthlyRangeProb": 0.5024853947476688,
          "monthlyRangeWidth": 0.20823409322898945,
          "monthlyRegimeAligned": null,
          "weeklyBreakoutDownProb": 0.9012545587162655,
          "weeklyBreakoutUpProb": 0.4565528984693687,
          "weeklyRangeProb": 0.28062743249251093,
          "weeklyRegimeAligned": null
        },
        "frameState": "BEARISH",
        "revRisk": 0.9012545587162655,
        "ticker": "1308",
        "upProb": 0.4565528984693687
      },
      {
        "frameSignals": {
          "effectiveRevRisk": 0.829434013164994,
          "effectiveUpProb": 0.42768875940762324,
          "frameState": "BEARISH",
          "monthlyBoxMonths": 7.0,
          "monthlyBoxPos": 0.0,
          "monthlyBoxRangePct": 0.17219899062725305,
          "monthlyBoxState": "box_lower",
          "monthlyBoxWild": true,
          "monthlyBreakoutDownProb": 0.4715788452334467,
          "monthlyBreakoutUpProb": 0.4025061925155411,
          "monthlyRangePos": 0.40132478183156345,
          "monthlyRangeProb": 0.5906139604974054,
          "monthlyRangeWidth": 0.23560157546632318,
          "monthlyRegimeAligned": null,
          "weeklyBreakoutDownProb": 0.829434013164994,
          "weeklyBreakoutUpProb": 0.42768875940762324,
          "weeklyRangeProb": 0.34911604750577097,
          "weeklyRegimeAligned": null
        },
        "frameState": "BEARISH",
        "revRisk": 0.829434013164994,
        "ticker": "1001",
        "upProb": 0.42768875940762324
      },
      {
        "frameSignals": {
          "effectiveRevRisk": 0.8966083979095332,
          "effectiveUpProb": 0.44142492245940523,
          "frameState": "BEARISH",
          "monthlyBoxMonths": null,
          "monthlyBoxPos": null,
          "monthlyBoxRangePct": null,
          "monthlyBoxState": "no_box",
          "monthlyBoxWild": null,
          "monthlyBreakoutDownProb": 0.5708150036164037,
          "monthlyBreakoutUpProb": 0.375226768322286,
          "monthlyRangePos": 0.22058823529411764,
          "monthlyRangeProb": 0.5066182663060171,
          "monthlyRangeWidth": 0.20616472966144517,
          "monthlyRegimeAligned": null,
          "weeklyBreakoutDownProb": 0.8966083979095332,
          "weeklyBreakoutUpProb": 0.44142492245940523,
          "weeklyRangeProb": 0.26938628797087294,
          "weeklyRegimeAligned": null
        },
        "frameState": "BEARISH",
        "revRisk": 0.8966083979095332,
        "ticker": "1306",
        "upProb": 0.44142492245940523
      }
    ],
    "sell": [
      {
        "frameSignals": {
          "effectiveRevRisk": 0.9012545587162655,
          "effectiveUpProb": 0.9012545587162655,
          "frameState": "BEARISH",
          "monthlyBoxMonths": null,
          "monthlyBoxPos": null,
          "monthlyBoxRangePct": null,
          "monthlyBoxState": "no_box",
          "monthlyBoxWild": null,
          "monthlyBreakoutDownProb": 0.5688576769031306,
          "monthlyBreakoutUpProb": 0.37212565075933973,
          "monthlyRangePos": 0.21895424836601307,
          "monthlyRangeProb": 0.5024853947476688,
          "monthlyRangeWidth": 0.20823409322898945,
          "monthlyRegimeAligned": null,
          "weeklyBreakoutDownProb": 0.9012545587162655,
          "weeklyBreakoutUpProb": 0.4565528984693687,
          "weeklyRangeProb": 0.28062743249251093,
          "weeklyRegimeAligned": null
        },
        "frameState": "BEARISH",
        "revRisk": 0.9012545587162655,
        "ticker": "1308",
        "upProb": 0.9012545587162655
      },
      {
        "frameSignals": {
          "effectiveRevRisk": 0.8966083979095332,
          "effectiveUpProb": 0.8966083979095332,
          "frameState": "BEARISH",
          "monthlyBoxMonths": null,
          "monthlyBoxPos": null,
          "monthlyBoxRangePct": null,
          "monthlyBoxState": "no_box",
          "monthlyBoxWild": null,
          "monthlyBreakoutDownProb": 0.5708150036164037,
          "monthlyBreakoutUpProb": 0.375226768322286,
          "monthlyRangePos": 0.22058823529411764,
          "monthlyRangeProb": 0.5066182663060171,
          "monthlyRangeWidth": 0.20616472966144517,
          "monthlyRegimeAligned": null,
          "weeklyBreakoutDownProb": 0.8966083979095332,
          "weeklyBreakoutUpProb": 0.44142492245940523,
          "weeklyRangeProb": 0.26938628797087294,
          "weeklyRegimeAligned": null
        },
        "frameState": "BEARISH",
        "revRisk": 0.8966083979095332,
        "ticker": "1306",
        "upProb": 0.8966083979095332
      },
      {
        "frameSignals": {
          "effectiveRevRisk": 0.829434013164994,
          "effectiveUpProb": 0.829434013164994,
          "frameState": "BEARISH",
          "monthlyBoxMonths": 7.0,
          "monthlyBoxPos": 0.0,
          "monthlyBoxRangePct": 0.17219899062725305,
          "monthlyBoxState": "box_lower",
          "monthlyBoxWild": true,
          "monthlyBreakoutDownProb": 0.4715788452334467,
          "monthlyBreakoutUpProb": 0.4025061925155411,
          "monthlyRangePos": 0.40132478183156345,
          "monthlyRangeProb": 0.5906139604974054,
          "monthlyRangeWidth": 0.23560157546632318,
          "monthlyRegimeAligned": null,
          "weeklyBreakoutDownProb": 0.829434013164994,
          "weeklyBreakoutUpProb": 0.42768875940762324,
          "weeklyRangeProb": 0.34911604750577097,
          "weeklyRegimeAligned": null
        },
        "frameState": "BEARISH",
        "revRisk": 0.829434013164994,
        "ticker": "1001",
        "upProb": 0.829434013164994
      }
    ]
  },
  "stage": {
    "goal20Reached": false,
    "goal30Reached": false,
    "stage2Active": false
  }
}