{
  "actions": [],
  "asOf": "2024-02-07",
  "checks": {
    "exposureOk": true,
    "lossLimitOk": true,
    "maxHoldingsOk": true,
    "noFutureLeakOk": true,
    "unitRuleOk": true
  },
  "mode": "BACKTEST",
  "policyVersion": "toredex.v8",
  "seasonId": "toredex_multiframe_20260318",
  "signals": {
    "buy": [
      {
        "frameSignals": {
          "effectiveRevRisk": 0.42519315848521416,
          "effectiveUpProb": 0.7909104379670201,
          "frameState": "BULLISH",
          "monthlyBoxMonths": 9.0,
          "monthlyBoxPos": 0.9951980792316927,
          "monthlyBoxRangePct": 0.1848236077213224,
          "monthlyBoxState": "box_upper",
          "monthlyBoxWild": false,
          "monthlyBreakoutDownProb": 0.2811073728460893,
          "monthlyBreakoutUpProb": 0.6287344914901571,
          "monthlyRangePos": 0.9966101694915255,
          "monthlyRangeProb": 0.3331885284637141,
          "monthlyRangeWidth": 0.2209737827715356,
          "monthlyRegimeAligned": null,
          "weeklyBreakoutDownProb": 0.42519315848521416,
          "weeklyBreakoutUpProb": 0.7909104379670201,
          "weeklyRangeProb": 0.4396318875553015,
          "weeklyRegimeAligned": null
        },
        "frameState": "BULLISH",
        "revRisk": 0.42519315848521416,
        "ticker": "1306",
        "upProb": 0.7909104379670201
      },
      {
        "frameSignals": {
          "effectiveRevRisk": 0.4242937853107344,
          "effectiveUpProb": 0.7882575757575756,
          "frameState": "BULLISH",
          "monthlyBoxMonths": 9.0,
          "monthlyBoxPos": 0.9951456310679612,
          "monthlyBoxRangePct": 0.1851685393258427,
          "monthlyBoxState": "box_upper",
          "monthlyBoxWild": false,
          "monthlyBreakoutDownProb": 0.2823828962146408,
          "monthlyBreakoutUpProb": 0.6299691031111925,
          "monthlyRangePos": 0.996551724137931,
          "monthlyRangeProb": 0.33471270179598617,
          "monthlyRangeWidth": 0.21994690936670458,
          "monthlyRegimeAligned": null,
          "weeklyBreakoutDownProb": 0.4242937853107344,
          "weeklyBreakoutUpProb": 0.7882575757575756,
          "weeklyRangeProb": 0.44558294812532095,
          "weeklyRegimeAligned": null
        },
        "frameState": "BULLISH",
        "revRisk": 0.4242937853107344,
        "ticker": "1308",
        "upProb": 0.7882575757575756
      },
      {
        "frameSignals": {
          "effectiveRevRisk": 0.3810238609435006,
          "effectiveUpProb": 0.7389778383338431,
          "frameState": "BULLISH",
          "monthlyBoxMonths": 9.0,
          "monthlyBoxPos": 0.9692336035372144,
          "monthlyBoxRangePct": 0.17590252122626224,
          "monthlyBoxState": "box_upper",
          "monthlyBoxWild": false,
          "monthlyBreakoutDownProb": 0.2588196246333507,
          "monthlyBreakoutUpProb": 0.5955971384892493,
          "monthlyRangePos": 0.9811107340798553,
          "monthlyRangeProb": 0.3112869370801832,
          "monthlyRangeWidth": 0.24364768781348178,
          "monthlyRegimeAligned": null,
          "weeklyBreakoutDownProb": 0.3810238609435006,
          "weeklyBreakoutUpProb": 0.7389778383338431,
          "weeklyRangeProb": 0.42318972894981577,
          "weeklyRegimeAligned": null
        },
        "frameState": "BULLISH",
        "revRisk": 0.3810238609435006,
        "ticker": "1001",
        "upProb": 0.7389778383338431
      }
    ],
    "sell": [
      {
        "frameSignals": {
          "effectiveRevRisk": 0.4242937853107344,
          "effectiveUpProb": 0.7882575757575756,
          "frameState": "BULLISH",
          "monthlyBoxMonths": 9.0,
          "monthlyBoxPos": 0.9951456310679612,
          "monthlyBoxRangePct": 0.1851685393258427,
          "monthlyBoxState": "box_upper",
          "monthlyBoxWild": false,
          "monthlyBreakoutDownProb": 0.2823828962146408,
          "monthlyBreakoutUpProb": 0.6299691031111925,
          "monthlyRangePos": 0.996551724137931,
          "monthlyRangeProb": 0.33471270179598617,
          "monthlyRangeWidth": 0.21994690936670458,
          "monthlyRegimeAligned": null,
          "weeklyBreakoutDownProb": 0.4242937853107344,
          "weeklyBreakoutUpProb": 0.7882575757575756,
          "weeklyRangeProb": 0.44558294812532095,
          "weeklyRegimeAligned": null
        },
        "frameState": "BULLISH",
        "revRisk": 0.4242937853107344,
        "ticker": "1308",
        "upProb": 0.7882575757575756
      },
      {
        "frameSignals": {
          "effectiveRevRisk": 0.42519315848521416,
          "effectiveUpProb": 0.7909104379670201,
          "frameState": "BULLISH",
          "monthlyBoxMonths": 9.0,
          "monthlyBoxPos": 0.9951980792316927,
          "monthlyBoxRangePct": 0.1848236077213224,
          "monthlyBoxState": "box_upper",
          "monthlyBoxWild": false,
          "monthlyBreakoutDownProb": 0.2811073728460893,
          "monthlyBreakoutUpProb": 0.6287344914901571,
          "monthlyRangePos": 0.9966101694915255,
          "monthlyRangeProb": 0.3331885284637141,
          "monthlyRangeWidth": 0.2209737827715356,
          "monthlyRegimeAligned": null,
          "weeklyBreakoutDownProb": 0.42519315848521416,
          "weeklyBreakoutUpProb": 0.7909104379670201,
          "weeklyRangeProb": 0.4396318875553015,
          "weeklyRegimeAligned": null
        },
        "frameState": "BULLISH",
        "revRisk": 0.42519315848521416,
        "ticker": "1306",
        "upProb": 0.7909104379670201
      },
      {
        "frameSignals": {
          "effectiveRevRisk": 0.3810238609435006,
          "effectiveUpProb": 0.7389778383338431,
          "frameState": "BULLISH",
          "monthlyBoxMonths": 9.0,
          "monthlyBoxPos": 0.9692336035372144,
          "monthlyBoxRangePct": 0.17590252122626224,
          "monthlyBoxState": "box_upper",
          "monthlyBoxWild": false,
          "monthlyBreakoutDownProb": 0.2588196246333507,
          "monthlyBreakoutUpProb": 0.5955971384892493,
          "monthlyRangePos": 0.9811107340798553,
          "monthlyRangeProb": 0.3112869370801832,
          "monthlyRangeWidth": 0.24364768781348178,
          "monthlyRegimeAligned": null,
          "weeklyBreakoutDownProb": 0.3810238609435006,
          "weeklyBreakoutUpProb": 0.7389778383338431,
          "weeklyRangeProb": 0.42318972894981577,
          "weeklyRegimeAligned": null
        },
        "frameState": "BULLISH",
        "revRisk": 0.3810238609435006,
        "ticker": "1001",
        "upProb": 0.7389778383338431
      }
    ]
  },
  "stage": {
    "goal20Reached": false,
    "goal30Reached": false,
    "stage2Active": false
  }
}