{
  "actions": [],
  "asOf": "2024-10-04",
  "checks": {
    "exposureOk": true,
    "lossLimitOk": true,
    "maxHoldingsOk": true,
    "noFutureLeakOk": true,
    "unitRuleOk": true
  },
  "mode": "BACKTEST",
  "policyVersion": "toredex.v8",
  "seasonId": "toredex_multiframe_20260318",
  "signals": {
    "buy": [
      {
        "frameSignals": {
          "effectiveRevRisk": 0.5279356124396543,
          "effectiveUpProb": 0.5762689457729876,
          "frameState": "MIXED",
          "monthlyBoxMonths": 9.0,
          "monthlyBoxPos": 0.5,
          "monthlyBoxRangePct": 0.13068398930072603,
          "monthlyBoxState": "box_mid",
          "monthlyBoxWild": true,
          "monthlyBreakoutDownProb": 0.381847872981562,
          "monthlyBreakoutUpProb": 0.5591354546809083,
          "monthlyRangePos": 0.7532679738562091,
          "monthlyRangeProb": 0.5219298391921132,
          "monthlyRangeWidth": 0.20823409322898945,
          "monthlyRegimeAligned": null,
          "weeklyBreakoutDownProb": 0.5279356124396543,
          "weeklyBreakoutUpProb": 0.5762689457729876,
          "weeklyRangeProb": 0.7473329965195914,
          "weeklyRegimeAligned": null
        },
        "frameState": "MIXED",
        "revRisk": 0.5279356124396543,
        "ticker": "1308",
        "upProb": 0.5762689457729876
      },
      {
        "frameSignals": {
          "effectiveRevRisk": 0.5121199662828895,
          "effectiveUpProb": 0.5720145323818351,
          "frameState": "MIXED",
          "monthlyBoxMonths": 9.0,
          "monthlyBoxPos": 0.5664079344545062,
          "monthlyBoxRangePct": 0.12880471006443012,
          "monthlyBoxState": "box_mid",
          "monthlyBoxWild": true,
          "monthlyBreakoutDownProb": 0.3258528437614669,
          "monthlyBreakoutUpProb": 0.548232193987521,
          "monthlyRangePos": 0.8176847860372201,
          "monthlyRangeProb": 0.43730726298925693,
          "monthlyRangeWidth": 0.23560157546632318,
          "monthlyRegimeAligned": null,
          "weeklyBreakoutDownProb": 0.5121199662828895,
          "weeklyBreakoutUpProb": 0.5720145323818351,
          "weeklyRangeProb": 0.7239121831120279,
          "weeklyRegimeAligned": null
        },
        "frameState": "MIXED",
        "revRisk": 0.5121199662828895,
        "ticker": "1001",
        "upProb": 0.5720145323818351
      },
      {
        "frameSignals": {
          "effectiveRevRisk": 0.5323449758255793,
          "effectiveUpProb": 0.5639522585183644,
          "frameState": "MIXED",
          "monthlyBoxMonths": 9.0,
          "monthlyBoxPos": 0.49782923299565845,
          "monthlyBoxRangePct": 0.13040196263445933,
          "monthlyBoxState": "box_mid",
          "monthlyBoxWild": true,
          "monthlyBreakoutDownProb": 0.38208951342032527,
          "monthlyBreakoutUpProb": 0.5639522585183644,
          "monthlyRangePos": 0.7598039215686274,
          "monthlyRangeProb": 0.5203437565020956,
          "monthlyRangeWidth": 0.20616472966144517,
          "monthlyRegimeAligned": null,
          "weeklyBreakoutDownProb": 0.5323449758255793,
          "weeklyBreakoutUpProb": 0.5451682516876483,
          "weeklyRangeProb": 0.767070904032111,
          "weeklyRegimeAligned": null
        },
        "frameState": "MIXED",
        "revRisk": 0.5323449758255793,
        "ticker": "1306",
        "upProb": 0.5639522585183644
      }
    ],
    "sell": [
      {
        "frameSignals": {
          "effectiveRevRisk": 0.5279356124396543,
          "effectiveUpProb": 0.5762689457729876,
          "frameState": "MIXED",
          "monthlyBoxMonths": 9.0,
          "monthlyBoxPos": 0.5,
          "monthlyBoxRangePct": 0.13068398930072603,
          "monthlyBoxState": "box_mid",
          "monthlyBoxWild": true,
          "monthlyBreakoutDownProb": 0.381847872981562,
          "monthlyBreakoutUpProb": 0.5591354546809083,
          "monthlyRangePos": 0.7532679738562091,
          "monthlyRangeProb": 0.5219298391921132,
          "monthlyRangeWidth": 0.20823409322898945,
          "monthlyRegimeAligned": null,
          "weeklyBreakoutDownProb": 0.5279356124396543,
          "weeklyBreakoutUpProb": 0.5762689457729876,
          "weeklyRangeProb": 0.7473329965195914,
          "weeklyRegimeAligned": null
        },
        "frameState": "MIXED",
        "revRisk": 0.5279356124396543,
        "ticker": "1308",
        "upProb": 0.5762689457729876
      },
      {
        "frameSignals": {
          "effectiveRevRisk": 0.5323449758255793,
          "effectiveUpProb": 0.5639522585183644,
          "frameState": "MIXED",
          "monthlyBoxMonths": 9.0,
          "monthlyBoxPos": 0.49782923299565845,
          "monthlyBoxRangePct": 0.13040196263445933,
          "monthlyBoxState": "box_mid",
          "monthlyBoxWild": true,
          "monthlyBreakoutDownProb": 0.38208951342032527,
          "monthlyBreakoutUpProb": 0.5639522585183644,
          "monthlyRangePos": 0.7598039215686274,
          "monthlyRangeProb": 0.5203437565020956,
          "monthlyRangeWidth": 0.20616472966144517,
          "monthlyRegimeAligned": null,
          "weeklyBreakoutDownProb": 0.5323449758255793,
          "weeklyBreakoutUpProb": 0.5451682516876483,
          "weeklyRangeProb": 0.767070904032111,
          "weeklyRegimeAligned": null
        },
        "frameState": "MIXED",
        "revRisk": 0.5323449758255793,
        "ticker": "1306",
        "upProb": 0.5639522585183644
      },
      {
        "frameSignals": {
          "effectiveRevRisk": 0.5121199662828895,
          "effectiveUpProb": 0.5720145323818351,
          "frameState": "MIXED",
          "monthlyBoxMonths": 9.0,
          "monthlyBoxPos": 0.5664079344545062,
          "monthlyBoxRangePct": 0.12880471006443012,
          "monthlyBoxState": "box_mid",
          "monthlyBoxWild": true,
          "monthlyBreakoutDownProb": 0.3258528437614669,
          "monthlyBreakoutUpProb": 0.548232193987521,
          "monthlyRangePos": 0.8176847860372201,
          "monthlyRangeProb": 0.43730726298925693,
          "monthlyRangeWidth": 0.23560157546632318,
          "monthlyRegimeAligned": null,
          "weeklyBreakoutDownProb": 0.5121199662828895,
          "weeklyBreakoutUpProb": 0.5720145323818351,
          "weeklyRangeProb": 0.7239121831120279,
          "weeklyRegimeAligned": null
        },
        "frameState": "MIXED",
        "revRisk": 0.5121199662828895,
        "ticker": "1001",
        "upProb": 0.5720145323818351
      }
    ]
  },
  "stage": {
    "goal20Reached": false,
    "goal30Reached": false,
    "stage2Active": false
  }
}