{
  "actions": [],
  "asOf": "2025-12-05",
  "checks": {
    "exposureOk": true,
    "lossLimitOk": true,
    "maxHoldingsOk": true,
    "noFutureLeakOk": true,
    "unitRuleOk": true
  },
  "mode": "BACKTEST",
  "policyVersion": "toredex.v8",
  "seasonId": "toredex_multiframe_20260318",
  "signals": {
    "buy": [
      {
        "frameSignals": {
          "effectiveRevRisk": 0.3539941166940891,
          "effectiveUpProb": 0.6838246251686654,
          "frameState": "BULLISH",
          "monthlyBoxMonths": 7.0,
          "monthlyBoxPos": 0.9706390328151986,
          "monthlyBoxRangePct": 0.19828767123287672,
          "monthlyBoxState": "box_upper",
          "monthlyBoxWild": false,
          "monthlyBreakoutDownProb": 0.3078459555888253,
          "monthlyBreakoutUpProb": 0.6412490239291322,
          "monthlyRangePos": 0.9762900976290098,
          "monthlyRangeProb": 0.3706076013748499,
          "monthlyRangeWidth": 0.2049156901971992,
          "monthlyRegimeAligned": null,
          "weeklyBreakoutDownProb": 0.3539941166940891,
          "weeklyBreakoutUpProb": 0.6838246251686654,
          "weeklyRangeProb": 0.42660783898977866,
          "weeklyRegimeAligned": null
        },
        "frameState": "BULLISH",
        "revRisk": 0.3539941166940891,
        "ticker": "1308",
        "upProb": 0.6838246251686654
      },
      {
        "frameSignals": {
          "effectiveRevRisk": 0.3553564792695228,
          "effectiveUpProb": 0.6819451080320647,
          "frameState": "BULLISH",
          "monthlyBoxMonths": 7.0,
          "monthlyBoxPos": 0.9660729431721798,
          "monthlyBoxRangePct": 0.19966130397967824,
          "monthlyBoxState": "box_upper",
          "monthlyBoxWild": false,
          "monthlyBreakoutDownProb": 0.30822852292518976,
          "monthlyBreakoutUpProb": 0.6390109525751554,
          "monthlyRangePos": 0.9725463280713795,
          "monthlyRangeProb": 0.37213180587296557,
          "monthlyRangeWidth": 0.2056747600225861,
          "monthlyRegimeAligned": null,
          "weeklyBreakoutDownProb": 0.3553564792695228,
          "weeklyBreakoutUpProb": 0.6819451080320647,
          "weeklyRangeProb": 0.42954412737021436,
          "weeklyRegimeAligned": null
        },
        "frameState": "BULLISH",
        "revRisk": 0.3553564792695228,
        "ticker": "1306",
        "upProb": 0.6819451080320647
      },
      {
        "frameSignals": {
          "effectiveRevRisk": 0.3097442854144325,
          "effectiveUpProb": 0.5530013738109061,
          "frameState": "BULLISH",
          "monthlyBoxMonths": 3.0,
          "monthlyBoxPos": 0.746668425913709,
          "monthlyBoxRangePct": 0.16905712564966208,
          "monthlyBoxState": "box_mid",
          "monthlyBoxWild": false,
          "monthlyBreakoutDownProb": 0.19839717775867718,
          "monthlyBreakoutUpProb": 0.46836383053066544,
          "monthlyRangePos": 0.8856666468171261,
          "monthlyRangeProb": 0.2672103066717142,
          "monthlyRangeWidth": 0.32041595115435983,
          "monthlyRegimeAligned": null,
          "weeklyBreakoutDownProb": 0.3097442854144325,
          "weeklyBreakoutUpProb": 0.5530013738109061,
          "weeklyRangeProb": 0.4097289829639537,
          "weeklyRegimeAligned": null
        },
        "frameState": "BULLISH",
        "revRisk": 0.3097442854144325,
        "ticker": "1001",
        "upProb": 0.5530013738109061
      }
    ],
    "sell": [
      {
        "frameSignals": {
          "effectiveRevRisk": 0.3553564792695228,
          "effectiveUpProb": 0.6819451080320647,
          "frameState": "BULLISH",
          "monthlyBoxMonths": 7.0,
          "monthlyBoxPos": 0.9660729431721798,
          "monthlyBoxRangePct": 0.19966130397967824,
          "monthlyBoxState": "box_upper",
          "monthlyBoxWild": false,
          "monthlyBreakoutDownProb": 0.30822852292518976,
          "monthlyBreakoutUpProb": 0.6390109525751554,
          "monthlyRangePos": 0.9725463280713795,
          "monthlyRangeProb": 0.37213180587296557,
          "monthlyRangeWidth": 0.2056747600225861,
          "monthlyRegimeAligned": null,
          "weeklyBreakoutDownProb": 0.3553564792695228,
          "weeklyBreakoutUpProb": 0.6819451080320647,
          "weeklyRangeProb": 0.42954412737021436,
          "weeklyRegimeAligned": null
        },
        "frameState": "BULLISH",
        "revRisk": 0.3553564792695228,
        "ticker": "1306",
        "upProb": 0.6819451080320647
      },
      {
        "frameSignals": {
          "effectiveRevRisk": 0.3539941166940891,
          "effectiveUpProb": 0.6838246251686654,
          "frameState": "BULLISH",
          "monthlyBoxMonths": 7.0,
          "monthlyBoxPos": 0.9706390328151986,
          "monthlyBoxRangePct": 0.19828767123287672,
          "monthlyBoxState": "box_upper",
          "monthlyBoxWild": false,
          "monthlyBreakoutDownProb": 0.3078459555888253,
          "monthlyBreakoutUpProb": 0.6412490239291322,
          "monthlyRangePos": 0.9762900976290098,
          "monthlyRangeProb": 0.3706076013748499,
          "monthlyRangeWidth": 0.2049156901971992,
          "monthlyRegimeAligned": null,
          "weeklyBreakoutDownProb": 0.3539941166940891,
          "weeklyBreakoutUpProb": 0.6838246251686654,
          "weeklyRangeProb": 0.42660783898977866,
          "weeklyRegimeAligned": null
        },
        "frameState": "BULLISH",
        "revRisk": 0.3539941166940891,
        "ticker": "1308",
        "upProb": 0.6838246251686654
      },
      {
        "frameSignals": {
          "effectiveRevRisk": 0.3097442854144325,
          "effectiveUpProb": 0.5530013738109061,
          "frameState": "BULLISH",
          "monthlyBoxMonths": 3.0,
          "monthlyBoxPos": 0.746668425913709,
          "monthlyBoxRangePct": 0.16905712564966208,
          "monthlyBoxState": "box_mid",
          "monthlyBoxWild": false,
          "monthlyBreakoutDownProb": 0.19839717775867718,
          "monthlyBreakoutUpProb": 0.46836383053066544,
          "monthlyRangePos": 0.8856666468171261,
          "monthlyRangeProb": 0.2672103066717142,
          "monthlyRangeWidth": 0.32041595115435983,
          "monthlyRegimeAligned": null,
          "weeklyBreakoutDownProb": 0.3097442854144325,
          "weeklyBreakoutUpProb": 0.5530013738109061,
          "weeklyRangeProb": 0.4097289829639537,
          "weeklyRegimeAligned": null
        },
        "frameState": "BULLISH",
        "revRisk": 0.3097442854144325,
        "ticker": "1001",
        "upProb": 0.5530013738109061
      }
    ]
  },
  "stage": {
    "goal20Reached": false,
    "goal30Reached": false,
    "stage2Active": false
  }
}