{
  "actions": [],
  "asOf": "2026-02-18",
  "checks": {
    "exposureOk": true,
    "lossLimitOk": true,
    "maxHoldingsOk": true,
    "noFutureLeakOk": true,
    "unitRuleOk": true
  },
  "mode": "BACKTEST",
  "policyVersion": "toredex.v8",
  "seasonId": "toredex_multiframe_20260318",
  "signals": {
    "buy": [
      {
        "frameSignals": {
          "effectiveRevRisk": 0.34957808499743986,
          "effectiveUpProb": 0.9707501875468867,
          "frameState": "BULLISH",
          "monthlyBoxMonths": 4.0,
          "monthlyBoxPos": 1.0,
          "monthlyBoxRangePct": 0.13711442786069652,
          "monthlyBoxState": "box_upper",
          "monthlyBoxWild": false,
          "monthlyBreakoutDownProb": 0.14420480120030008,
          "monthlyBreakoutUpProb": 0.9707501875468867,
          "monthlyRangePos": 1.0,
          "monthlyRangeProb": 0.0,
          "monthlyRangeWidth": 0.33201425356339087,
          "monthlyRegimeAligned": null,
          "weeklyBreakoutDownProb": 0.34957808499743986,
          "weeklyBreakoutUpProb": 0.8935483870967742,
          "weeklyRangeProb": 0.16521146953405022,
          "weeklyRegimeAligned": null
        },
        "frameState": "BULLISH",
        "revRisk": 0.34957808499743986,
        "ticker": "1001",
        "upProb": 0.9707501875468867
      },
      {
        "frameSignals": {
          "effectiveRevRisk": 0.3596668096668097,
          "effectiveUpProb": 0.9565117521367521,
          "frameState": "BULLISH",
          "monthlyBoxMonths": 4.0,
          "monthlyBoxPos": 1.0,
          "monthlyBoxRangePct": 0.14724454649827784,
          "monthlyBoxState": "box_upper",
          "monthlyBoxWild": false,
          "monthlyBreakoutDownProb": 0.24623990978157648,
          "monthlyBreakoutUpProb": 0.9565117521367521,
          "monthlyRangePos": 1.0,
          "monthlyRangeProb": 0.0,
          "monthlyRangeWidth": 0.2485309829059829,
          "monthlyRegimeAligned": null,
          "weeklyBreakoutDownProb": 0.3596668096668097,
          "weeklyBreakoutUpProb": 0.8344144144144144,
          "weeklyRangeProb": 0.26161161161161156,
          "weeklyRegimeAligned": null
        },
        "frameState": "BULLISH",
        "revRisk": 0.3596668096668097,
        "ticker": "1306",
        "upProb": 0.9565117521367521
      },
      {
        "frameSignals": {
          "effectiveRevRisk": 0.3596643518518519,
          "effectiveUpProb": 0.9513815434430652,
          "frameState": "BULLISH",
          "monthlyBoxMonths": 4.0,
          "monthlyBoxPos": 1.0,
          "monthlyBoxRangePct": 0.14854651162790697,
          "monthlyBoxState": "box_upper",
          "monthlyBoxWild": false,
          "monthlyBreakoutDownProb": 0.24526893326137797,
          "monthlyBreakoutUpProb": 0.9513815434430652,
          "monthlyRangePos": 1.0,
          "monthlyRangeProb": 0.0,
          "monthlyRangeWidth": 0.24932541824069077,
          "monthlyRegimeAligned": null,
          "weeklyBreakoutDownProb": 0.3596643518518519,
          "weeklyBreakoutUpProb": 0.8339322916666667,
          "weeklyRangeProb": 0.2622974537037037,
          "weeklyRegimeAligned": null
        },
        "frameState": "BULLISH",
        "revRisk": 0.3596643518518519,
        "ticker": "1308",
        "upProb": 0.9513815434430652
      }
    ],
    "sell": [
      {
        "frameSignals": {
          "effectiveRevRisk": 0.3596668096668097,
          "effectiveUpProb": 0.9565117521367521,
          "frameState": "BULLISH",
          "monthlyBoxMonths": 4.0,
          "monthlyBoxPos": 1.0,
          "monthlyBoxRangePct": 0.14724454649827784,
          "monthlyBoxState": "box_upper",
          "monthlyBoxWild": false,
          "monthlyBreakoutDownProb": 0.24623990978157648,
          "monthlyBreakoutUpProb": 0.9565117521367521,
          "monthlyRangePos": 1.0,
          "monthlyRangeProb": 0.0,
          "monthlyRangeWidth": 0.2485309829059829,
          "monthlyRegimeAligned": null,
          "weeklyBreakoutDownProb": 0.3596668096668097,
          "weeklyBreakoutUpProb": 0.8344144144144144,
          "weeklyRangeProb": 0.26161161161161156,
          "weeklyRegimeAligned": null
        },
        "frameState": "BULLISH",
        "revRisk": 0.3596668096668097,
        "ticker": "1306",
        "upProb": 0.9565117521367521
      },
      {
        "frameSignals": {
          "effectiveRevRisk": 0.3596643518518519,
          "effectiveUpProb": 0.9513815434430652,
          "frameState": "BULLISH",
          "monthlyBoxMonths": 4.0,
          "monthlyBoxPos": 1.0,
          "monthlyBoxRangePct": 0.14854651162790697,
          "monthlyBoxState": "box_upper",
          "monthlyBoxWild": false,
          "monthlyBreakoutDownProb": 0.24526893326137797,
          "monthlyBreakoutUpProb": 0.9513815434430652,
          "monthlyRangePos": 1.0,
          "monthlyRangeProb": 0.0,
          "monthlyRangeWidth": 0.24932541824069077,
          "monthlyRegimeAligned": null,
          "weeklyBreakoutDownProb": 0.3596643518518519,
          "weeklyBreakoutUpProb": 0.8339322916666667,
          "weeklyRangeProb": 0.2622974537037037,
          "weeklyRegimeAligned": null
        },
        "frameState": "BULLISH",
        "revRisk": 0.3596643518518519,
        "ticker": "1308",
        "upProb": 0.9513815434430652
      },
      {
        "frameSignals": {
          "effectiveRevRisk": 0.34957808499743986,
          "effectiveUpProb": 0.9707501875468867,
          "frameState": "BULLISH",
          "monthlyBoxMonths": 4.0,
          "monthlyBoxPos": 1.0,
          "monthlyBoxRangePct": 0.13711442786069652,
          "monthlyBoxState": "box_upper",
          "monthlyBoxWild": false,
          "monthlyBreakoutDownProb": 0.14420480120030008,
          "monthlyBreakoutUpProb": 0.9707501875468867,
          "monthlyRangePos": 1.0,
          "monthlyRangeProb": 0.0,
          "monthlyRangeWidth": 0.33201425356339087,
          "monthlyRegimeAligned": null,
          "weeklyBreakoutDownProb": 0.34957808499743986,
          "weeklyBreakoutUpProb": 0.8935483870967742,
          "weeklyRangeProb": 0.16521146953405022,
          "weeklyRegimeAligned": null
        },
        "frameState": "BULLISH",
        "revRisk": 0.34957808499743986,
        "ticker": "1001",
        "upProb": 0.9707501875468867
      }
    ]
  },
  "stage": {
    "goal20Reached": false,
    "goal30Reached": false,
    "stage2Active": false
  }
}