{
  "actions": [],
  "asOf": "2012-12-06",
  "checks": {
    "exposureOk": true,
    "lossLimitOk": true,
    "maxHoldingsOk": true,
    "noFutureLeakOk": true,
    "unitRuleOk": true
  },
  "mode": "BACKTEST",
  "policyVersion": "toredex.v8",
  "seasonId": "toredex_multiframe_20260318",
  "signals": {
    "buy": [
      {
        "frameSignals": {
          "effectiveRevRisk": 0.46832353369842217,
          "effectiveUpProb": 0.8021045388758393,
          "frameState": "BULLISH",
          "monthlyBoxMonths": 8.0,
          "monthlyBoxPos": 1.0,
          "monthlyBoxRangePct": 0.1275841701122268,
          "monthlyBoxState": "box_upper",
          "monthlyBoxWild": false,
          "monthlyBreakoutDownProb": 0.46832353369842217,
          "monthlyBreakoutUpProb": 0.5869967523716408,
          "monthlyRangePos": 0.6695331695331695,
          "monthlyRangeProb": 0.6481069503681822,
          "monthlyRangeWidth": 0.1614598829713379,
          "monthlyRegimeAligned": null,
          "weeklyBreakoutDownProb": 0.4414276223693264,
          "weeklyBreakoutUpProb": 0.8021045388758393,
          "weeklyRangeProb": 0.47897952404678856,
          "weeklyRegimeAligned": null
        },
        "frameState": "BULLISH",
        "revRisk": 0.46832353369842217,
        "ticker": "1001",
        "upProb": 0.8021045388758393
      },
      {
        "frameSignals": {
          "effectiveRevRisk": 0.5351184179677043,
          "effectiveUpProb": 0.8107905982905983,
          "frameState": "BULLISH",
          "monthlyBoxMonths": 8.0,
          "monthlyBoxPos": 0.8470588235294118,
          "monthlyBoxRangePct": 0.11772853185595568,
          "monthlyBoxState": "box_upper",
          "monthlyBoxWild": false,
          "monthlyBreakoutDownProb": 0.5351184179677043,
          "monthlyBreakoutUpProb": 0.5225284899101504,
          "monthlyRangePos": 0.48201438848920863,
          "monthlyRangeProb": 0.7555650629611784,
          "monthlyRangeWidth": 0.1605080831408776,
          "monthlyRegimeAligned": null,
          "weeklyBreakoutDownProb": 0.455982905982906,
          "weeklyBreakoutUpProb": 0.8107905982905983,
          "weeklyRangeProb": 0.5196581196581196,
          "weeklyRegimeAligned": null
        },
        "frameState": "BULLISH",
        "revRisk": 0.5351184179677043,
        "ticker": "1308",
        "upProb": 0.8107905982905983
      },
      {
        "frameSignals": {
          "effectiveRevRisk": 0.5343960986816954,
          "effectiveUpProb": 0.8119549929676513,
          "frameState": "BULLISH",
          "monthlyBoxMonths": 8.0,
          "monthlyBoxPos": 0.7604166666666666,
          "monthlyBoxRangePct": 0.13150684931506848,
          "monthlyBoxState": "box_upper",
          "monthlyBoxWild": false,
          "monthlyBreakoutDownProb": 0.5343960986816954,
          "monthlyBreakoutUpProb": 0.526842141847163,
          "monthlyRangePos": 0.4892086330935252,
          "monthlyRangeProb": 0.7627231852961567,
          "monthlyRangeWidth": 0.15903890160183065,
          "monthlyRegimeAligned": null,
          "weeklyBreakoutDownProb": 0.4556258790436006,
          "weeklyBreakoutUpProb": 0.8119549929676513,
          "weeklyRangeProb": 0.5131504922644162,
          "weeklyRegimeAligned": null
        },
        "frameState": "BULLISH",
        "revRisk": 0.5343960986816954,
        "ticker": "1306",
        "upProb": 0.8119549929676513
      }
    ],
    "sell": [
      {
        "frameSignals": {
          "effectiveRevRisk": 0.46832353369842217,
          "effectiveUpProb": 0.8021045388758393,
          "frameState": "BULLISH",
          "monthlyBoxMonths": 8.0,
          "monthlyBoxPos": 1.0,
          "monthlyBoxRangePct": 0.1275841701122268,
          "monthlyBoxState": "box_upper",
          "monthlyBoxWild": false,
          "monthlyBreakoutDownProb": 0.46832353369842217,
          "monthlyBreakoutUpProb": 0.5869967523716408,
          "monthlyRangePos": 0.6695331695331695,
          "monthlyRangeProb": 0.6481069503681822,
          "monthlyRangeWidth": 0.1614598829713379,
          "monthlyRegimeAligned": null,
          "weeklyBreakoutDownProb": 0.4414276223693264,
          "weeklyBreakoutUpProb": 0.8021045388758393,
          "weeklyRangeProb": 0.47897952404678856,
          "weeklyRegimeAligned": null
        },
        "frameState": "BULLISH",
        "revRisk": 0.46832353369842217,
        "ticker": "1001",
        "upProb": 0.8021045388758393
      },
      {
        "frameSignals": {
          "effectiveRevRisk": 0.5343960986816954,
          "effectiveUpProb": 0.8119549929676513,
          "frameState": "BULLISH",
          "monthlyBoxMonths": 8.0,
          "monthlyBoxPos": 0.7604166666666666,
          "monthlyBoxRangePct": 0.13150684931506848,
          "monthlyBoxState": "box_upper",
          "monthlyBoxWild": false,
          "monthlyBreakoutDownProb": 0.5343960986816954,
          "monthlyBreakoutUpProb": 0.526842141847163,
          "monthlyRangePos": 0.4892086330935252,
          "monthlyRangeProb": 0.7627231852961567,
          "monthlyRangeWidth": 0.15903890160183065,
          "monthlyRegimeAligned": null,
          "weeklyBreakoutDownProb": 0.4556258790436006,
          "weeklyBreakoutUpProb": 0.8119549929676513,
          "weeklyRangeProb": 0.5131504922644162,
          "weeklyRegimeAligned": null
        },
        "frameState": "BULLISH",
        "revRisk": 0.5343960986816954,
        "ticker": "1306",
        "upProb": 0.8119549929676513
      },
      {
        "frameSignals": {
          "effectiveRevRisk": 0.5351184179677043,
          "effectiveUpProb": 0.8107905982905983,
          "frameState": "BULLISH",
          "monthlyBoxMonths": 8.0,
          "monthlyBoxPos": 0.8470588235294118,
          "monthlyBoxRangePct": 0.11772853185595568,
          "monthlyBoxState": "box_upper",
          "monthlyBoxWild": false,
          "monthlyBreakoutDownProb": 0.5351184179677043,
          "monthlyBreakoutUpProb": 0.5225284899101504,
          "monthlyRangePos": 0.48201438848920863,
          "monthlyRangeProb": 0.7555650629611784,
          "monthlyRangeWidth": 0.1605080831408776,
          "monthlyRegimeAligned": null,
          "weeklyBreakoutDownProb": 0.455982905982906,
          "weeklyBreakoutUpProb": 0.8107905982905983,
          "weeklyRangeProb": 0.5196581196581196,
          "weeklyRegimeAligned": null
        },
        "frameState": "BULLISH",
        "revRisk": 0.5351184179677043,
        "ticker": "1308",
        "upProb": 0.8107905982905983
      }
    ]
  },
  "stage": {
    "goal20Reached": false,
    "goal30Reached": false,
    "stage2Active": false
  }
}