{
  "asOf": "2025-11-24",
  "cash": 744820.719334,
  "cum_pnl": -255179.280666,
  "cum_return_pct": -2.551793,
  "daily_pnl": 0.0,
  "equity": 9744820.719334,
  "game_over": false,
  "goal20_reached": false,
  "goal30_reached": false,
  "holdings_count": 3,
  "max_drawdown_pct": -15.509691,
  "season_id": "tradex_demo_202511_v4"
}