{
  "actions": [
    {
      "deltaUnits": 2,
      "reasonId": "E_NEW_TOP1_GATE_OK",
      "side": "LONG",
      "ticker": "1308"
    }
  ],
  "asOf": "2013-01-17",
  "checks": {
    "exposureOk": true,
    "lossLimitOk": true,
    "maxHoldingsOk": true,
    "noFutureLeakOk": true,
    "unitRuleOk": true
  },
  "mode": "BACKTEST",
  "policyVersion": "toredex.v8",
  "seasonId": "toredex_multiframe_20260318",
  "signals": {
    "buy": [
      {
        "frameSignals": {
          "effectiveRevRisk": 0.3538234539389274,
          "effectiveUpProb": 0.8372055427251732,
          "frameState": "BULLISH",
          "monthlyBoxMonths": 3.0,
          "monthlyBoxPos": 0.9931972789115646,
          "monthlyBoxRangePct": 0.19626168224299065,
          "monthlyBoxState": "box_upper",
          "monthlyBoxWild": false,
          "monthlyBreakoutDownProb": 0.3538234539389274,
          "monthlyBreakoutUpProb": 0.8372055427251732,
          "monthlyRangePos": 1.0,
          "monthlyRangeProb": 0.25071850141134205,
          "monthlyRangeWidth": 0.1605080831408776,
          "monthlyRegimeAligned": null,
          "weeklyBreakoutDownProb": 0.3134849614715387,
          "weeklyBreakoutUpProb": 0.7669798657718121,
          "weeklyRangeProb": 0.3033681332339051,
          "weeklyRegimeAligned": null
        },
        "frameState": "BULLISH",
        "revRisk": 0.3538234539389274,
        "ticker": "1308",
        "upProb": 0.8372055427251732
      },
      {
        "frameSignals": {
          "effectiveRevRisk": 0.3532724505327245,
          "effectiveUpProb": 0.8398630136986301,
          "frameState": "BULLISH",
          "monthlyBoxMonths": 3.0,
          "monthlyBoxPos": 1.0,
          "monthlyBoxRangePct": 0.2,
          "monthlyBoxState": "box_upper",
          "monthlyBoxWild": false,
          "monthlyBreakoutDownProb": 0.3532724505327245,
          "monthlyBreakoutUpProb": 0.8398630136986301,
          "monthlyRangePos": 1.0,
          "monthlyRangeProb": 0.24627092846270926,
          "monthlyRangeWidth": 0.16095890410958905,
          "monthlyRegimeAligned": null,
          "weeklyBreakoutDownProb": 0.3161012782694199,
          "weeklyBreakoutUpProb": 0.7548451327433628,
          "weeklyRangeProb": 0.32379547689282207,
          "weeklyRegimeAligned": null
        },
        "frameState": "BULLISH",
        "revRisk": 0.3532724505327245,
        "ticker": "1306",
        "upProb": 0.8398630136986301
      },
      {
        "frameSignals": {
          "effectiveRevRisk": 0.3321281599059377,
          "effectiveUpProb": 0.792053872053872,
          "frameState": "BULLISH",
          "monthlyBoxMonths": 3.0,
          "monthlyBoxPos": 1.0,
          "monthlyBoxRangePct": 0.1878848953084761,
          "monthlyBoxState": "box_upper",
          "monthlyBoxWild": false,
          "monthlyBreakoutDownProb": 0.3321281599059377,
          "monthlyBreakoutUpProb": 0.792053872053872,
          "monthlyRangePos": 1.0,
          "monthlyRangeProb": 0.2895809951365507,
          "monthlyRangeWidth": 0.17825877825877826,
          "monthlyRegimeAligned": null,
          "weeklyBreakoutDownProb": 0.30368013972055896,
          "weeklyBreakoutUpProb": 0.7570041167664671,
          "weeklyRangeProb": 0.30603168662674657,
          "weeklyRegimeAligned": null
        },
        "frameState": "BULLISH",
        "revRisk": 0.3321281599059377,
        "ticker": "1001",
        "upProb": 0.792053872053872
      }
    ],
    "sell": [
      {
        "frameSignals": {
          "effectiveRevRisk": 0.3538234539389274,
          "effectiveUpProb": 0.8372055427251732,
          "frameState": "BULLISH",
          "monthlyBoxMonths": 3.0,
          "monthlyBoxPos": 0.9931972789115646,
          "monthlyBoxRangePct": 0.19626168224299065,
          "monthlyBoxState": "box_upper",
          "monthlyBoxWild": false,
          "monthlyBreakoutDownProb": 0.3538234539389274,
          "monthlyBreakoutUpProb": 0.8372055427251732,
          "monthlyRangePos": 1.0,
          "monthlyRangeProb": 0.25071850141134205,
          "monthlyRangeWidth": 0.1605080831408776,
          "monthlyRegimeAligned": null,
          "weeklyBreakoutDownProb": 0.3134849614715387,
          "weeklyBreakoutUpProb": 0.7669798657718121,
          "weeklyRangeProb": 0.3033681332339051,
          "weeklyRegimeAligned": null
        },
        "frameState": "BULLISH",
        "revRisk": 0.3538234539389274,
        "ticker": "1308",
        "upProb": 0.8372055427251732
      },
      {
        "frameSignals": {
          "effectiveRevRisk": 0.3532724505327245,
          "effectiveUpProb": 0.8398630136986301,
          "frameState": "BULLISH",
          "monthlyBoxMonths": 3.0,
          "monthlyBoxPos": 1.0,
          "monthlyBoxRangePct": 0.2,
          "monthlyBoxState": "box_upper",
          "monthlyBoxWild": false,
          "monthlyBreakoutDownProb": 0.3532724505327245,
          "monthlyBreakoutUpProb": 0.8398630136986301,
          "monthlyRangePos": 1.0,
          "monthlyRangeProb": 0.24627092846270926,
          "monthlyRangeWidth": 0.16095890410958905,
          "monthlyRegimeAligned": null,
          "weeklyBreakoutDownProb": 0.3161012782694199,
          "weeklyBreakoutUpProb": 0.7548451327433628,
          "weeklyRangeProb": 0.32379547689282207,
          "weeklyRegimeAligned": null
        },
        "frameState": "BULLISH",
        "revRisk": 0.3532724505327245,
        "ticker": "1306",
        "upProb": 0.8398630136986301
      },
      {
        "frameSignals": {
          "effectiveRevRisk": 0.3321281599059377,
          "effectiveUpProb": 0.792053872053872,
          "frameState": "BULLISH",
          "monthlyBoxMonths": 3.0,
          "monthlyBoxPos": 1.0,
          "monthlyBoxRangePct": 0.1878848953084761,
          "monthlyBoxState": "box_upper",
          "monthlyBoxWild": false,
          "monthlyBreakoutDownProb": 0.3321281599059377,
          "monthlyBreakoutUpProb": 0.792053872053872,
          "monthlyRangePos": 1.0,
          "monthlyRangeProb": 0.2895809951365507,
          "monthlyRangeWidth": 0.17825877825877826,
          "monthlyRegimeAligned": null,
          "weeklyBreakoutDownProb": 0.30368013972055896,
          "weeklyBreakoutUpProb": 0.7570041167664671,
          "weeklyRangeProb": 0.30603168662674657,
          "weeklyRegimeAligned": null
        },
        "frameState": "BULLISH",
        "revRisk": 0.3321281599059377,
        "ticker": "1001",
        "upProb": 0.792053872053872
      }
    ]
  },
  "stage": {
    "goal20Reached": false,
    "goal30Reached": false,
    "stage2Active": false
  }
}