{
  "actions": [],
  "asOf": "2018-12-14",
  "checks": {
    "exposureOk": true,
    "lossLimitOk": true,
    "maxHoldingsOk": true,
    "noFutureLeakOk": true,
    "unitRuleOk": true
  },
  "mode": "BACKTEST",
  "policyVersion": "toredex.v8",
  "seasonId": "toredex_multiframe_20260318",
  "signals": {
    "buy": [
      {
        "frameSignals": {
          "effectiveRevRisk": 0.769568082200339,
          "effectiveUpProb": 0.42387521846815984,
          "frameState": "BEARISH",
          "monthlyBoxMonths": 14.0,
          "monthlyBoxPos": 0.0,
          "monthlyBoxRangePct": 0.13095349490034622,
          "monthlyBoxState": "box_lower",
          "monthlyBoxWild": false,
          "monthlyBreakoutDownProb": 0.769568082200339,
          "monthlyBreakoutUpProb": 0.4149069467477428,
          "monthlyRangePos": 0.0,
          "monthlyRangeProb": 0.47170003161876556,
          "monthlyRangeWidth": 0.11053067993366501,
          "monthlyRegimeAligned": null,
          "weeklyBreakoutDownProb": 0.7285754909477238,
          "weeklyBreakoutUpProb": 0.42387521846815984,
          "weeklyRangeProb": 0.5194751467207309,
          "weeklyRegimeAligned": null
        },
        "frameState": "BEARISH",
        "revRisk": 0.769568082200339,
        "ticker": "1001",
        "upProb": 0.42387521846815984
      },
      {
        "frameSignals": {
          "effectiveRevRisk": 0.8325,
          "effectiveUpProb": 0.4240582547309723,
          "frameState": "BEARISH",
          "monthlyBoxMonths": 14.0,
          "monthlyBoxPos": 0.0,
          "monthlyBoxRangePct": 0.16051660516605165,
          "monthlyBoxState": "box_lower",
          "monthlyBoxWild": false,
          "monthlyBreakoutDownProb": 0.8325,
          "monthlyBreakoutUpProb": 0.4240582547309723,
          "monthlyRangePos": 0.0,
          "monthlyRangeProb": 0.3404454698768633,
          "monthlyRangeWidth": 0.10304324612920449,
          "monthlyRegimeAligned": null,
          "weeklyBreakoutDownProb": 0.7570860096912329,
          "weeklyBreakoutUpProb": 0.4024904214559387,
          "weeklyRangeProb": 0.4572881451431147,
          "weeklyRegimeAligned": null
        },
        "frameState": "BEARISH",
        "revRisk": 0.8325,
        "ticker": "1308",
        "upProb": 0.4240582547309723
      },
      {
        "frameSignals": {
          "effectiveRevRisk": 0.8354299175500589,
          "effectiveUpProb": 0.4246770025839794,
          "frameState": "BEARISH",
          "monthlyBoxMonths": 14.0,
          "monthlyBoxPos": 0.0,
          "monthlyBoxRangePct": 0.16017052375152252,
          "monthlyBoxState": "box_lower",
          "monthlyBoxWild": false,
          "monthlyBreakoutDownProb": 0.8354299175500589,
          "monthlyBreakoutUpProb": 0.4246770025839794,
          "monthlyRangePos": 0.0,
          "monthlyRangeProb": 0.3369911208394239,
          "monthlyRangeWidth": 0.10253699788583509,
          "monthlyRegimeAligned": null,
          "weeklyBreakoutDownProb": 0.7531916590167258,
          "weeklyBreakoutUpProb": 0.4001539919450368,
          "weeklyRangeProb": 0.46075859492101495,
          "weeklyRegimeAligned": null
        },
        "frameState": "BEARISH",
        "revRisk": 0.8354299175500589,
        "ticker": "1306",
        "upProb": 0.4246770025839794
      }
    ],
    "sell": [
      {
        "frameSignals": {
          "effectiveRevRisk": 0.8325,
          "effectiveUpProb": 0.7570860096912329,
          "frameState": "BEARISH",
          "monthlyBoxMonths": 14.0,
          "monthlyBoxPos": 0.0,
          "monthlyBoxRangePct": 0.16051660516605165,
          "monthlyBoxState": "box_lower",
          "monthlyBoxWild": false,
          "monthlyBreakoutDownProb": 0.8325,
          "monthlyBreakoutUpProb": 0.4240582547309723,
          "monthlyRangePos": 0.0,
          "monthlyRangeProb": 0.3404454698768633,
          "monthlyRangeWidth": 0.10304324612920449,
          "monthlyRegimeAligned": null,
          "weeklyBreakoutDownProb": 0.7570860096912329,
          "weeklyBreakoutUpProb": 0.4024904214559387,
          "weeklyRangeProb": 0.4572881451431147,
          "weeklyRegimeAligned": null
        },
        "frameState": "BEARISH",
        "revRisk": 0.8325,
        "ticker": "1308",
        "upProb": 0.7570860096912329
      },
      {
        "frameSignals": {
          "effectiveRevRisk": 0.8354299175500589,
          "effectiveUpProb": 0.7531916590167258,
          "frameState": "BEARISH",
          "monthlyBoxMonths": 14.0,
          "monthlyBoxPos": 0.0,
          "monthlyBoxRangePct": 0.16017052375152252,
          "monthlyBoxState": "box_lower",
          "monthlyBoxWild": false,
          "monthlyBreakoutDownProb": 0.8354299175500589,
          "monthlyBreakoutUpProb": 0.4246770025839794,
          "monthlyRangePos": 0.0,
          "monthlyRangeProb": 0.3369911208394239,
          "monthlyRangeWidth": 0.10253699788583509,
          "monthlyRegimeAligned": null,
          "weeklyBreakoutDownProb": 0.7531916590167258,
          "weeklyBreakoutUpProb": 0.4001539919450368,
          "weeklyRangeProb": 0.46075859492101495,
          "weeklyRegimeAligned": null
        },
        "frameState": "BEARISH",
        "revRisk": 0.8354299175500589,
        "ticker": "1306",
        "upProb": 0.7531916590167258
      },
      {
        "frameSignals": {
          "effectiveRevRisk": 0.769568082200339,
          "effectiveUpProb": 0.7285754909477238,
          "frameState": "BEARISH",
          "monthlyBoxMonths": 14.0,
          "monthlyBoxPos": 0.0,
          "monthlyBoxRangePct": 0.13095349490034622,
          "monthlyBoxState": "box_lower",
          "monthlyBoxWild": false,
          "monthlyBreakoutDownProb": 0.769568082200339,
          "monthlyBreakoutUpProb": 0.4149069467477428,
          "monthlyRangePos": 0.0,
          "monthlyRangeProb": 0.47170003161876556,
          "monthlyRangeWidth": 0.11053067993366501,
          "monthlyRegimeAligned": null,
          "weeklyBreakoutDownProb": 0.7285754909477238,
          "weeklyBreakoutUpProb": 0.42387521846815984,
          "weeklyRangeProb": 0.5194751467207309,
          "weeklyRegimeAligned": null
        },
        "frameState": "BEARISH",
        "revRisk": 0.769568082200339,
        "ticker": "1001",
        "upProb": 0.7285754909477238
      }
    ]
  },
  "stage": {
    "goal20Reached": false,
    "goal30Reached": false,
    "stage2Active": false
  }
}