{
  "actions": [
    {
      "deltaUnits": -2,
      "reasonId": "X_EXIT_REV_RISK_HIGH",
      "side": "SHORT",
      "ticker": "1306"
    }
  ],
  "asOf": "2021-08-18",
  "checks": {
    "exposureOk": true,
    "lossLimitOk": true,
    "maxHoldingsOk": true,
    "noFutureLeakOk": true,
    "unitRuleOk": true
  },
  "mode": "BACKTEST",
  "policyVersion": "toredex.v8",
  "seasonId": "toredex_multiframe_20260318",
  "signals": {
    "buy": [
      {
        "frameSignals": {
          "effectiveRevRisk": 0.6451691801357048,
          "effectiveUpProb": 0.678188048060233,
          "frameState": "MIXED",
          "monthlyBoxMonths": 9.0,
          "monthlyBoxPos": 0.6495726495726496,
          "monthlyBoxRangePct": 0.12921038100496962,
          "monthlyBoxState": "box_mid",
          "monthlyBoxWild": false,
          "monthlyBreakoutDownProb": 0.3635507872583205,
          "monthlyBreakoutUpProb": 0.5965974703050034,
          "monthlyRangePos": 0.8329238329238329,
          "monthlyRangeProb": 0.47749546914982666,
          "monthlyRangeWidth": 0.20039389463318563,
          "monthlyRegimeAligned": null,
          "weeklyBreakoutDownProb": 0.6451691801357048,
          "weeklyBreakoutUpProb": 0.678188048060233,
          "weeklyRangeProb": 0.8921467669185259,
          "weeklyRegimeAligned": null
        },
        "frameState": "MIXED",
        "revRisk": 0.6451691801357048,
        "ticker": "1308",
        "upProb": 0.678188048060233
      },
      {
        "frameSignals": {
          "effectiveRevRisk": 0.6568852521547625,
          "effectiveUpProb": 0.666698336266912,
          "frameState": "MIXED",
          "monthlyBoxMonths": 9.0,
          "monthlyBoxPos": 0.6443514644351465,
          "monthlyBoxRangePct": 0.13052976515565265,
          "monthlyBoxState": "box_mid",
          "monthlyBoxWild": false,
          "monthlyBreakoutDownProb": 0.3622541417073367,
          "monthlyBreakoutUpProb": 0.5981422195662175,
          "monthlyRangePos": 0.8369829683698297,
          "monthlyRangeProb": 0.4748006810754922,
          "monthlyRangeWidth": 0.20029239766081872,
          "monthlyRegimeAligned": null,
          "weeklyBreakoutDownProb": 0.6568852521547625,
          "weeklyBreakoutUpProb": 0.666698336266912,
          "weeklyRangeProb": 0.9154863090461127,
          "weeklyRegimeAligned": null
        },
        "frameState": "MIXED",
        "revRisk": 0.6568852521547625,
        "ticker": "1306",
        "upProb": 0.666698336266912
      },
      {
        "frameSignals": {
          "effectiveRevRisk": 0.7002664490589585,
          "effectiveUpProb": 0.5503365857788356,
          "frameState": "BEARISH",
          "monthlyBoxMonths": 9.0,
          "monthlyBoxPos": 0.34114305999290023,
          "monthlyBoxRangePct": 0.10580679086538461,
          "monthlyBoxState": "box_mid",
          "monthlyBoxWild": false,
          "monthlyBreakoutDownProb": 0.3801624203216512,
          "monthlyBreakoutUpProb": 0.5503365857788356,
          "monthlyRangePos": 0.7431059506531205,
          "monthlyRangeProb": 0.5228479745112852,
          "monthlyRangeWidth": 0.21252313386798272,
          "monthlyRegimeAligned": null,
          "weeklyBreakoutDownProb": 0.7002664490589585,
          "weeklyBreakoutUpProb": 0.539220163566932,
          "weeklyRangeProb": 0.7145594401505451,
          "weeklyRegimeAligned": null
        },
        "frameState": "BEARISH",
        "revRisk": 0.7002664490589585,
        "ticker": "1001",
        "upProb": 0.5503365857788356
      }
    ],
    "sell": [
      {
        "frameSignals": {
          "effectiveRevRisk": 0.7002664490589585,
          "effectiveUpProb": 0.7002664490589585,
          "frameState": "BEARISH",
          "monthlyBoxMonths": 9.0,
          "monthlyBoxPos": 0.34114305999290023,
          "monthlyBoxRangePct": 0.10580679086538461,
          "monthlyBoxState": "box_mid",
          "monthlyBoxWild": false,
          "monthlyBreakoutDownProb": 0.3801624203216512,
          "monthlyBreakoutUpProb": 0.5503365857788356,
          "monthlyRangePos": 0.7431059506531205,
          "monthlyRangeProb": 0.5228479745112852,
          "monthlyRangeWidth": 0.21252313386798272,
          "monthlyRegimeAligned": null,
          "weeklyBreakoutDownProb": 0.7002664490589585,
          "weeklyBreakoutUpProb": 0.539220163566932,
          "weeklyRangeProb": 0.7145594401505451,
          "weeklyRegimeAligned": null
        },
        "frameState": "BEARISH",
        "revRisk": 0.7002664490589585,
        "ticker": "1001",
        "upProb": 0.7002664490589585
      },
      {
        "frameSignals": {
          "effectiveRevRisk": 0.6568852521547625,
          "effectiveUpProb": 0.666698336266912,
          "frameState": "MIXED",
          "monthlyBoxMonths": 9.0,
          "monthlyBoxPos": 0.6443514644351465,
          "monthlyBoxRangePct": 0.13052976515565265,
          "monthlyBoxState": "box_mid",
          "monthlyBoxWild": false,
          "monthlyBreakoutDownProb": 0.3622541417073367,
          "monthlyBreakoutUpProb": 0.5981422195662175,
          "monthlyRangePos": 0.8369829683698297,
          "monthlyRangeProb": 0.4748006810754922,
          "monthlyRangeWidth": 0.20029239766081872,
          "monthlyRegimeAligned": null,
          "weeklyBreakoutDownProb": 0.6568852521547625,
          "weeklyBreakoutUpProb": 0.666698336266912,
          "weeklyRangeProb": 0.9154863090461127,
          "weeklyRegimeAligned": null
        },
        "frameState": "MIXED",
        "revRisk": 0.6568852521547625,
        "ticker": "1306",
        "upProb": 0.666698336266912
      },
      {
        "frameSignals": {
          "effectiveRevRisk": 0.6451691801357048,
          "effectiveUpProb": 0.678188048060233,
          "frameState": "MIXED",
          "monthlyBoxMonths": 9.0,
          "monthlyBoxPos": 0.6495726495726496,
          "monthlyBoxRangePct": 0.12921038100496962,
          "monthlyBoxState": "box_mid",
          "monthlyBoxWild": false,
          "monthlyBreakoutDownProb": 0.3635507872583205,
          "monthlyBreakoutUpProb": 0.5965974703050034,
          "monthlyRangePos": 0.8329238329238329,
          "monthlyRangeProb": 0.47749546914982666,
          "monthlyRangeWidth": 0.20039389463318563,
          "monthlyRegimeAligned": null,
          "weeklyBreakoutDownProb": 0.6451691801357048,
          "weeklyBreakoutUpProb": 0.678188048060233,
          "weeklyRangeProb": 0.8921467669185259,
          "weeklyRegimeAligned": null
        },
        "frameState": "MIXED",
        "revRisk": 0.6451691801357048,
        "ticker": "1308",
        "upProb": 0.678188048060233
      }
    ]
  },
  "stage": {
    "goal20Reached": false,
    "goal30Reached": false,
    "stage2Active": false
  }
}