{
  "asOf": "2025-12-17",
  "cash": 8995829.981588,
  "cum_pnl": 995829.981588,
  "cum_return_pct": 9.9583,
  "daily_pnl": -930537.352556,
  "equity": 10995829.981588,
  "game_over": false,
  "goal20_reached": false,
  "goal30_reached": false,
  "holdings_count": 1,
  "max_drawdown_pct": -7.802354,
  "season_id": "tradex_demo_202512_v6b"
}