{
  "asOf": "2024-09-05",
  "cash": 14349719.151057,
  "cum_pnl": 6349719.151057,
  "cum_return_pct": 63.497192,
  "daily_pnl": -177693.761815,
  "equity": 16349719.151057,
  "game_over": false,
  "goal20_reached": true,
  "goal30_reached": true,
  "holdings_count": 1,
  "max_drawdown_pct": -6.512792,
  "season_id": "tradex_bt3y_v8_fast_baseline_20260217"
}