{
  "actions": [],
  "asOf": "2010-12-24",
  "checks": {
    "exposureOk": true,
    "lossLimitOk": true,
    "maxHoldingsOk": true,
    "noFutureLeakOk": true,
    "unitRuleOk": true
  },
  "mode": "BACKTEST",
  "policyVersion": "toredex.v8",
  "seasonId": "toredex_multiframe_20260318",
  "signals": {
    "buy": [
      {
        "frameSignals": {
          "effectiveRevRisk": 0.47603007199523567,
          "effectiveUpProb": 0.7684522109911864,
          "frameState": "BULLISH",
          "monthlyBoxMonths": 7.0,
          "monthlyBoxPos": 1.0,
          "monthlyBoxRangePct": 0.12846347607052896,
          "monthlyBoxState": "box_upper",
          "monthlyBoxWild": false,
          "monthlyBreakoutDownProb": 0.47603007199523567,
          "monthlyBreakoutUpProb": 0.49597825852373306,
          "monthlyRangePos": 0.5284974093264249,
          "monthlyRangeProb": 0.6976021905963478,
          "monthlyRangeWidth": 0.1955420466058764,
          "monthlyRegimeAligned": null,
          "weeklyBreakoutDownProb": 0.4338368263758019,
          "weeklyBreakoutUpProb": 0.7684522109911864,
          "weeklyRangeProb": 0.5190099556469268,
          "weeklyRegimeAligned": null
        },
        "frameState": "BULLISH",
        "revRisk": 0.47603007199523567,
        "ticker": "1308",
        "upProb": 0.7684522109911864
      },
      {
        "frameSignals": {
          "effectiveRevRisk": 0.4742738856710599,
          "effectiveUpProb": 0.760029772377323,
          "frameState": "BULLISH",
          "monthlyBoxMonths": 7.0,
          "monthlyBoxPos": 1.0,
          "monthlyBoxRangePct": 0.13242574257425743,
          "monthlyBoxState": "box_upper",
          "monthlyBoxWild": false,
          "monthlyBreakoutDownProb": 0.4742738856710599,
          "monthlyBreakoutUpProb": 0.4936206193394016,
          "monthlyRangePos": 0.5276381909547738,
          "monthlyRangeProb": 0.6957727465651128,
          "monthlyRangeWidth": 0.19722497522299307,
          "monthlyRegimeAligned": null,
          "weeklyBreakoutDownProb": 0.43167925691340564,
          "weeklyBreakoutUpProb": 0.760029772377323,
          "weeklyRangeProb": 0.5190230018442404,
          "weeklyRegimeAligned": null
        },
        "frameState": "BULLISH",
        "revRisk": 0.4742738856710599,
        "ticker": "1306",
        "upProb": 0.760029772377323
      },
      {
        "frameSignals": {
          "effectiveRevRisk": 0.42551876578762604,
          "effectiveUpProb": 0.7379578875255899,
          "frameState": "BULLISH",
          "monthlyBoxMonths": 7.0,
          "monthlyBoxPos": 1.0,
          "monthlyBoxRangePct": 0.16489120580235722,
          "monthlyBoxState": "box_upper",
          "monthlyBoxWild": false,
          "monthlyBreakoutDownProb": 0.42551876578762604,
          "monthlyBreakoutUpProb": 0.5251876399598114,
          "monthlyRangePos": 0.6423841059602649,
          "monthlyRangeProb": 0.6052940019513005,
          "monthlyRangeWidth": 0.20425647037604833,
          "monthlyRegimeAligned": null,
          "weeklyBreakoutDownProb": 0.4007627655743704,
          "weeklyBreakoutUpProb": 0.7379578875255899,
          "weeklyRangeProb": 0.4788670821533025,
          "weeklyRegimeAligned": null
        },
        "frameState": "BULLISH",
        "revRisk": 0.42551876578762604,
        "ticker": "1001",
        "upProb": 0.7379578875255899
      }
    ],
    "sell": [
      {
        "frameSignals": {
          "effectiveRevRisk": 0.47603007199523567,
          "effectiveUpProb": 0.7684522109911864,
          "frameState": "BULLISH",
          "monthlyBoxMonths": 7.0,
          "monthlyBoxPos": 1.0,
          "monthlyBoxRangePct": 0.12846347607052896,
          "monthlyBoxState": "box_upper",
          "monthlyBoxWild": false,
          "monthlyBreakoutDownProb": 0.47603007199523567,
          "monthlyBreakoutUpProb": 0.49597825852373306,
          "monthlyRangePos": 0.5284974093264249,
          "monthlyRangeProb": 0.6976021905963478,
          "monthlyRangeWidth": 0.1955420466058764,
          "monthlyRegimeAligned": null,
          "weeklyBreakoutDownProb": 0.4338368263758019,
          "weeklyBreakoutUpProb": 0.7684522109911864,
          "weeklyRangeProb": 0.5190099556469268,
          "weeklyRegimeAligned": null
        },
        "frameState": "BULLISH",
        "revRisk": 0.47603007199523567,
        "ticker": "1308",
        "upProb": 0.7684522109911864
      },
      {
        "frameSignals": {
          "effectiveRevRisk": 0.4742738856710599,
          "effectiveUpProb": 0.760029772377323,
          "frameState": "BULLISH",
          "monthlyBoxMonths": 7.0,
          "monthlyBoxPos": 1.0,
          "monthlyBoxRangePct": 0.13242574257425743,
          "monthlyBoxState": "box_upper",
          "monthlyBoxWild": false,
          "monthlyBreakoutDownProb": 0.4742738856710599,
          "monthlyBreakoutUpProb": 0.4936206193394016,
          "monthlyRangePos": 0.5276381909547738,
          "monthlyRangeProb": 0.6957727465651128,
          "monthlyRangeWidth": 0.19722497522299307,
          "monthlyRegimeAligned": null,
          "weeklyBreakoutDownProb": 0.43167925691340564,
          "weeklyBreakoutUpProb": 0.760029772377323,
          "weeklyRangeProb": 0.5190230018442404,
          "weeklyRegimeAligned": null
        },
        "frameState": "BULLISH",
        "revRisk": 0.4742738856710599,
        "ticker": "1306",
        "upProb": 0.760029772377323
      },
      {
        "frameSignals": {
          "effectiveRevRisk": 0.42551876578762604,
          "effectiveUpProb": 0.7379578875255899,
          "frameState": "BULLISH",
          "monthlyBoxMonths": 7.0,
          "monthlyBoxPos": 1.0,
          "monthlyBoxRangePct": 0.16489120580235722,
          "monthlyBoxState": "box_upper",
          "monthlyBoxWild": false,
          "monthlyBreakoutDownProb": 0.42551876578762604,
          "monthlyBreakoutUpProb": 0.5251876399598114,
          "monthlyRangePos": 0.6423841059602649,
          "monthlyRangeProb": 0.6052940019513005,
          "monthlyRangeWidth": 0.20425647037604833,
          "monthlyRegimeAligned": null,
          "weeklyBreakoutDownProb": 0.4007627655743704,
          "weeklyBreakoutUpProb": 0.7379578875255899,
          "weeklyRangeProb": 0.4788670821533025,
          "weeklyRegimeAligned": null
        },
        "frameState": "BULLISH",
        "revRisk": 0.42551876578762604,
        "ticker": "1001",
        "upProb": 0.7379578875255899
      }
    ]
  },
  "stage": {
    "goal20Reached": false,
    "goal30Reached": false,
    "stage2Active": false
  }
}