{
  "actions": [],
  "asOf": "2019-11-21",
  "checks": {
    "exposureOk": true,
    "lossLimitOk": true,
    "maxHoldingsOk": true,
    "noFutureLeakOk": true,
    "unitRuleOk": true
  },
  "mode": "BACKTEST",
  "policyVersion": "toredex.v8",
  "seasonId": "toredex_multiframe_20260318",
  "signals": {
    "buy": [
      {
        "frameSignals": {
          "effectiveRevRisk": 0.4231926533802267,
          "effectiveUpProb": 0.7907776475185619,
          "frameState": "BULLISH",
          "monthlyBoxMonths": 13.0,
          "monthlyBoxPos": 1.0,
          "monthlyBoxRangePct": 0.1618535930154466,
          "monthlyBoxState": "box_upper",
          "monthlyBoxWild": false,
          "monthlyBreakoutDownProb": 0.4231926533802267,
          "monthlyBreakoutUpProb": 0.7907776475185619,
          "monthlyRangePos": 1.0,
          "monthlyRangeProb": 0.4297967956232904,
          "monthlyRangeWidth": 0.10375146541617819,
          "monthlyRegimeAligned": null,
          "weeklyBreakoutDownProb": 0.38968195646483267,
          "weeklyBreakoutUpProb": 0.7307457862520668,
          "weeklyRangeProb": 0.46418892727275196,
          "weeklyRegimeAligned": null
        },
        "frameState": "BULLISH",
        "revRisk": 0.4231926533802267,
        "ticker": "1308",
        "upProb": 0.7907776475185619
      },
      {
        "frameSignals": {
          "effectiveRevRisk": 0.4245166279969065,
          "effectiveUpProb": 0.7919180201082754,
          "frameState": "BULLISH",
          "monthlyBoxMonths": 13.0,
          "monthlyBoxPos": 1.0,
          "monthlyBoxRangePct": 0.15992037159920372,
          "monthlyBoxState": "box_upper",
          "monthlyBoxWild": false,
          "monthlyBreakoutDownProb": 0.4245166279969065,
          "monthlyBreakoutUpProb": 0.7919180201082754,
          "monthlyRangePos": 1.0,
          "monthlyRangeProb": 0.43209590100541384,
          "monthlyRangeWidth": 0.10266821345707657,
          "monthlyRegimeAligned": null,
          "weeklyBreakoutDownProb": 0.39246126228269096,
          "weeklyBreakoutUpProb": 0.7249612622826909,
          "weeklyRangeProb": 0.47097694633408926,
          "weeklyRegimeAligned": null
        },
        "frameState": "BULLISH",
        "revRisk": 0.4245166279969065,
        "ticker": "1306",
        "upProb": 0.7919180201082754
      },
      {
        "frameSignals": {
          "effectiveRevRisk": 0.40501525759251217,
          "effectiveUpProb": 0.7507618382983672,
          "frameState": "BULLISH",
          "monthlyBoxMonths": 13.0,
          "monthlyBoxPos": 1.0,
          "monthlyBoxRangePct": 0.17211905367590943,
          "monthlyBoxState": "box_upper",
          "monthlyBoxWild": false,
          "monthlyBreakoutDownProb": 0.39471002166295927,
          "monthlyBreakoutUpProb": 0.7507618382983672,
          "monthlyRangePos": 1.0,
          "monthlyRangeProb": 0.4422682136055015,
          "monthlyRangeWidth": 0.12705543682121517,
          "monthlyRegimeAligned": null,
          "weeklyBreakoutDownProb": 0.40501525759251217,
          "weeklyBreakoutUpProb": 0.7342954459544362,
          "weeklyRangeProb": 0.4871306819158181,
          "weeklyRegimeAligned": null
        },
        "frameState": "BULLISH",
        "revRisk": 0.40501525759251217,
        "ticker": "1001",
        "upProb": 0.7507618382983672
      }
    ],
    "sell": [
      {
        "frameSignals": {
          "effectiveRevRisk": 0.40501525759251217,
          "effectiveUpProb": 0.7507618382983672,
          "frameState": "BULLISH",
          "monthlyBoxMonths": 13.0,
          "monthlyBoxPos": 1.0,
          "monthlyBoxRangePct": 0.17211905367590943,
          "monthlyBoxState": "box_upper",
          "monthlyBoxWild": false,
          "monthlyBreakoutDownProb": 0.39471002166295927,
          "monthlyBreakoutUpProb": 0.7507618382983672,
          "monthlyRangePos": 1.0,
          "monthlyRangeProb": 0.4422682136055015,
          "monthlyRangeWidth": 0.12705543682121517,
          "monthlyRegimeAligned": null,
          "weeklyBreakoutDownProb": 0.40501525759251217,
          "weeklyBreakoutUpProb": 0.7342954459544362,
          "weeklyRangeProb": 0.4871306819158181,
          "weeklyRegimeAligned": null
        },
        "frameState": "BULLISH",
        "revRisk": 0.40501525759251217,
        "ticker": "1001",
        "upProb": 0.7507618382983672
      },
      {
        "frameSignals": {
          "effectiveRevRisk": 0.4245166279969065,
          "effectiveUpProb": 0.7919180201082754,
          "frameState": "BULLISH",
          "monthlyBoxMonths": 13.0,
          "monthlyBoxPos": 1.0,
          "monthlyBoxRangePct": 0.15992037159920372,
          "monthlyBoxState": "box_upper",
          "monthlyBoxWild": false,
          "monthlyBreakoutDownProb": 0.4245166279969065,
          "monthlyBreakoutUpProb": 0.7919180201082754,
          "monthlyRangePos": 1.0,
          "monthlyRangeProb": 0.43209590100541384,
          "monthlyRangeWidth": 0.10266821345707657,
          "monthlyRegimeAligned": null,
          "weeklyBreakoutDownProb": 0.39246126228269096,
          "weeklyBreakoutUpProb": 0.7249612622826909,
          "weeklyRangeProb": 0.47097694633408926,
          "weeklyRegimeAligned": null
        },
        "frameState": "BULLISH",
        "revRisk": 0.4245166279969065,
        "ticker": "1306",
        "upProb": 0.7919180201082754
      },
      {
        "frameSignals": {
          "effectiveRevRisk": 0.4231926533802267,
          "effectiveUpProb": 0.7907776475185619,
          "frameState": "BULLISH",
          "monthlyBoxMonths": 13.0,
          "monthlyBoxPos": 1.0,
          "monthlyBoxRangePct": 0.1618535930154466,
          "monthlyBoxState": "box_upper",
          "monthlyBoxWild": false,
          "monthlyBreakoutDownProb": 0.4231926533802267,
          "monthlyBreakoutUpProb": 0.7907776475185619,
          "monthlyRangePos": 1.0,
          "monthlyRangeProb": 0.4297967956232904,
          "monthlyRangeWidth": 0.10375146541617819,
          "monthlyRegimeAligned": null,
          "weeklyBreakoutDownProb": 0.38968195646483267,
          "weeklyBreakoutUpProb": 0.7307457862520668,
          "weeklyRangeProb": 0.46418892727275196,
          "weeklyRegimeAligned": null
        },
        "frameState": "BULLISH",
        "revRisk": 0.4231926533802267,
        "ticker": "1308",
        "upProb": 0.7907776475185619
      }
    ]
  },
  "stage": {
    "goal20Reached": false,
    "goal30Reached": false,
    "stage2Active": false
  }
}