{
  "actions": [
    {
      "deltaUnits": -2,
      "reasonId": "X_EXIT_REV_RISK_HIGH",
      "side": "SHORT",
      "ticker": "1001"
    }
  ],
  "asOf": "2004-09-13",
  "checks": {
    "exposureOk": true,
    "lossLimitOk": true,
    "maxHoldingsOk": true,
    "noFutureLeakOk": true,
    "unitRuleOk": true
  },
  "mode": "BACKTEST",
  "policyVersion": "toredex.v8",
  "seasonId": "toredex_multiframe_20260318",
  "signals": {
    "buy": [
      {
        "frameSignals": {
          "effectiveRevRisk": 0.6788380225892485,
          "effectiveUpProb": 0.5983508730827112,
          "frameState": "BEARISH",
          "monthlyBoxMonths": 13.0,
          "monthlyBoxPos": 0.6471198754540737,
          "monthlyBoxRangePct": 0.19258444933040175,
          "monthlyBoxState": "box_mid",
          "monthlyBoxWild": false,
          "monthlyBreakoutDownProb": 0.48924962166064073,
          "monthlyBreakoutUpProb": 0.5983508730827112,
          "monthlyRangePos": 0.6558589306029579,
          "monthlyRangeProb": 0.6767535863808193,
          "monthlyRangeWidth": 0.14825434305953786,
          "monthlyRegimeAligned": null,
          "weeklyBreakoutDownProb": 0.6788380225892485,
          "weeklyBreakoutUpProb": 0.49626282082842677,
          "weeklyRangeProb": 0.654984387531441,
          "weeklyRegimeAligned": null
        },
        "frameState": "BEARISH",
        "revRisk": 0.6788380225892485,
        "ticker": "1001",
        "upProb": 0.5983508730827112
      },
      {
        "frameSignals": {
          "effectiveRevRisk": 0.7094241849745363,
          "effectiveUpProb": 0.5846815156377103,
          "frameState": "BEARISH",
          "monthlyBoxMonths": 9.0,
          "monthlyBoxPos": 0.5660377358490566,
          "monthlyBoxRangePct": 0.150997150997151,
          "monthlyBoxState": "box_mid",
          "monthlyBoxWild": false,
          "monthlyBreakoutDownProb": 0.4498034668572225,
          "monthlyBreakoutUpProb": 0.5846815156377103,
          "monthlyRangePos": 0.6926829268292682,
          "monthlyRangeProb": 0.619590349966518,
          "monthlyRangeWidth": 0.16998341625207297,
          "monthlyRegimeAligned": null,
          "weeklyBreakoutDownProb": 0.7094241849745363,
          "weeklyBreakoutUpProb": 0.49712910300732316,
          "weeklyRangeProb": 0.6438500427493401,
          "weeklyRegimeAligned": null
        },
        "frameState": "BEARISH",
        "revRisk": 0.7094241849745363,
        "ticker": "1306",
        "upProb": 0.5846815156377103
      },
      {
        "frameSignals": {
          "effectiveRevRisk": 0.7093581116680968,
          "effectiveUpProb": 0.5753482637880922,
          "frameState": "BEARISH",
          "monthlyBoxMonths": 9.0,
          "monthlyBoxPos": 0.5375,
          "monthlyBoxRangePct": 0.1523809523809524,
          "monthlyBoxState": "box_mid",
          "monthlyBoxWild": false,
          "monthlyBreakoutDownProb": 0.4564162249531407,
          "monthlyBreakoutUpProb": 0.5753482637880922,
          "monthlyRangePos": 0.6699029126213593,
          "monthlyRangeProb": 0.6339287954212316,
          "monthlyRangeWidth": 0.17109634551495018,
          "monthlyRegimeAligned": null,
          "weeklyBreakoutDownProb": 0.7093581116680968,
          "weeklyBreakoutUpProb": 0.49820108687470843,
          "weeklyRangeProb": 0.6455825016182692,
          "weeklyRegimeAligned": null
        },
        "frameState": "BEARISH",
        "revRisk": 0.7093581116680968,
        "ticker": "1308",
        "upProb": 0.5753482637880922
      }
    ],
    "sell": [
      {
        "frameSignals": {
          "effectiveRevRisk": 0.7093581116680968,
          "effectiveUpProb": 0.7093581116680968,
          "frameState": "BEARISH",
          "monthlyBoxMonths": 9.0,
          "monthlyBoxPos": 0.5375,
          "monthlyBoxRangePct": 0.1523809523809524,
          "monthlyBoxState": "box_mid",
          "monthlyBoxWild": false,
          "monthlyBreakoutDownProb": 0.4564162249531407,
          "monthlyBreakoutUpProb": 0.5753482637880922,
          "monthlyRangePos": 0.6699029126213593,
          "monthlyRangeProb": 0.6339287954212316,
          "monthlyRangeWidth": 0.17109634551495018,
          "monthlyRegimeAligned": null,
          "weeklyBreakoutDownProb": 0.7093581116680968,
          "weeklyBreakoutUpProb": 0.49820108687470843,
          "weeklyRangeProb": 0.6455825016182692,
          "weeklyRegimeAligned": null
        },
        "frameState": "BEARISH",
        "revRisk": 0.7093581116680968,
        "ticker": "1308",
        "upProb": 0.7093581116680968
      },
      {
        "frameSignals": {
          "effectiveRevRisk": 0.7094241849745363,
          "effectiveUpProb": 0.7094241849745363,
          "frameState": "BEARISH",
          "monthlyBoxMonths": 9.0,
          "monthlyBoxPos": 0.5660377358490566,
          "monthlyBoxRangePct": 0.150997150997151,
          "monthlyBoxState": "box_mid",
          "monthlyBoxWild": false,
          "monthlyBreakoutDownProb": 0.4498034668572225,
          "monthlyBreakoutUpProb": 0.5846815156377103,
          "monthlyRangePos": 0.6926829268292682,
          "monthlyRangeProb": 0.619590349966518,
          "monthlyRangeWidth": 0.16998341625207297,
          "monthlyRegimeAligned": null,
          "weeklyBreakoutDownProb": 0.7094241849745363,
          "weeklyBreakoutUpProb": 0.49712910300732316,
          "weeklyRangeProb": 0.6438500427493401,
          "weeklyRegimeAligned": null
        },
        "frameState": "BEARISH",
        "revRisk": 0.7094241849745363,
        "ticker": "1306",
        "upProb": 0.7094241849745363
      },
      {
        "frameSignals": {
          "effectiveRevRisk": 0.6788380225892485,
          "effectiveUpProb": 0.6788380225892485,
          "frameState": "BEARISH",
          "monthlyBoxMonths": 13.0,
          "monthlyBoxPos": 0.6471198754540737,
          "monthlyBoxRangePct": 0.19258444933040175,
          "monthlyBoxState": "box_mid",
          "monthlyBoxWild": false,
          "monthlyBreakoutDownProb": 0.48924962166064073,
          "monthlyBreakoutUpProb": 0.5983508730827112,
          "monthlyRangePos": 0.6558589306029579,
          "monthlyRangeProb": 0.6767535863808193,
          "monthlyRangeWidth": 0.14825434305953786,
          "monthlyRegimeAligned": null,
          "weeklyBreakoutDownProb": 0.6788380225892485,
          "weeklyBreakoutUpProb": 0.49626282082842677,
          "weeklyRangeProb": 0.654984387531441,
          "weeklyRegimeAligned": null
        },
        "frameState": "BEARISH",
        "revRisk": 0.6788380225892485,
        "ticker": "1001",
        "upProb": 0.6788380225892485
      }
    ]
  },
  "stage": {
    "goal20Reached": false,
    "goal30Reached": false,
    "stage2Active": false
  }
}