{
  "asOf": "2025-10-03",
  "cash": 11601725.760775,
  "cum_pnl": 13786270.424154,
  "cum_return_pct": 137.862704,
  "daily_pnl": 188636.874537,
  "equity": 23786270.424154,
  "game_over": false,
  "goal20_reached": true,
  "goal30_reached": true,
  "holdings_count": 2,
  "max_drawdown_pct": -6.512792,
  "season_id": "tradex_bt3y_v8_fast_baseline_20260217"
}