{
  "asOf": "2023-11-17",
  "cash": 3797993.779579,
  "cum_pnl": 3247849.015842,
  "cum_return_pct": 32.47849,
  "daily_pnl": 693320.65771,
  "equity": 13247849.015842,
  "game_over": false,
  "goal20_reached": true,
  "goal30_reached": true,
  "holdings_count": 3,
  "max_drawdown_pct": -6.512792,
  "season_id": "tradex_bt3y_v8_fast_baseline_20260217"
}