{
  "asOf": "2025-11-12",
  "cash": 3205754.228606,
  "cum_pnl": 1346858.523085,
  "cum_return_pct": 13.468585,
  "daily_pnl": 297387.872171,
  "equity": 11346858.523085,
  "game_over": false,
  "goal20_reached": false,
  "goal30_reached": false,
  "holdings_count": 3,
  "max_drawdown_pct": -15.509691,
  "season_id": "tradex_demo_202511_v4"
}