{
  "actions": [],
  "asOf": "2018-06-07",
  "checks": {
    "exposureOk": true,
    "lossLimitOk": true,
    "maxHoldingsOk": true,
    "noFutureLeakOk": true,
    "unitRuleOk": true
  },
  "mode": "BACKTEST",
  "policyVersion": "toredex.v8",
  "seasonId": "toredex_multiframe_20260318",
  "signals": {
    "buy": [
      {
        "frameSignals": {
          "effectiveRevRisk": 0.5927453458312341,
          "effectiveUpProb": 0.6991053638041798,
          "frameState": "BULLISH",
          "monthlyBoxMonths": 14.0,
          "monthlyBoxPos": 0.856687898089172,
          "monthlyBoxRangePct": 0.19961856325492688,
          "monthlyBoxState": "box_upper",
          "monthlyBoxWild": false,
          "monthlyBreakoutDownProb": 0.44028183439241514,
          "monthlyBreakoutUpProb": 0.6991053638041798,
          "monthlyRangePos": 0.8697478991596639,
          "monthlyRangeProb": 0.5576325422498596,
          "monthlyRangeWidth": 0.12706887346502937,
          "monthlyRegimeAligned": null,
          "weeklyBreakoutDownProb": 0.5927453458312341,
          "weeklyBreakoutUpProb": 0.5667628130801423,
          "weeklyRangeProb": 0.8023631975147216,
          "weeklyRegimeAligned": null
        },
        "frameState": "BULLISH",
        "revRisk": 0.5927453458312341,
        "ticker": "1308",
        "upProb": 0.6991053638041798
      },
      {
        "frameSignals": {
          "effectiveRevRisk": 0.5926455917196658,
          "effectiveUpProb": 0.697842216432393,
          "frameState": "BULLISH",
          "monthlyBoxMonths": 13.0,
          "monthlyBoxPos": 0.8387096774193549,
          "monthlyBoxRangePct": 0.17158671586715868,
          "monthlyBoxState": "box_upper",
          "monthlyBoxWild": false,
          "monthlyBreakoutDownProb": 0.44078827452367936,
          "monthlyBreakoutUpProb": 0.697842216432393,
          "monthlyRangePos": 0.8672199170124482,
          "monthlyRangeProb": 0.5589549845653291,
          "monthlyRangeWidth": 0.1273784355179704,
          "monthlyRegimeAligned": null,
          "weeklyBreakoutDownProb": 0.5926455917196658,
          "weeklyBreakoutUpProb": 0.56688801596209,
          "weeklyRangeProb": 0.8026031924180073,
          "weeklyRegimeAligned": null
        },
        "frameState": "BULLISH",
        "revRisk": 0.5926455917196658,
        "ticker": "1306",
        "upProb": 0.697842216432393
      },
      {
        "frameSignals": {
          "effectiveRevRisk": 0.5657367137829215,
          "effectiveUpProb": 0.6894562954997991,
          "frameState": "BULLISH",
          "monthlyBoxMonths": 13.0,
          "monthlyBoxPos": 0.8752066115702479,
          "monthlyBoxRangePct": 0.18477043673012317,
          "monthlyBoxState": "box_upper",
          "monthlyBoxWild": false,
          "monthlyBreakoutDownProb": 0.39522106954383157,
          "monthlyBreakoutUpProb": 0.6894562954997991,
          "monthlyRangePos": 0.9203360370799536,
          "monthlyRangeProb": 0.48989230793345057,
          "monthlyRangeWidth": 0.14945016884578752,
          "monthlyRegimeAligned": null,
          "weeklyBreakoutDownProb": 0.5657367137829215,
          "weeklyBreakoutUpProb": 0.5566329845444382,
          "weeklyRangeProb": 0.7972965470458657,
          "weeklyRegimeAligned": null
        },
        "frameState": "BULLISH",
        "revRisk": 0.5657367137829215,
        "ticker": "1001",
        "upProb": 0.6894562954997991
      }
    ],
    "sell": [
      {
        "frameSignals": {
          "effectiveRevRisk": 0.5926455917196658,
          "effectiveUpProb": 0.697842216432393,
          "frameState": "BULLISH",
          "monthlyBoxMonths": 13.0,
          "monthlyBoxPos": 0.8387096774193549,
          "monthlyBoxRangePct": 0.17158671586715868,
          "monthlyBoxState": "box_upper",
          "monthlyBoxWild": false,
          "monthlyBreakoutDownProb": 0.44078827452367936,
          "monthlyBreakoutUpProb": 0.697842216432393,
          "monthlyRangePos": 0.8672199170124482,
          "monthlyRangeProb": 0.5589549845653291,
          "monthlyRangeWidth": 0.1273784355179704,
          "monthlyRegimeAligned": null,
          "weeklyBreakoutDownProb": 0.5926455917196658,
          "weeklyBreakoutUpProb": 0.56688801596209,
          "weeklyRangeProb": 0.8026031924180073,
          "weeklyRegimeAligned": null
        },
        "frameState": "BULLISH",
        "revRisk": 0.5926455917196658,
        "ticker": "1306",
        "upProb": 0.697842216432393
      },
      {
        "frameSignals": {
          "effectiveRevRisk": 0.5927453458312341,
          "effectiveUpProb": 0.6991053638041798,
          "frameState": "BULLISH",
          "monthlyBoxMonths": 14.0,
          "monthlyBoxPos": 0.856687898089172,
          "monthlyBoxRangePct": 0.19961856325492688,
          "monthlyBoxState": "box_upper",
          "monthlyBoxWild": false,
          "monthlyBreakoutDownProb": 0.44028183439241514,
          "monthlyBreakoutUpProb": 0.6991053638041798,
          "monthlyRangePos": 0.8697478991596639,
          "monthlyRangeProb": 0.5576325422498596,
          "monthlyRangeWidth": 0.12706887346502937,
          "monthlyRegimeAligned": null,
          "weeklyBreakoutDownProb": 0.5927453458312341,
          "weeklyBreakoutUpProb": 0.5667628130801423,
          "weeklyRangeProb": 0.8023631975147216,
          "weeklyRegimeAligned": null
        },
        "frameState": "BULLISH",
        "revRisk": 0.5927453458312341,
        "ticker": "1308",
        "upProb": 0.6991053638041798
      },
      {
        "frameSignals": {
          "effectiveRevRisk": 0.5657367137829215,
          "effectiveUpProb": 0.6894562954997991,
          "frameState": "BULLISH",
          "monthlyBoxMonths": 13.0,
          "monthlyBoxPos": 0.8752066115702479,
          "monthlyBoxRangePct": 0.18477043673012317,
          "monthlyBoxState": "box_upper",
          "monthlyBoxWild": false,
          "monthlyBreakoutDownProb": 0.39522106954383157,
          "monthlyBreakoutUpProb": 0.6894562954997991,
          "monthlyRangePos": 0.9203360370799536,
          "monthlyRangeProb": 0.48989230793345057,
          "monthlyRangeWidth": 0.14945016884578752,
          "monthlyRegimeAligned": null,
          "weeklyBreakoutDownProb": 0.5657367137829215,
          "weeklyBreakoutUpProb": 0.5566329845444382,
          "weeklyRangeProb": 0.7972965470458657,
          "weeklyRegimeAligned": null
        },
        "frameState": "BULLISH",
        "revRisk": 0.5657367137829215,
        "ticker": "1001",
        "upProb": 0.6894562954997991
      }
    ]
  },
  "stage": {
    "goal20Reached": false,
    "goal30Reached": false,
    "stage2Active": false
  }
}