{
  "actions": [
    {
      "deltaUnits": 2,
      "reasonId": "E_NEW_TOPK_GATE_OK",
      "side": "LONG",
      "ticker": "1306"
    }
  ],
  "asOf": "2024-06-24",
  "checks": {
    "exposureOk": true,
    "lossLimitOk": true,
    "maxHoldingsOk": true,
    "noFutureLeakOk": true,
    "unitRuleOk": true
  },
  "mode": "BACKTEST",
  "policyVersion": "toredex.v8",
  "seasonId": "toredex_multiframe_20260318",
  "signals": {
    "buy": [
      {
        "frameSignals": {
          "effectiveRevRisk": 0.5138065955266172,
          "effectiveUpProb": 0.6967890516669681,
          "frameState": "BULLISH",
          "monthlyBoxMonths": 7.0,
          "monthlyBoxPos": 0.8881987577639752,
          "monthlyBoxRangePct": 0.19843878389482333,
          "monthlyBoxState": "box_upper",
          "monthlyBoxWild": false,
          "monthlyBreakoutDownProb": 0.33039853690145277,
          "monthlyBreakoutUpProb": 0.6386441509365406,
          "monthlyRangePos": 0.9403508771929825,
          "monthlyRangeProb": 0.40755233786918105,
          "monthlyRangeWidth": 0.19675526406627547,
          "monthlyRegimeAligned": null,
          "weeklyBreakoutDownProb": 0.5138065955266172,
          "weeklyBreakoutUpProb": 0.6967890516669681,
          "weeklyRangeProb": 0.6755513353831313,
          "weeklyRegimeAligned": null
        },
        "frameState": "BULLISH",
        "revRisk": 0.5138065955266172,
        "ticker": "1308",
        "upProb": 0.6967890516669681
      },
      {
        "frameSignals": {
          "effectiveRevRisk": 0.5131725336810083,
          "effectiveUpProb": 0.6944545849630596,
          "frameState": "BULLISH",
          "monthlyBoxMonths": 7.0,
          "monthlyBoxPos": 0.8872950819672131,
          "monthlyBoxRangePct": 0.19809214532169678,
          "monthlyBoxState": "box_upper",
          "monthlyBoxWild": false,
          "monthlyBreakoutDownProb": 0.3356555877625945,
          "monthlyBreakoutUpProb": 0.6225553350245996,
          "monthlyRangePos": 0.9098567818028643,
          "monthlyRangeProb": 0.42249761620315507,
          "monthlyRangeWidth": 0.2011864406779661,
          "monthlyRegimeAligned": null,
          "weeklyBreakoutDownProb": 0.5131725336810083,
          "weeklyBreakoutUpProb": 0.6944545849630596,
          "weeklyRangeProb": 0.6754976097348979,
          "weeklyRegimeAligned": null
        },
        "frameState": "BULLISH",
        "revRisk": 0.5131725336810083,
        "ticker": "1306",
        "upProb": 0.6944545849630596
      },
      {
        "frameSignals": {
          "effectiveRevRisk": 0.5782093654301796,
          "effectiveUpProb": 0.5890127480940275,
          "frameState": "MIXED",
          "monthlyBoxMonths": 5.0,
          "monthlyBoxPos": 0.6028460543337646,
          "monthlyBoxRangePct": 0.12880471006443012,
          "monthlyBoxState": "box_mid",
          "monthlyBoxWild": false,
          "monthlyBreakoutDownProb": 0.3196337290521829,
          "monthlyBreakoutUpProb": 0.5544513086968049,
          "monthlyRangePos": 0.8354536852066029,
          "monthlyRangeProb": 0.42486903357068895,
          "monthlyRangeWidth": 0.23560157546632318,
          "monthlyRegimeAligned": null,
          "weeklyBreakoutDownProb": 0.5782093654301796,
          "weeklyBreakoutUpProb": 0.5890127480940275,
          "weeklyRangeProb": 0.8221005935095473,
          "weeklyRegimeAligned": null
        },
        "frameState": "MIXED",
        "revRisk": 0.5782093654301796,
        "ticker": "1001",
        "upProb": 0.5890127480940275
      }
    ],
    "sell": [
      {
        "frameSignals": {
          "effectiveRevRisk": 0.5782093654301796,
          "effectiveUpProb": 0.5890127480940275,
          "frameState": "MIXED",
          "monthlyBoxMonths": 5.0,
          "monthlyBoxPos": 0.6028460543337646,
          "monthlyBoxRangePct": 0.12880471006443012,
          "monthlyBoxState": "box_mid",
          "monthlyBoxWild": false,
          "monthlyBreakoutDownProb": 0.3196337290521829,
          "monthlyBreakoutUpProb": 0.5544513086968049,
          "monthlyRangePos": 0.8354536852066029,
          "monthlyRangeProb": 0.42486903357068895,
          "monthlyRangeWidth": 0.23560157546632318,
          "monthlyRegimeAligned": null,
          "weeklyBreakoutDownProb": 0.5782093654301796,
          "weeklyBreakoutUpProb": 0.5890127480940275,
          "weeklyRangeProb": 0.8221005935095473,
          "weeklyRegimeAligned": null
        },
        "frameState": "MIXED",
        "revRisk": 0.5782093654301796,
        "ticker": "1001",
        "upProb": 0.5890127480940275
      },
      {
        "frameSignals": {
          "effectiveRevRisk": 0.5131725336810083,
          "effectiveUpProb": 0.6944545849630596,
          "frameState": "BULLISH",
          "monthlyBoxMonths": 7.0,
          "monthlyBoxPos": 0.8872950819672131,
          "monthlyBoxRangePct": 0.19809214532169678,
          "monthlyBoxState": "box_upper",
          "monthlyBoxWild": false,
          "monthlyBreakoutDownProb": 0.3356555877625945,
          "monthlyBreakoutUpProb": 0.6225553350245996,
          "monthlyRangePos": 0.9098567818028643,
          "monthlyRangeProb": 0.42249761620315507,
          "monthlyRangeWidth": 0.2011864406779661,
          "monthlyRegimeAligned": null,
          "weeklyBreakoutDownProb": 0.5131725336810083,
          "weeklyBreakoutUpProb": 0.6944545849630596,
          "weeklyRangeProb": 0.6754976097348979,
          "weeklyRegimeAligned": null
        },
        "frameState": "BULLISH",
        "revRisk": 0.5131725336810083,
        "ticker": "1306",
        "upProb": 0.6944545849630596
      },
      {
        "frameSignals": {
          "effectiveRevRisk": 0.5138065955266172,
          "effectiveUpProb": 0.6967890516669681,
          "frameState": "BULLISH",
          "monthlyBoxMonths": 7.0,
          "monthlyBoxPos": 0.8881987577639752,
          "monthlyBoxRangePct": 0.19843878389482333,
          "monthlyBoxState": "box_upper",
          "monthlyBoxWild": false,
          "monthlyBreakoutDownProb": 0.33039853690145277,
          "monthlyBreakoutUpProb": 0.6386441509365406,
          "monthlyRangePos": 0.9403508771929825,
          "monthlyRangeProb": 0.40755233786918105,
          "monthlyRangeWidth": 0.19675526406627547,
          "monthlyRegimeAligned": null,
          "weeklyBreakoutDownProb": 0.5138065955266172,
          "weeklyBreakoutUpProb": 0.6967890516669681,
          "weeklyRangeProb": 0.6755513353831313,
          "weeklyRegimeAligned": null
        },
        "frameState": "BULLISH",
        "revRisk": 0.5138065955266172,
        "ticker": "1308",
        "upProb": 0.6967890516669681
      }
    ]
  },
  "stage": {
    "goal20Reached": false,
    "goal30Reached": false,
    "stage2Active": false
  }
}