{
  "actions": [],
  "asOf": "2005-10-28",
  "checks": {
    "exposureOk": true,
    "lossLimitOk": true,
    "maxHoldingsOk": true,
    "noFutureLeakOk": true,
    "unitRuleOk": true
  },
  "mode": "BACKTEST",
  "policyVersion": "toredex.v8",
  "seasonId": "toredex_multiframe_20260318",
  "signals": {
    "buy": [
      {
        "frameSignals": {
          "effectiveRevRisk": 0.3336545995925404,
          "effectiveUpProb": 0.7570239774330042,
          "frameState": "BULLISH",
          "monthlyBoxMonths": 3.0,
          "monthlyBoxPos": 1.0,
          "monthlyBoxRangePct": 0.1833195706028076,
          "monthlyBoxState": "box_upper",
          "monthlyBoxWild": false,
          "monthlyBreakoutDownProb": 0.2664237580316565,
          "monthlyBreakoutUpProb": 0.7570239774330042,
          "monthlyRangePos": 1.0,
          "monthlyRangeProb": 0.26197304497727636,
          "monthlyRangeWidth": 0.23201692524682652,
          "monthlyRegimeAligned": null,
          "weeklyBreakoutDownProb": 0.3336545995925404,
          "weeklyBreakoutUpProb": 0.7570239774330042,
          "weeklyRangeProb": 0.3414276759128664,
          "weeklyRegimeAligned": null
        },
        "frameState": "BULLISH",
        "revRisk": 0.3336545995925404,
        "ticker": "1306",
        "upProb": 0.7570239774330042
      },
      {
        "frameSignals": {
          "effectiveRevRisk": 0.3283266682349251,
          "effectiveUpProb": 0.7496400846859562,
          "frameState": "BULLISH",
          "monthlyBoxMonths": 3.0,
          "monthlyBoxPos": 1.0,
          "monthlyBoxRangePct": 0.18589211618257262,
          "monthlyBoxState": "box_upper",
          "monthlyBoxWild": false,
          "monthlyBreakoutDownProb": 0.2601858386262056,
          "monthlyBreakoutUpProb": 0.7496400846859562,
          "monthlyRangePos": 1.0,
          "monthlyRangeProb": 0.2651493766172665,
          "monthlyRangeWidth": 0.23712067748764998,
          "monthlyRegimeAligned": null,
          "weeklyBreakoutDownProb": 0.3283266682349251,
          "weeklyBreakoutUpProb": 0.7496400846859562,
          "weeklyRangeProb": 0.3456794479730259,
          "weeklyRegimeAligned": null
        },
        "frameState": "BULLISH",
        "revRisk": 0.3283266682349251,
        "ticker": "1308",
        "upProb": 0.7496400846859562
      },
      {
        "frameSignals": {
          "effectiveRevRisk": 0.3807601637722516,
          "effectiveUpProb": 0.6604517937281986,
          "frameState": "BULLISH",
          "monthlyBoxMonths": 4.0,
          "monthlyBoxPos": 0.8860569715142429,
          "monthlyBoxRangePct": 0.1729024453469282,
          "monthlyBoxState": "box_upper",
          "monthlyBoxWild": false,
          "monthlyBreakoutDownProb": 0.32608339936263653,
          "monthlyBreakoutUpProb": 0.619144405427567,
          "monthlyRangePos": 0.9186585800927578,
          "monthlyRangeProb": 0.4086645149474625,
          "monthlyRangeWidth": 0.2064977162221895,
          "monthlyRegimeAligned": null,
          "weeklyBreakoutDownProb": 0.3807601637722516,
          "weeklyBreakoutUpProb": 0.6604517937281986,
          "weeklyRangeProb": 0.4787517994761371,
          "weeklyRegimeAligned": null
        },
        "frameState": "BULLISH",
        "revRisk": 0.3807601637722516,
        "ticker": "1001",
        "upProb": 0.6604517937281986
      }
    ],
    "sell": [
      {
        "frameSignals": {
          "effectiveRevRisk": 0.3807601637722516,
          "effectiveUpProb": 0.6604517937281986,
          "frameState": "BULLISH",
          "monthlyBoxMonths": 4.0,
          "monthlyBoxPos": 0.8860569715142429,
          "monthlyBoxRangePct": 0.1729024453469282,
          "monthlyBoxState": "box_upper",
          "monthlyBoxWild": false,
          "monthlyBreakoutDownProb": 0.32608339936263653,
          "monthlyBreakoutUpProb": 0.619144405427567,
          "monthlyRangePos": 0.9186585800927578,
          "monthlyRangeProb": 0.4086645149474625,
          "monthlyRangeWidth": 0.2064977162221895,
          "monthlyRegimeAligned": null,
          "weeklyBreakoutDownProb": 0.3807601637722516,
          "weeklyBreakoutUpProb": 0.6604517937281986,
          "weeklyRangeProb": 0.4787517994761371,
          "weeklyRegimeAligned": null
        },
        "frameState": "BULLISH",
        "revRisk": 0.3807601637722516,
        "ticker": "1001",
        "upProb": 0.6604517937281986
      },
      {
        "frameSignals": {
          "effectiveRevRisk": 0.3336545995925404,
          "effectiveUpProb": 0.7570239774330042,
          "frameState": "BULLISH",
          "monthlyBoxMonths": 3.0,
          "monthlyBoxPos": 1.0,
          "monthlyBoxRangePct": 0.1833195706028076,
          "monthlyBoxState": "box_upper",
          "monthlyBoxWild": false,
          "monthlyBreakoutDownProb": 0.2664237580316565,
          "monthlyBreakoutUpProb": 0.7570239774330042,
          "monthlyRangePos": 1.0,
          "monthlyRangeProb": 0.26197304497727636,
          "monthlyRangeWidth": 0.23201692524682652,
          "monthlyRegimeAligned": null,
          "weeklyBreakoutDownProb": 0.3336545995925404,
          "weeklyBreakoutUpProb": 0.7570239774330042,
          "weeklyRangeProb": 0.3414276759128664,
          "weeklyRegimeAligned": null
        },
        "frameState": "BULLISH",
        "revRisk": 0.3336545995925404,
        "ticker": "1306",
        "upProb": 0.7570239774330042
      },
      {
        "frameSignals": {
          "effectiveRevRisk": 0.3283266682349251,
          "effectiveUpProb": 0.7496400846859562,
          "frameState": "BULLISH",
          "monthlyBoxMonths": 3.0,
          "monthlyBoxPos": 1.0,
          "monthlyBoxRangePct": 0.18589211618257262,
          "monthlyBoxState": "box_upper",
          "monthlyBoxWild": false,
          "monthlyBreakoutDownProb": 0.2601858386262056,
          "monthlyBreakoutUpProb": 0.7496400846859562,
          "monthlyRangePos": 1.0,
          "monthlyRangeProb": 0.2651493766172665,
          "monthlyRangeWidth": 0.23712067748764998,
          "monthlyRegimeAligned": null,
          "weeklyBreakoutDownProb": 0.3283266682349251,
          "weeklyBreakoutUpProb": 0.7496400846859562,
          "weeklyRangeProb": 0.3456794479730259,
          "weeklyRegimeAligned": null
        },
        "frameState": "BULLISH",
        "revRisk": 0.3283266682349251,
        "ticker": "1308",
        "upProb": 0.7496400846859562
      }
    ]
  },
  "stage": {
    "goal20Reached": false,
    "goal30Reached": false,
    "stage2Active": false
  }
}