{
  "actions": [],
  "asOf": "2014-03-27",
  "checks": {
    "exposureOk": true,
    "lossLimitOk": true,
    "maxHoldingsOk": true,
    "noFutureLeakOk": true,
    "unitRuleOk": true
  },
  "mode": "BACKTEST",
  "policyVersion": "toredex.v8",
  "seasonId": "toredex_multiframe_20260318",
  "signals": {
    "buy": [
      {
        "frameSignals": {
          "effectiveRevRisk": 0.792046388525788,
          "effectiveUpProb": 0.506237433892732,
          "frameState": "BEARISH",
          "monthlyBoxMonths": 11.0,
          "monthlyBoxPos": 0.4597156398104265,
          "monthlyBoxRangePct": 0.18889883616830797,
          "monthlyBoxState": "box_mid",
          "monthlyBoxWild": false,
          "monthlyBreakoutDownProb": 0.45965948712467114,
          "monthlyBreakoutUpProb": 0.506237433892732,
          "monthlyRangePos": 0.5665399239543726,
          "monthlyRangeProb": 0.6673611429240409,
          "monthlyRangeWidth": 0.1980421686746988,
          "monthlyRegimeAligned": null,
          "weeklyBreakoutDownProb": 0.792046388525788,
          "weeklyBreakoutUpProb": 0.4220716198125837,
          "weeklyRangeProb": 0.41891283947114505,
          "weeklyRegimeAligned": null
        },
        "frameState": "BEARISH",
        "revRisk": 0.792046388525788,
        "ticker": "1306",
        "upProb": 0.506237433892732
      },
      {
        "frameSignals": {
          "effectiveRevRisk": 0.7926674408021649,
          "effectiveUpProb": 0.5058604129643733,
          "frameState": "BEARISH",
          "monthlyBoxMonths": 11.0,
          "monthlyBoxPos": 0.4567307692307692,
          "monthlyBoxRangePct": 0.18823529411764706,
          "monthlyBoxState": "box_mid",
          "monthlyBoxWild": false,
          "monthlyBreakoutDownProb": 0.4600911821951426,
          "monthlyBreakoutUpProb": 0.5058604129643733,
          "monthlyRangePos": 0.5653846153846154,
          "monthlyRangeProb": 0.6682021663704831,
          "monthlyRangeWidth": 0.19801980198019803,
          "monthlyRegimeAligned": null,
          "weeklyBreakoutDownProb": 0.7926674408021649,
          "weeklyBreakoutUpProb": 0.4224718625708725,
          "weeklyRangeProb": 0.4185026155676792,
          "weeklyRegimeAligned": null
        },
        "frameState": "BEARISH",
        "revRisk": 0.7926674408021649,
        "ticker": "1308",
        "upProb": 0.5058604129643733
      },
      {
        "frameSignals": {
          "effectiveRevRisk": 0.7126664737468248,
          "effectiveUpProb": 0.4578422126251124,
          "frameState": "BEARISH",
          "monthlyBoxMonths": 6.0,
          "monthlyBoxPos": 0.15020366598778004,
          "monthlyBoxRangePct": 0.13708382773783764,
          "monthlyBoxState": "box_lower",
          "monthlyBoxWild": false,
          "monthlyBreakoutDownProb": 0.4078678931592675,
          "monthlyBreakoutUpProb": 0.4578422126251124,
          "monthlyRangePos": 0.571391884951207,
          "monthlyRangeProb": 0.6047634703158342,
          "monthlyRangeWidth": 0.23902768399729912,
          "monthlyRegimeAligned": null,
          "weeklyBreakoutDownProb": 0.7126664737468248,
          "weeklyBreakoutUpProb": 0.40647599755634867,
          "weeklyRangeProb": 0.49830280230685353,
          "weeklyRegimeAligned": null
        },
        "frameState": "BEARISH",
        "revRisk": 0.7126664737468248,
        "ticker": "1001",
        "upProb": 0.4578422126251124
      }
    ],
    "sell": [
      {
        "frameSignals": {
          "effectiveRevRisk": 0.7926674408021649,
          "effectiveUpProb": 0.7926674408021649,
          "frameState": "BEARISH",
          "monthlyBoxMonths": 11.0,
          "monthlyBoxPos": 0.4567307692307692,
          "monthlyBoxRangePct": 0.18823529411764706,
          "monthlyBoxState": "box_mid",
          "monthlyBoxWild": false,
          "monthlyBreakoutDownProb": 0.4600911821951426,
          "monthlyBreakoutUpProb": 0.5058604129643733,
          "monthlyRangePos": 0.5653846153846154,
          "monthlyRangeProb": 0.6682021663704831,
          "monthlyRangeWidth": 0.19801980198019803,
          "monthlyRegimeAligned": null,
          "weeklyBreakoutDownProb": 0.7926674408021649,
          "weeklyBreakoutUpProb": 0.4224718625708725,
          "weeklyRangeProb": 0.4185026155676792,
          "weeklyRegimeAligned": null
        },
        "frameState": "BEARISH",
        "revRisk": 0.7926674408021649,
        "ticker": "1308",
        "upProb": 0.7926674408021649
      },
      {
        "frameSignals": {
          "effectiveRevRisk": 0.792046388525788,
          "effectiveUpProb": 0.792046388525788,
          "frameState": "BEARISH",
          "monthlyBoxMonths": 11.0,
          "monthlyBoxPos": 0.4597156398104265,
          "monthlyBoxRangePct": 0.18889883616830797,
          "monthlyBoxState": "box_mid",
          "monthlyBoxWild": false,
          "monthlyBreakoutDownProb": 0.45965948712467114,
          "monthlyBreakoutUpProb": 0.506237433892732,
          "monthlyRangePos": 0.5665399239543726,
          "monthlyRangeProb": 0.6673611429240409,
          "monthlyRangeWidth": 0.1980421686746988,
          "monthlyRegimeAligned": null,
          "weeklyBreakoutDownProb": 0.792046388525788,
          "weeklyBreakoutUpProb": 0.4220716198125837,
          "weeklyRangeProb": 0.41891283947114505,
          "weeklyRegimeAligned": null
        },
        "frameState": "BEARISH",
        "revRisk": 0.792046388525788,
        "ticker": "1306",
        "upProb": 0.792046388525788
      },
      {
        "frameSignals": {
          "effectiveRevRisk": 0.7126664737468248,
          "effectiveUpProb": 0.7126664737468248,
          "frameState": "BEARISH",
          "monthlyBoxMonths": 6.0,
          "monthlyBoxPos": 0.15020366598778004,
          "monthlyBoxRangePct": 0.13708382773783764,
          "monthlyBoxState": "box_lower",
          "monthlyBoxWild": false,
          "monthlyBreakoutDownProb": 0.4078678931592675,
          "monthlyBreakoutUpProb": 0.4578422126251124,
          "monthlyRangePos": 0.571391884951207,
          "monthlyRangeProb": 0.6047634703158342,
          "monthlyRangeWidth": 0.23902768399729912,
          "monthlyRegimeAligned": null,
          "weeklyBreakoutDownProb": 0.7126664737468248,
          "weeklyBreakoutUpProb": 0.40647599755634867,
          "weeklyRangeProb": 0.49830280230685353,
          "weeklyRegimeAligned": null
        },
        "frameState": "BEARISH",
        "revRisk": 0.7126664737468248,
        "ticker": "1001",
        "upProb": 0.7126664737468248
      }
    ]
  },
  "stage": {
    "goal20Reached": false,
    "goal30Reached": false,
    "stage2Active": false
  }
}