{
  "asOf": "2025-12-30",
  "cash": 8635172.529846,
  "cum_pnl": 635172.529846,
  "cum_return_pct": 6.351725,
  "daily_pnl": 0.0,
  "equity": 10635172.529846,
  "game_over": false,
  "goal20_reached": false,
  "goal30_reached": false,
  "holdings_count": 1,
  "max_drawdown_pct": -7.802354,
  "season_id": "tradex_demo_202512_v6a"
}