{
  "asOf": "2025-07-28",
  "cash": 8792389.639531,
  "cum_pnl": 10871885.66473,
  "cum_return_pct": 108.718857,
  "daily_pnl": -82464.773522,
  "equity": 20871885.66473,
  "game_over": false,
  "goal20_reached": true,
  "goal30_reached": true,
  "holdings_count": 2,
  "max_drawdown_pct": -6.512792,
  "season_id": "tradex_bt3y_v8_fast_baseline_20260217"
}