{
  "actions": [],
  "asOf": "2003-04-17",
  "checks": {
    "exposureOk": true,
    "lossLimitOk": true,
    "maxHoldingsOk": true,
    "noFutureLeakOk": true,
    "unitRuleOk": true
  },
  "mode": "BACKTEST",
  "policyVersion": "toredex.v8",
  "seasonId": "toredex_multiframe_20260318",
  "signals": {
    "buy": [
      {
        "frameSignals": {
          "effectiveRevRisk": 0.7576236900208354,
          "effectiveUpProb": 0.40604938271604946,
          "frameState": "BEARISH",
          "monthlyBoxMonths": 8.0,
          "monthlyBoxPos": 0.04,
          "monthlyBoxRangePct": 0.18867924528301888,
          "monthlyBoxState": "box_lower",
          "monthlyBoxWild": false,
          "monthlyBreakoutDownProb": 0.5459809654856095,
          "monthlyBreakoutUpProb": 0.20031533081068686,
          "monthlyRangePos": 0.006191950464396285,
          "monthlyRangeProb": 0.2385094495001616,
          "monthlyRangeWidth": 0.2878787878787879,
          "monthlyRegimeAligned": null,
          "weeklyBreakoutDownProb": 0.7576236900208354,
          "weeklyBreakoutUpProb": 0.40604938271604946,
          "weeklyRangeProb": 0.47357931399073305,
          "weeklyRegimeAligned": null
        },
        "frameState": "BEARISH",
        "revRisk": 0.7576236900208354,
        "ticker": "1306",
        "upProb": 0.40604938271604946
      },
      {
        "frameSignals": {
          "effectiveRevRisk": 0.7429563492063491,
          "effectiveUpProb": 0.4124007936507937,
          "frameState": "BEARISH",
          "monthlyBoxMonths": 8.0,
          "monthlyBoxPos": 0.059602649006622516,
          "monthlyBoxRangePct": 0.19138149556400508,
          "monthlyBoxState": "box_lower",
          "monthlyBoxWild": false,
          "monthlyBreakoutDownProb": 0.5360312440099674,
          "monthlyBreakoutUpProb": 0.1923375503162737,
          "monthlyRangePos": 0.009009009009009009,
          "monthlyRangeProb": 0.22988786658999424,
          "monthlyRangeWidth": 0.29521276595744683,
          "monthlyRegimeAligned": null,
          "weeklyBreakoutDownProb": 0.7429563492063491,
          "weeklyBreakoutUpProb": 0.4124007936507937,
          "weeklyRangeProb": 0.49533730158730155,
          "weeklyRegimeAligned": null
        },
        "frameState": "BEARISH",
        "revRisk": 0.7429563492063491,
        "ticker": "1308",
        "upProb": 0.4124007936507937
      },
      {
        "frameSignals": {
          "effectiveRevRisk": 0.8013546613346663,
          "effectiveUpProb": 0.3891149695544704,
          "frameState": "BEARISH",
          "monthlyBoxMonths": 7.0,
          "monthlyBoxPos": 0.0,
          "monthlyBoxRangePct": 0.1876997826364915,
          "monthlyBoxState": "box_lower",
          "monthlyBoxWild": false,
          "monthlyBreakoutDownProb": 0.7862945308580029,
          "monthlyBreakoutUpProb": 0.15610010673769922,
          "monthlyRangePos": 0.0,
          "monthlyRangeProb": 0.08977547167208177,
          "monthlyRangeWidth": 0.3222817308509734,
          "monthlyRegimeAligned": null,
          "weeklyBreakoutDownProb": 0.8013546613346663,
          "weeklyBreakoutUpProb": 0.3891149695544704,
          "weeklyRangeProb": 0.34364220107329224,
          "weeklyRegimeAligned": null
        },
        "frameState": "BEARISH",
        "revRisk": 0.8013546613346663,
        "ticker": "1001",
        "upProb": 0.3891149695544704
      }
    ],
    "sell": [
      {
        "frameSignals": {
          "effectiveRevRisk": 0.8013546613346663,
          "effectiveUpProb": 0.8013546613346663,
          "frameState": "BEARISH",
          "monthlyBoxMonths": 7.0,
          "monthlyBoxPos": 0.0,
          "monthlyBoxRangePct": 0.1876997826364915,
          "monthlyBoxState": "box_lower",
          "monthlyBoxWild": false,
          "monthlyBreakoutDownProb": 0.7862945308580029,
          "monthlyBreakoutUpProb": 0.15610010673769922,
          "monthlyRangePos": 0.0,
          "monthlyRangeProb": 0.08977547167208177,
          "monthlyRangeWidth": 0.3222817308509734,
          "monthlyRegimeAligned": null,
          "weeklyBreakoutDownProb": 0.8013546613346663,
          "weeklyBreakoutUpProb": 0.3891149695544704,
          "weeklyRangeProb": 0.34364220107329224,
          "weeklyRegimeAligned": null
        },
        "frameState": "BEARISH",
        "revRisk": 0.8013546613346663,
        "ticker": "1001",
        "upProb": 0.8013546613346663
      },
      {
        "frameSignals": {
          "effectiveRevRisk": 0.7576236900208354,
          "effectiveUpProb": 0.7576236900208354,
          "frameState": "BEARISH",
          "monthlyBoxMonths": 8.0,
          "monthlyBoxPos": 0.04,
          "monthlyBoxRangePct": 0.18867924528301888,
          "monthlyBoxState": "box_lower",
          "monthlyBoxWild": false,
          "monthlyBreakoutDownProb": 0.5459809654856095,
          "monthlyBreakoutUpProb": 0.20031533081068686,
          "monthlyRangePos": 0.006191950464396285,
          "monthlyRangeProb": 0.2385094495001616,
          "monthlyRangeWidth": 0.2878787878787879,
          "monthlyRegimeAligned": null,
          "weeklyBreakoutDownProb": 0.7576236900208354,
          "weeklyBreakoutUpProb": 0.40604938271604946,
          "weeklyRangeProb": 0.47357931399073305,
          "weeklyRegimeAligned": null
        },
        "frameState": "BEARISH",
        "revRisk": 0.7576236900208354,
        "ticker": "1306",
        "upProb": 0.7576236900208354
      },
      {
        "frameSignals": {
          "effectiveRevRisk": 0.7429563492063491,
          "effectiveUpProb": 0.7429563492063491,
          "frameState": "BEARISH",
          "monthlyBoxMonths": 8.0,
          "monthlyBoxPos": 0.059602649006622516,
          "monthlyBoxRangePct": 0.19138149556400508,
          "monthlyBoxState": "box_lower",
          "monthlyBoxWild": false,
          "monthlyBreakoutDownProb": 0.5360312440099674,
          "monthlyBreakoutUpProb": 0.1923375503162737,
          "monthlyRangePos": 0.009009009009009009,
          "monthlyRangeProb": 0.22988786658999424,
          "monthlyRangeWidth": 0.29521276595744683,
          "monthlyRegimeAligned": null,
          "weeklyBreakoutDownProb": 0.7429563492063491,
          "weeklyBreakoutUpProb": 0.4124007936507937,
          "weeklyRangeProb": 0.49533730158730155,
          "weeklyRegimeAligned": null
        },
        "frameState": "BEARISH",
        "revRisk": 0.7429563492063491,
        "ticker": "1308",
        "upProb": 0.7429563492063491
      }
    ]
  },
  "stage": {
    "goal20Reached": false,
    "goal30Reached": false,
    "stage2Active": false
  }
}