{
  "actions": [],
  "asOf": "2008-03-12",
  "checks": {
    "exposureOk": true,
    "lossLimitOk": true,
    "maxHoldingsOk": true,
    "noFutureLeakOk": true,
    "unitRuleOk": true
  },
  "mode": "BACKTEST",
  "policyVersion": "toredex.v8",
  "seasonId": "toredex_multiframe_20260318",
  "signals": {
    "buy": [
      {
        "frameSignals": {
          "effectiveRevRisk": 0.8947391952309984,
          "effectiveUpProb": 0.31234567901234567,
          "frameState": "BEARISH",
          "monthlyBoxMonths": 3.0,
          "monthlyBoxPos": 0.0,
          "monthlyBoxRangePct": 0.1396078431372549,
          "monthlyBoxState": "box_lower",
          "monthlyBoxWild": false,
          "monthlyBreakoutDownProb": 0.8947391952309984,
          "monthlyBreakoutUpProb": 0.2390123456790124,
          "monthlyRangePos": 0.0,
          "monthlyRangeProb": 0.032841714043899906,
          "monthlyRangeWidth": 0.2544444444444444,
          "monthlyRegimeAligned": null,
          "weeklyBreakoutDownProb": 0.82727969348659,
          "weeklyBreakoutUpProb": 0.31234567901234567,
          "weeklyRangeProb": 0.2158790974882929,
          "weeklyRegimeAligned": null
        },
        "frameState": "BEARISH",
        "revRisk": 0.8947391952309984,
        "ticker": "1306",
        "upProb": 0.31234567901234567
      },
      {
        "frameSignals": {
          "effectiveRevRisk": 0.9057249626307922,
          "effectiveUpProb": 0.3103930461073318,
          "frameState": "BEARISH",
          "monthlyBoxMonths": 3.0,
          "monthlyBoxPos": 0.0,
          "monthlyBoxRangePct": 0.13733228097868982,
          "monthlyBoxState": "box_lower",
          "monthlyBoxWild": false,
          "monthlyBreakoutDownProb": 0.9057249626307922,
          "monthlyBreakoutUpProb": 0.23882698854843706,
          "monthlyRangePos": 0.0,
          "monthlyRangeProb": 0.01692870218857956,
          "monthlyRangeWidth": 0.2545961002785515,
          "monthlyRegimeAligned": null,
          "weeklyBreakoutDownProb": 0.8223076923076923,
          "weeklyBreakoutUpProb": 0.3103930461073318,
          "weeklyRangeProb": 0.22067429924572776,
          "weeklyRegimeAligned": null
        },
        "frameState": "BEARISH",
        "revRisk": 0.9057249626307922,
        "ticker": "1308",
        "upProb": 0.3103930461073318
      },
      {
        "frameSignals": {
          "effectiveRevRisk": 0.9082357268981753,
          "effectiveUpProb": 0.2739932331522673,
          "frameState": "BEARISH",
          "monthlyBoxMonths": 3.0,
          "monthlyBoxPos": 0.0,
          "monthlyBoxRangePct": 0.1783687116087396,
          "monthlyBoxState": "box_lower",
          "monthlyBoxWild": false,
          "monthlyBreakoutDownProb": 0.9082357268981753,
          "monthlyBreakoutUpProb": 0.24366952132416905,
          "monthlyRangePos": 0.0,
          "monthlyRangeProb": 0.019064889372728433,
          "monthlyRangeWidth": 0.25063402800749807,
          "monthlyRegimeAligned": null,
          "weeklyBreakoutDownProb": 0.7831866021356687,
          "weeklyBreakoutUpProb": 0.2739932331522673,
          "weeklyRangeProb": 0.23354361015497094,
          "weeklyRegimeAligned": null
        },
        "frameState": "BEARISH",
        "revRisk": 0.9082357268981753,
        "ticker": "1001",
        "upProb": 0.2739932331522673
      }
    ],
    "sell": [
      {
        "frameSignals": {
          "effectiveRevRisk": 0.9057249626307922,
          "effectiveUpProb": 0.8223076923076923,
          "frameState": "BEARISH",
          "monthlyBoxMonths": 3.0,
          "monthlyBoxPos": 0.0,
          "monthlyBoxRangePct": 0.13733228097868982,
          "monthlyBoxState": "box_lower",
          "monthlyBoxWild": false,
          "monthlyBreakoutDownProb": 0.9057249626307922,
          "monthlyBreakoutUpProb": 0.23882698854843706,
          "monthlyRangePos": 0.0,
          "monthlyRangeProb": 0.01692870218857956,
          "monthlyRangeWidth": 0.2545961002785515,
          "monthlyRegimeAligned": null,
          "weeklyBreakoutDownProb": 0.8223076923076923,
          "weeklyBreakoutUpProb": 0.3103930461073318,
          "weeklyRangeProb": 0.22067429924572776,
          "weeklyRegimeAligned": null
        },
        "frameState": "BEARISH",
        "revRisk": 0.9057249626307922,
        "ticker": "1308",
        "upProb": 0.8223076923076923
      },
      {
        "frameSignals": {
          "effectiveRevRisk": 0.8947391952309984,
          "effectiveUpProb": 0.82727969348659,
          "frameState": "BEARISH",
          "monthlyBoxMonths": 3.0,
          "monthlyBoxPos": 0.0,
          "monthlyBoxRangePct": 0.1396078431372549,
          "monthlyBoxState": "box_lower",
          "monthlyBoxWild": false,
          "monthlyBreakoutDownProb": 0.8947391952309984,
          "monthlyBreakoutUpProb": 0.2390123456790124,
          "monthlyRangePos": 0.0,
          "monthlyRangeProb": 0.032841714043899906,
          "monthlyRangeWidth": 0.2544444444444444,
          "monthlyRegimeAligned": null,
          "weeklyBreakoutDownProb": 0.82727969348659,
          "weeklyBreakoutUpProb": 0.31234567901234567,
          "weeklyRangeProb": 0.2158790974882929,
          "weeklyRegimeAligned": null
        },
        "frameState": "BEARISH",
        "revRisk": 0.8947391952309984,
        "ticker": "1306",
        "upProb": 0.82727969348659
      },
      {
        "frameSignals": {
          "effectiveRevRisk": 0.9082357268981753,
          "effectiveUpProb": 0.7831866021356687,
          "frameState": "BEARISH",
          "monthlyBoxMonths": 3.0,
          "monthlyBoxPos": 0.0,
          "monthlyBoxRangePct": 0.1783687116087396,
          "monthlyBoxState": "box_lower",
          "monthlyBoxWild": false,
          "monthlyBreakoutDownProb": 0.9082357268981753,
          "monthlyBreakoutUpProb": 0.24366952132416905,
          "monthlyRangePos": 0.0,
          "monthlyRangeProb": 0.019064889372728433,
          "monthlyRangeWidth": 0.25063402800749807,
          "monthlyRegimeAligned": null,
          "weeklyBreakoutDownProb": 0.7831866021356687,
          "weeklyBreakoutUpProb": 0.2739932331522673,
          "weeklyRangeProb": 0.23354361015497094,
          "weeklyRegimeAligned": null
        },
        "frameState": "BEARISH",
        "revRisk": 0.9082357268981753,
        "ticker": "1001",
        "upProb": 0.7831866021356687
      }
    ]
  },
  "stage": {
    "goal20Reached": false,
    "goal30Reached": false,
    "stage2Active": false
  }
}