{
  "actions": [],
  "asOf": "2013-06-28",
  "checks": {
    "exposureOk": true,
    "lossLimitOk": true,
    "maxHoldingsOk": true,
    "noFutureLeakOk": true,
    "unitRuleOk": true
  },
  "mode": "BACKTEST",
  "policyVersion": "toredex.v8",
  "seasonId": "toredex_multiframe_20260318",
  "signals": {
    "buy": [
      {
        "frameSignals": {
          "effectiveRevRisk": 0.3565750330934675,
          "effectiveUpProb": 0.44993764288016763,
          "frameState": "BULLISH",
          "monthlyBoxMonths": 3.0,
          "monthlyBoxPos": 0.8770987239758227,
          "monthlyBoxRangePct": 0.12036213725648695,
          "monthlyBoxState": "box_upper",
          "monthlyBoxWild": true,
          "monthlyBreakoutDownProb": 0.1069334023093301,
          "monthlyBreakoutUpProb": 0.4321318534225924,
          "monthlyRangePos": 0.964569215876089,
          "monthlyRangeProb": 0.13652192727378282,
          "monthlyRangeWidth": 0.37265512265512263,
          "monthlyRegimeAligned": null,
          "weeklyBreakoutDownProb": 0.3565750330934675,
          "weeklyBreakoutUpProb": 0.44993764288016763,
          "weeklyRangeProb": 0.526394880561357,
          "weeklyRegimeAligned": null
        },
        "frameState": "BULLISH",
        "revRisk": 0.3565750330934675,
        "ticker": "1001",
        "upProb": 0.44993764288016763
      },
      {
        "frameSignals": {
          "effectiveRevRisk": 0.3681081819061015,
          "effectiveUpProb": 0.4598764745890283,
          "frameState": "BULLISH",
          "monthlyBoxMonths": 3.0,
          "monthlyBoxPos": 0.7714285714285715,
          "monthlyBoxRangePct": 0.1320754716981132,
          "monthlyBoxState": "box_upper",
          "monthlyBoxWild": true,
          "monthlyBreakoutDownProb": 0.10261599072074239,
          "monthlyBreakoutUpProb": 0.40423586113110954,
          "monthlyRangePos": 0.9308855291576674,
          "monthlyRangeProb": 0.14106531477481804,
          "monthlyRangeWidth": 0.3858333333333333,
          "monthlyRegimeAligned": null,
          "weeklyBreakoutDownProb": 0.3681081819061015,
          "weeklyBreakoutUpProb": 0.4598764745890283,
          "weeklyRangeProb": 0.5406771861551044,
          "weeklyRegimeAligned": null
        },
        "frameState": "BULLISH",
        "revRisk": 0.3681081819061015,
        "ticker": "1306",
        "upProb": 0.4598764745890283
      },
      {
        "frameSignals": {
          "effectiveRevRisk": 0.3731656475106408,
          "effectiveUpProb": 0.45660218001838077,
          "frameState": "BULLISH",
          "monthlyBoxMonths": 3.0,
          "monthlyBoxPos": 0.7593984962406015,
          "monthlyBoxRangePct": 0.12678741658722592,
          "monthlyBoxState": "box_upper",
          "monthlyBoxWild": true,
          "monthlyBreakoutDownProb": 0.10505683049180874,
          "monthlyBreakoutUpProb": 0.40859665350065827,
          "monthlyRangePos": 0.9336283185840708,
          "monthlyRangeProb": 0.1431645084412446,
          "monthlyRangeWidth": 0.38305084745762713,
          "monthlyRegimeAligned": null,
          "weeklyBreakoutDownProb": 0.3731656475106408,
          "weeklyBreakoutUpProb": 0.45660218001838077,
          "weeklyRangeProb": 0.5500626383048637,
          "weeklyRegimeAligned": null
        },
        "frameState": "BULLISH",
        "revRisk": 0.3731656475106408,
        "ticker": "1308",
        "upProb": 0.45660218001838077
      }
    ],
    "sell": [
      {
        "frameSignals": {
          "effectiveRevRisk": 0.3731656475106408,
          "effectiveUpProb": 0.45660218001838077,
          "frameState": "BULLISH",
          "monthlyBoxMonths": 3.0,
          "monthlyBoxPos": 0.7593984962406015,
          "monthlyBoxRangePct": 0.12678741658722592,
          "monthlyBoxState": "box_upper",
          "monthlyBoxWild": true,
          "monthlyBreakoutDownProb": 0.10505683049180874,
          "monthlyBreakoutUpProb": 0.40859665350065827,
          "monthlyRangePos": 0.9336283185840708,
          "monthlyRangeProb": 0.1431645084412446,
          "monthlyRangeWidth": 0.38305084745762713,
          "monthlyRegimeAligned": null,
          "weeklyBreakoutDownProb": 0.3731656475106408,
          "weeklyBreakoutUpProb": 0.45660218001838077,
          "weeklyRangeProb": 0.5500626383048637,
          "weeklyRegimeAligned": null
        },
        "frameState": "BULLISH",
        "revRisk": 0.3731656475106408,
        "ticker": "1308",
        "upProb": 0.45660218001838077
      },
      {
        "frameSignals": {
          "effectiveRevRisk": 0.3681081819061015,
          "effectiveUpProb": 0.4598764745890283,
          "frameState": "BULLISH",
          "monthlyBoxMonths": 3.0,
          "monthlyBoxPos": 0.7714285714285715,
          "monthlyBoxRangePct": 0.1320754716981132,
          "monthlyBoxState": "box_upper",
          "monthlyBoxWild": true,
          "monthlyBreakoutDownProb": 0.10261599072074239,
          "monthlyBreakoutUpProb": 0.40423586113110954,
          "monthlyRangePos": 0.9308855291576674,
          "monthlyRangeProb": 0.14106531477481804,
          "monthlyRangeWidth": 0.3858333333333333,
          "monthlyRegimeAligned": null,
          "weeklyBreakoutDownProb": 0.3681081819061015,
          "weeklyBreakoutUpProb": 0.4598764745890283,
          "weeklyRangeProb": 0.5406771861551044,
          "weeklyRegimeAligned": null
        },
        "frameState": "BULLISH",
        "revRisk": 0.3681081819061015,
        "ticker": "1306",
        "upProb": 0.4598764745890283
      },
      {
        "frameSignals": {
          "effectiveRevRisk": 0.3565750330934675,
          "effectiveUpProb": 0.44993764288016763,
          "frameState": "BULLISH",
          "monthlyBoxMonths": 3.0,
          "monthlyBoxPos": 0.8770987239758227,
          "monthlyBoxRangePct": 0.12036213725648695,
          "monthlyBoxState": "box_upper",
          "monthlyBoxWild": true,
          "monthlyBreakoutDownProb": 0.1069334023093301,
          "monthlyBreakoutUpProb": 0.4321318534225924,
          "monthlyRangePos": 0.964569215876089,
          "monthlyRangeProb": 0.13652192727378282,
          "monthlyRangeWidth": 0.37265512265512263,
          "monthlyRegimeAligned": null,
          "weeklyBreakoutDownProb": 0.3565750330934675,
          "weeklyBreakoutUpProb": 0.44993764288016763,
          "weeklyRangeProb": 0.526394880561357,
          "weeklyRegimeAligned": null
        },
        "frameState": "BULLISH",
        "revRisk": 0.3565750330934675,
        "ticker": "1001",
        "upProb": 0.44993764288016763
      }
    ]
  },
  "stage": {
    "goal20Reached": false,
    "goal30Reached": false,
    "stage2Active": false
  }
}