{
  "asOf": "2024-09-19",
  "cash": 9464890.177844,
  "cum_pnl": 6546422.221833,
  "cum_return_pct": 65.464222,
  "daily_pnl": 81532.043989,
  "equity": 16546422.221833,
  "game_over": false,
  "goal20_reached": true,
  "goal30_reached": true,
  "holdings_count": 2,
  "max_drawdown_pct": -6.512792,
  "season_id": "tradex_bt3y_v8_fast_baseline_20260217"
}