{
  "actions": [],
  "asOf": "2017-12-25",
  "checks": {
    "exposureOk": true,
    "lossLimitOk": true,
    "maxHoldingsOk": true,
    "noFutureLeakOk": true,
    "unitRuleOk": true
  },
  "mode": "BACKTEST",
  "policyVersion": "toredex.v8",
  "seasonId": "toredex_multiframe_20260318",
  "signals": {
    "buy": [
      {
        "frameSignals": {
          "effectiveRevRisk": 0.3998563218390805,
          "effectiveUpProb": 0.793943661971831,
          "frameState": "BULLISH",
          "monthlyBoxMonths": 9.0,
          "monthlyBoxPos": 1.0,
          "monthlyBoxRangePct": 0.19834710743801653,
          "monthlyBoxState": "box_upper",
          "monthlyBoxWild": false,
          "monthlyBreakoutDownProb": 0.3579932586974841,
          "monthlyBreakoutUpProb": 0.793943661971831,
          "monthlyRangePos": 1.0,
          "monthlyRangeProb": 0.3174491392801253,
          "monthlyRangeWidth": 0.1570964247020585,
          "monthlyRegimeAligned": null,
          "weeklyBreakoutDownProb": 0.3998563218390805,
          "weeklyBreakoutUpProb": 0.7671443965517241,
          "weeklyRangeProb": 0.4052083333333334,
          "weeklyRegimeAligned": null
        },
        "frameState": "BULLISH",
        "revRisk": 0.3998563218390805,
        "ticker": "1306",
        "upProb": 0.793943661971831
      },
      {
        "frameSignals": {
          "effectiveRevRisk": 0.398468370491209,
          "effectiveUpProb": 0.7947535596933187,
          "frameState": "BULLISH",
          "monthlyBoxMonths": 9.0,
          "monthlyBoxPos": 1.0,
          "monthlyBoxRangePct": 0.19627966645285438,
          "monthlyBoxState": "box_upper",
          "monthlyBoxWild": false,
          "monthlyBreakoutDownProb": 0.3592369477911647,
          "monthlyBreakoutUpProb": 0.7947535596933187,
          "monthlyRangePos": 1.0,
          "monthlyRangeProb": 0.31776195691858344,
          "monthlyRangeWidth": 0.156078860898138,
          "monthlyRegimeAligned": null,
          "weeklyBreakoutDownProb": 0.398468370491209,
          "weeklyBreakoutUpProb": 0.7656769983686786,
          "weeklyRangeProb": 0.4056643103135762,
          "weeklyRegimeAligned": null
        },
        "frameState": "BULLISH",
        "revRisk": 0.398468370491209,
        "ticker": "1308",
        "upProb": 0.7947535596933187
      },
      {
        "frameSignals": {
          "effectiveRevRisk": 0.3601241168422027,
          "effectiveUpProb": 0.7531147685266678,
          "frameState": "BULLISH",
          "monthlyBoxMonths": 8.0,
          "monthlyBoxPos": 1.0,
          "monthlyBoxRangePct": 0.19760885454735302,
          "monthlyBoxState": "box_upper",
          "monthlyBoxWild": false,
          "monthlyBreakoutDownProb": 0.3448082301629212,
          "monthlyBreakoutUpProb": 0.7531147685266678,
          "monthlyRangePos": 1.0,
          "monthlyRangeProb": 0.36019382346613465,
          "monthlyRangeWidth": 0.16788417532124625,
          "monthlyRegimeAligned": null,
          "weeklyBreakoutDownProb": 0.3601241168422027,
          "weeklyBreakoutUpProb": 0.7327306192208247,
          "weeklyRangeProb": 0.4074146301084379,
          "weeklyRegimeAligned": null
        },
        "frameState": "BULLISH",
        "revRisk": 0.3601241168422027,
        "ticker": "1001",
        "upProb": 0.7531147685266678
      }
    ],
    "sell": [
      {
        "frameSignals": {
          "effectiveRevRisk": 0.398468370491209,
          "effectiveUpProb": 0.7947535596933187,
          "frameState": "BULLISH",
          "monthlyBoxMonths": 9.0,
          "monthlyBoxPos": 1.0,
          "monthlyBoxRangePct": 0.19627966645285438,
          "monthlyBoxState": "box_upper",
          "monthlyBoxWild": false,
          "monthlyBreakoutDownProb": 0.3592369477911647,
          "monthlyBreakoutUpProb": 0.7947535596933187,
          "monthlyRangePos": 1.0,
          "monthlyRangeProb": 0.31776195691858344,
          "monthlyRangeWidth": 0.156078860898138,
          "monthlyRegimeAligned": null,
          "weeklyBreakoutDownProb": 0.398468370491209,
          "weeklyBreakoutUpProb": 0.7656769983686786,
          "weeklyRangeProb": 0.4056643103135762,
          "weeklyRegimeAligned": null
        },
        "frameState": "BULLISH",
        "revRisk": 0.398468370491209,
        "ticker": "1308",
        "upProb": 0.7947535596933187
      },
      {
        "frameSignals": {
          "effectiveRevRisk": 0.3998563218390805,
          "effectiveUpProb": 0.793943661971831,
          "frameState": "BULLISH",
          "monthlyBoxMonths": 9.0,
          "monthlyBoxPos": 1.0,
          "monthlyBoxRangePct": 0.19834710743801653,
          "monthlyBoxState": "box_upper",
          "monthlyBoxWild": false,
          "monthlyBreakoutDownProb": 0.3579932586974841,
          "monthlyBreakoutUpProb": 0.793943661971831,
          "monthlyRangePos": 1.0,
          "monthlyRangeProb": 0.3174491392801253,
          "monthlyRangeWidth": 0.1570964247020585,
          "monthlyRegimeAligned": null,
          "weeklyBreakoutDownProb": 0.3998563218390805,
          "weeklyBreakoutUpProb": 0.7671443965517241,
          "weeklyRangeProb": 0.4052083333333334,
          "weeklyRegimeAligned": null
        },
        "frameState": "BULLISH",
        "revRisk": 0.3998563218390805,
        "ticker": "1306",
        "upProb": 0.793943661971831
      },
      {
        "frameSignals": {
          "effectiveRevRisk": 0.3601241168422027,
          "effectiveUpProb": 0.7531147685266678,
          "frameState": "BULLISH",
          "monthlyBoxMonths": 8.0,
          "monthlyBoxPos": 1.0,
          "monthlyBoxRangePct": 0.19760885454735302,
          "monthlyBoxState": "box_upper",
          "monthlyBoxWild": false,
          "monthlyBreakoutDownProb": 0.3448082301629212,
          "monthlyBreakoutUpProb": 0.7531147685266678,
          "monthlyRangePos": 1.0,
          "monthlyRangeProb": 0.36019382346613465,
          "monthlyRangeWidth": 0.16788417532124625,
          "monthlyRegimeAligned": null,
          "weeklyBreakoutDownProb": 0.3601241168422027,
          "weeklyBreakoutUpProb": 0.7327306192208247,
          "weeklyRangeProb": 0.4074146301084379,
          "weeklyRegimeAligned": null
        },
        "frameState": "BULLISH",
        "revRisk": 0.3601241168422027,
        "ticker": "1001",
        "upProb": 0.7531147685266678
      }
    ]
  },
  "stage": {
    "goal20Reached": false,
    "goal30Reached": false,
    "stage2Active": false
  }
}