{
  "actions": [],
  "asOf": "2021-03-29",
  "checks": {
    "exposureOk": true,
    "lossLimitOk": true,
    "maxHoldingsOk": true,
    "noFutureLeakOk": true,
    "unitRuleOk": true
  },
  "mode": "BACKTEST",
  "policyVersion": "toredex.v8",
  "seasonId": "toredex_multiframe_20260318",
  "signals": {
    "buy": [
      {
        "frameSignals": {
          "effectiveRevRisk": 0.3602296942383773,
          "effectiveUpProb": 0.96660751565762,
          "frameState": "BULLISH",
          "monthlyBoxMonths": 4.0,
          "monthlyBoxPos": 1.0,
          "monthlyBoxRangePct": 0.13252346769740475,
          "monthlyBoxState": "box_upper",
          "monthlyBoxWild": false,
          "monthlyBreakoutDownProb": 0.2565646021804686,
          "monthlyBreakoutUpProb": 0.96660751565762,
          "monthlyRangePos": 1.0,
          "monthlyRangeProb": 0.0,
          "monthlyRangeWidth": 0.24008350730688935,
          "monthlyRegimeAligned": null,
          "weeklyBreakoutDownProb": 0.3602296942383773,
          "weeklyBreakoutUpProb": 0.6534729374816206,
          "weeklyRangeProb": 0.44894467550039185,
          "weeklyRegimeAligned": null
        },
        "frameState": "BULLISH",
        "revRisk": 0.3602296942383773,
        "ticker": "1308",
        "upProb": 0.96660751565762
      },
      {
        "frameSignals": {
          "effectiveRevRisk": 0.3596037347245062,
          "effectiveUpProb": 0.9528519855595667,
          "frameState": "BULLISH",
          "monthlyBoxMonths": 4.0,
          "monthlyBoxPos": 1.0,
          "monthlyBoxRangePct": 0.1294374658656472,
          "monthlyBoxState": "box_upper",
          "monthlyBoxWild": false,
          "monthlyBreakoutDownProb": 0.2562632513896052,
          "monthlyBreakoutUpProb": 0.9528519855595667,
          "monthlyRangePos": 1.0,
          "monthlyRangeProb": 0.0,
          "monthlyRangeWidth": 0.24033006704486848,
          "monthlyRegimeAligned": null,
          "weeklyBreakoutDownProb": 0.3596037347245062,
          "weeklyBreakoutUpProb": 0.6551801422312085,
          "weeklyRangeProb": 0.4472504288762199,
          "weeklyRegimeAligned": null
        },
        "frameState": "BULLISH",
        "revRisk": 0.3596037347245062,
        "ticker": "1306",
        "upProb": 0.9528519855595667
      },
      {
        "frameSignals": {
          "effectiveRevRisk": 0.36994796761130533,
          "effectiveUpProb": 0.7705074915418076,
          "frameState": "BULLISH",
          "monthlyBoxMonths": 4.0,
          "monthlyBoxPos": 0.9874776386404294,
          "monthlyBoxRangePct": 0.10498046875,
          "monthlyBoxState": "box_upper",
          "monthlyBoxWild": false,
          "monthlyBreakoutDownProb": 0.12598180241969514,
          "monthlyBreakoutUpProb": 0.7705074915418076,
          "monthlyRangePos": 1.0,
          "monthlyRangeProb": 0.07673402533238206,
          "monthlyRangeWidth": 0.34692397983843126,
          "monthlyRegimeAligned": null,
          "weeklyBreakoutDownProb": 0.36994796761130533,
          "weeklyBreakoutUpProb": 0.6165221067539617,
          "weeklyRangeProb": 0.47952181389136506,
          "weeklyRegimeAligned": null
        },
        "frameState": "BULLISH",
        "revRisk": 0.36994796761130533,
        "ticker": "1001",
        "upProb": 0.7705074915418076
      }
    ],
    "sell": [
      {
        "frameSignals": {
          "effectiveRevRisk": 0.3596037347245062,
          "effectiveUpProb": 0.9528519855595667,
          "frameState": "BULLISH",
          "monthlyBoxMonths": 4.0,
          "monthlyBoxPos": 1.0,
          "monthlyBoxRangePct": 0.1294374658656472,
          "monthlyBoxState": "box_upper",
          "monthlyBoxWild": false,
          "monthlyBreakoutDownProb": 0.2562632513896052,
          "monthlyBreakoutUpProb": 0.9528519855595667,
          "monthlyRangePos": 1.0,
          "monthlyRangeProb": 0.0,
          "monthlyRangeWidth": 0.24033006704486848,
          "monthlyRegimeAligned": null,
          "weeklyBreakoutDownProb": 0.3596037347245062,
          "weeklyBreakoutUpProb": 0.6551801422312085,
          "weeklyRangeProb": 0.4472504288762199,
          "weeklyRegimeAligned": null
        },
        "frameState": "BULLISH",
        "revRisk": 0.3596037347245062,
        "ticker": "1306",
        "upProb": 0.9528519855595667
      },
      {
        "frameSignals": {
          "effectiveRevRisk": 0.3602296942383773,
          "effectiveUpProb": 0.96660751565762,
          "frameState": "BULLISH",
          "monthlyBoxMonths": 4.0,
          "monthlyBoxPos": 1.0,
          "monthlyBoxRangePct": 0.13252346769740475,
          "monthlyBoxState": "box_upper",
          "monthlyBoxWild": false,
          "monthlyBreakoutDownProb": 0.2565646021804686,
          "monthlyBreakoutUpProb": 0.96660751565762,
          "monthlyRangePos": 1.0,
          "monthlyRangeProb": 0.0,
          "monthlyRangeWidth": 0.24008350730688935,
          "monthlyRegimeAligned": null,
          "weeklyBreakoutDownProb": 0.3602296942383773,
          "weeklyBreakoutUpProb": 0.6534729374816206,
          "weeklyRangeProb": 0.44894467550039185,
          "weeklyRegimeAligned": null
        },
        "frameState": "BULLISH",
        "revRisk": 0.3602296942383773,
        "ticker": "1308",
        "upProb": 0.96660751565762
      },
      {
        "frameSignals": {
          "effectiveRevRisk": 0.36994796761130533,
          "effectiveUpProb": 0.7705074915418076,
          "frameState": "BULLISH",
          "monthlyBoxMonths": 4.0,
          "monthlyBoxPos": 0.9874776386404294,
          "monthlyBoxRangePct": 0.10498046875,
          "monthlyBoxState": "box_upper",
          "monthlyBoxWild": false,
          "monthlyBreakoutDownProb": 0.12598180241969514,
          "monthlyBreakoutUpProb": 0.7705074915418076,
          "monthlyRangePos": 1.0,
          "monthlyRangeProb": 0.07673402533238206,
          "monthlyRangeWidth": 0.34692397983843126,
          "monthlyRegimeAligned": null,
          "weeklyBreakoutDownProb": 0.36994796761130533,
          "weeklyBreakoutUpProb": 0.6165221067539617,
          "weeklyRangeProb": 0.47952181389136506,
          "weeklyRegimeAligned": null
        },
        "frameState": "BULLISH",
        "revRisk": 0.36994796761130533,
        "ticker": "1001",
        "upProb": 0.7705074915418076
      }
    ]
  },
  "stage": {
    "goal20Reached": false,
    "goal30Reached": false,
    "stage2Active": false
  }
}