{
  "asOf": "2024-12-18",
  "cash": 14892738.991925,
  "cum_pnl": 6892738.991925,
  "cum_return_pct": 68.92739,
  "daily_pnl": -8658.008658,
  "equity": 16892738.991925,
  "game_over": false,
  "goal20_reached": true,
  "goal30_reached": true,
  "holdings_count": 1,
  "max_drawdown_pct": -6.512792,
  "season_id": "tradex_bt3y_v8_fast_baseline_20260217"
}