{
  "actions": [],
  "asOf": "2016-10-11",
  "checks": {
    "exposureOk": true,
    "lossLimitOk": true,
    "maxHoldingsOk": true,
    "noFutureLeakOk": true,
    "unitRuleOk": true
  },
  "mode": "BACKTEST",
  "policyVersion": "toredex.v8",
  "seasonId": "toredex_multiframe_20260318",
  "signals": {
    "buy": [
      {
        "frameSignals": {
          "effectiveRevRisk": 0.5202175326417586,
          "effectiveUpProb": 0.7367195970078955,
          "frameState": "BULLISH",
          "monthlyBoxMonths": 9.0,
          "monthlyBoxPos": 0.6822033898305084,
          "monthlyBoxRangePct": 0.13637239165329054,
          "monthlyBoxState": "box_mid",
          "monthlyBoxWild": false,
          "monthlyBreakoutDownProb": 0.5202175326417586,
          "monthlyBreakoutUpProb": 0.4133383380108862,
          "monthlyRangePos": 0.34731543624161076,
          "monthlyRangeProb": 0.587949274391145,
          "monthlyRangeWidth": 0.21127259836937257,
          "monthlyRegimeAligned": null,
          "weeklyBreakoutDownProb": 0.4232322646681042,
          "weeklyBreakoutUpProb": 0.7367195970078955,
          "weeklyRangeProb": 0.5151205859232993,
          "weeklyRegimeAligned": null
        },
        "frameState": "BULLISH",
        "revRisk": 0.5202175326417586,
        "ticker": "1001",
        "upProb": 0.7367195970078955
      },
      {
        "frameSignals": {
          "effectiveRevRisk": 0.5517278181608399,
          "effectiveUpProb": 0.7156553141696158,
          "frameState": "BULLISH",
          "monthlyBoxMonths": 9.0,
          "monthlyBoxPos": 0.46766169154228854,
          "monthlyBoxRangePct": 0.15690866510538642,
          "monthlyBoxState": "box_mid",
          "monthlyBoxWild": false,
          "monthlyBreakoutDownProb": 0.5517278181608399,
          "monthlyBreakoutUpProb": 0.40481423791392634,
          "monthlyRangePos": 0.29012345679012347,
          "monthlyRangeProb": 0.5614976347063574,
          "monthlyRangeWidth": 0.20186915887850468,
          "monthlyRegimeAligned": null,
          "weeklyBreakoutDownProb": 0.43606951535304767,
          "weeklyBreakoutUpProb": 0.7156553141696158,
          "weeklyRangeProb": 0.5441606913559148,
          "weeklyRegimeAligned": null
        },
        "frameState": "BULLISH",
        "revRisk": 0.5517278181608399,
        "ticker": "1308",
        "upProb": 0.7156553141696158
      },
      {
        "frameSignals": {
          "effectiveRevRisk": 0.5532781232351293,
          "effectiveUpProb": 0.7119967674977643,
          "frameState": "BULLISH",
          "monthlyBoxMonths": 9.0,
          "monthlyBoxPos": 0.46534653465346537,
          "monthlyBoxRangePct": 0.155984555984556,
          "monthlyBoxState": "box_mid",
          "monthlyBoxWild": false,
          "monthlyBreakoutDownProb": 0.5532781232351293,
          "monthlyBreakoutUpProb": 0.40511861403267524,
          "monthlyRangePos": 0.2883435582822086,
          "monthlyRangeProb": 0.5613476537285214,
          "monthlyRangeWidth": 0.2011104256631709,
          "monthlyRegimeAligned": null,
          "weeklyBreakoutDownProb": 0.43441056060121264,
          "weeklyBreakoutUpProb": 0.7119967674977643,
          "weeklyRangeProb": 0.5430181233437528,
          "weeklyRegimeAligned": null
        },
        "frameState": "BULLISH",
        "revRisk": 0.5532781232351293,
        "ticker": "1306",
        "upProb": 0.7119967674977643
      }
    ],
    "sell": [
      {
        "frameSignals": {
          "effectiveRevRisk": 0.5532781232351293,
          "effectiveUpProb": 0.7119967674977643,
          "frameState": "BULLISH",
          "monthlyBoxMonths": 9.0,
          "monthlyBoxPos": 0.46534653465346537,
          "monthlyBoxRangePct": 0.155984555984556,
          "monthlyBoxState": "box_mid",
          "monthlyBoxWild": false,
          "monthlyBreakoutDownProb": 0.5532781232351293,
          "monthlyBreakoutUpProb": 0.40511861403267524,
          "monthlyRangePos": 0.2883435582822086,
          "monthlyRangeProb": 0.5613476537285214,
          "monthlyRangeWidth": 0.2011104256631709,
          "monthlyRegimeAligned": null,
          "weeklyBreakoutDownProb": 0.43441056060121264,
          "weeklyBreakoutUpProb": 0.7119967674977643,
          "weeklyRangeProb": 0.5430181233437528,
          "weeklyRegimeAligned": null
        },
        "frameState": "BULLISH",
        "revRisk": 0.5532781232351293,
        "ticker": "1306",
        "upProb": 0.7119967674977643
      },
      {
        "frameSignals": {
          "effectiveRevRisk": 0.5517278181608399,
          "effectiveUpProb": 0.7156553141696158,
          "frameState": "BULLISH",
          "monthlyBoxMonths": 9.0,
          "monthlyBoxPos": 0.46766169154228854,
          "monthlyBoxRangePct": 0.15690866510538642,
          "monthlyBoxState": "box_mid",
          "monthlyBoxWild": false,
          "monthlyBreakoutDownProb": 0.5517278181608399,
          "monthlyBreakoutUpProb": 0.40481423791392634,
          "monthlyRangePos": 0.29012345679012347,
          "monthlyRangeProb": 0.5614976347063574,
          "monthlyRangeWidth": 0.20186915887850468,
          "monthlyRegimeAligned": null,
          "weeklyBreakoutDownProb": 0.43606951535304767,
          "weeklyBreakoutUpProb": 0.7156553141696158,
          "weeklyRangeProb": 0.5441606913559148,
          "weeklyRegimeAligned": null
        },
        "frameState": "BULLISH",
        "revRisk": 0.5517278181608399,
        "ticker": "1308",
        "upProb": 0.7156553141696158
      },
      {
        "frameSignals": {
          "effectiveRevRisk": 0.5202175326417586,
          "effectiveUpProb": 0.7367195970078955,
          "frameState": "BULLISH",
          "monthlyBoxMonths": 9.0,
          "monthlyBoxPos": 0.6822033898305084,
          "monthlyBoxRangePct": 0.13637239165329054,
          "monthlyBoxState": "box_mid",
          "monthlyBoxWild": false,
          "monthlyBreakoutDownProb": 0.5202175326417586,
          "monthlyBreakoutUpProb": 0.4133383380108862,
          "monthlyRangePos": 0.34731543624161076,
          "monthlyRangeProb": 0.587949274391145,
          "monthlyRangeWidth": 0.21127259836937257,
          "monthlyRegimeAligned": null,
          "weeklyBreakoutDownProb": 0.4232322646681042,
          "weeklyBreakoutUpProb": 0.7367195970078955,
          "weeklyRangeProb": 0.5151205859232993,
          "weeklyRegimeAligned": null
        },
        "frameState": "BULLISH",
        "revRisk": 0.5202175326417586,
        "ticker": "1001",
        "upProb": 0.7367195970078955
      }
    ]
  },
  "stage": {
    "goal20Reached": false,
    "goal30Reached": false,
    "stage2Active": false
  }
}