{
  "actions": [],
  "asOf": "2023-04-11",
  "checks": {
    "exposureOk": true,
    "lossLimitOk": true,
    "maxHoldingsOk": true,
    "noFutureLeakOk": true,
    "unitRuleOk": true
  },
  "mode": "BACKTEST",
  "policyVersion": "toredex.v8",
  "seasonId": "toredex_multiframe_20260318",
  "signals": {
    "buy": [
      {
        "frameSignals": {
          "effectiveRevRisk": 0.5479531446330457,
          "effectiveUpProb": 0.7585972805649607,
          "frameState": "BULLISH",
          "monthlyBoxMonths": 14.0,
          "monthlyBoxPos": 0.8822222222222222,
          "monthlyBoxRangePct": 0.11955366631243358,
          "monthlyBoxState": "box_upper",
          "monthlyBoxWild": false,
          "monthlyBreakoutDownProb": 0.45320512370221555,
          "monthlyBreakoutUpProb": 0.7585972805649607,
          "monthlyRangePos": 0.9362745098039216,
          "monthlyRangeProb": 0.5538547183860408,
          "monthlyRangeWidth": 0.09744447098160974,
          "monthlyRegimeAligned": null,
          "weeklyBreakoutDownProb": 0.5479531446330457,
          "weeklyBreakoutUpProb": 0.7147755745395876,
          "weeklyRangeProb": 0.7225172677863776,
          "weeklyRegimeAligned": null
        },
        "frameState": "BULLISH",
        "revRisk": 0.5479531446330457,
        "ticker": "1308",
        "upProb": 0.7585972805649607
      },
      {
        "frameSignals": {
          "effectiveRevRisk": 0.5543596835874064,
          "effectiveUpProb": 0.7567012046929262,
          "frameState": "BULLISH",
          "monthlyBoxMonths": 14.0,
          "monthlyBoxPos": 0.88470066518847,
          "monthlyBoxRangePct": 0.11834164261348727,
          "monthlyBoxState": "box_upper",
          "monthlyBoxWild": false,
          "monthlyBreakoutDownProb": 0.4539301203555768,
          "monthlyBreakoutUpProb": 0.7567012046929262,
          "monthlyRangePos": 0.9325301204819277,
          "monthlyRangeProb": 0.5557837895549478,
          "monthlyRangeWidth": 0.09792354884379424,
          "monthlyRegimeAligned": null,
          "weeklyBreakoutDownProb": 0.5543596835874064,
          "weeklyBreakoutUpProb": 0.7083596835874064,
          "weeklyRangeProb": 0.7353341715123893,
          "weeklyRegimeAligned": null
        },
        "frameState": "BULLISH",
        "revRisk": 0.5543596835874064,
        "ticker": "1306",
        "upProb": 0.7567012046929262
      },
      {
        "frameSignals": {
          "effectiveRevRisk": 0.5660846969857684,
          "effectiveUpProb": 0.7789827278085841,
          "frameState": "BULLISH",
          "monthlyBoxMonths": 14.0,
          "monthlyBoxPos": 0.8597194388777555,
          "monthlyBoxRangePct": 0.09678795872449375,
          "monthlyBoxState": "box_upper",
          "monthlyBoxWild": false,
          "monthlyBreakoutDownProb": 0.48357882808713576,
          "monthlyBreakoutUpProb": 0.7789827278085841,
          "monthlyRangePos": 0.9220055710306406,
          "monthlyRangeProb": 0.593837019671477,
          "monthlyRangeWidth": 0.07667936349720551,
          "monthlyRegimeAligned": null,
          "weeklyBreakoutDownProb": 0.5660846969857684,
          "weeklyBreakoutUpProb": 0.6842665151675865,
          "weeklyRangeProb": 0.7638438980906188,
          "weeklyRegimeAligned": null
        },
        "frameState": "BULLISH",
        "revRisk": 0.5660846969857684,
        "ticker": "1001",
        "upProb": 0.7789827278085841
      }
    ],
    "sell": [
      {
        "frameSignals": {
          "effectiveRevRisk": 0.5660846969857684,
          "effectiveUpProb": 0.7789827278085841,
          "frameState": "BULLISH",
          "monthlyBoxMonths": 14.0,
          "monthlyBoxPos": 0.8597194388777555,
          "monthlyBoxRangePct": 0.09678795872449375,
          "monthlyBoxState": "box_upper",
          "monthlyBoxWild": false,
          "monthlyBreakoutDownProb": 0.48357882808713576,
          "monthlyBreakoutUpProb": 0.7789827278085841,
          "monthlyRangePos": 0.9220055710306406,
          "monthlyRangeProb": 0.593837019671477,
          "monthlyRangeWidth": 0.07667936349720551,
          "monthlyRegimeAligned": null,
          "weeklyBreakoutDownProb": 0.5660846969857684,
          "weeklyBreakoutUpProb": 0.6842665151675865,
          "weeklyRangeProb": 0.7638438980906188,
          "weeklyRegimeAligned": null
        },
        "frameState": "BULLISH",
        "revRisk": 0.5660846969857684,
        "ticker": "1001",
        "upProb": 0.7789827278085841
      },
      {
        "frameSignals": {
          "effectiveRevRisk": 0.5543596835874064,
          "effectiveUpProb": 0.7567012046929262,
          "frameState": "BULLISH",
          "monthlyBoxMonths": 14.0,
          "monthlyBoxPos": 0.88470066518847,
          "monthlyBoxRangePct": 0.11834164261348727,
          "monthlyBoxState": "box_upper",
          "monthlyBoxWild": false,
          "monthlyBreakoutDownProb": 0.4539301203555768,
          "monthlyBreakoutUpProb": 0.7567012046929262,
          "monthlyRangePos": 0.9325301204819277,
          "monthlyRangeProb": 0.5557837895549478,
          "monthlyRangeWidth": 0.09792354884379424,
          "monthlyRegimeAligned": null,
          "weeklyBreakoutDownProb": 0.5543596835874064,
          "weeklyBreakoutUpProb": 0.7083596835874064,
          "weeklyRangeProb": 0.7353341715123893,
          "weeklyRegimeAligned": null
        },
        "frameState": "BULLISH",
        "revRisk": 0.5543596835874064,
        "ticker": "1306",
        "upProb": 0.7567012046929262
      },
      {
        "frameSignals": {
          "effectiveRevRisk": 0.5479531446330457,
          "effectiveUpProb": 0.7585972805649607,
          "frameState": "BULLISH",
          "monthlyBoxMonths": 14.0,
          "monthlyBoxPos": 0.8822222222222222,
          "monthlyBoxRangePct": 0.11955366631243358,
          "monthlyBoxState": "box_upper",
          "monthlyBoxWild": false,
          "monthlyBreakoutDownProb": 0.45320512370221555,
          "monthlyBreakoutUpProb": 0.7585972805649607,
          "monthlyRangePos": 0.9362745098039216,
          "monthlyRangeProb": 0.5538547183860408,
          "monthlyRangeWidth": 0.09744447098160974,
          "monthlyRegimeAligned": null,
          "weeklyBreakoutDownProb": 0.5479531446330457,
          "weeklyBreakoutUpProb": 0.7147755745395876,
          "weeklyRangeProb": 0.7225172677863776,
          "weeklyRegimeAligned": null
        },
        "frameState": "BULLISH",
        "revRisk": 0.5479531446330457,
        "ticker": "1308",
        "upProb": 0.7585972805649607
      }
    ]
  },
  "stage": {
    "goal20Reached": false,
    "goal30Reached": false,
    "stage2Active": false
  }
}